{
  "original_samples": 88721,
  "valid_samples": 88189,
  "filtered_samples": 86479,
  "valid_percentage": 99.40036744400987,
  "filtered_percentage": 97.47297708547018,
  "x_range": [
    395.0889587402344,
    789.9078979492188
  ],
  "y_range": [
    105.62564849853516,
    699.977294921875
  ],
  "x_mean": 560.9727253663383,
  "y_mean": 198.52171063848004,
  "x_std": 70.82493398903617,
  "y_std": 39.38735745092752
}