{
  "original_samples": 115602,
  "valid_samples": 108348,
  "filtered_samples": 106220,
  "valid_percentage": 93.7250220584419,
  "filtered_percentage": 91.88422345634159,
  "x_range": [
    284.4413757324219,
    946.1051635742188
  ],
  "y_range": [
    106.19684600830078,
    670.8312377929688
  ],
  "x_mean": 589.5987860994046,
  "y_mean": 280.82318414053526,
  "x_std": 92.88512871410948,
  "y_std": 81.00821692283493
}