frame_index,frame_time,transformed_gaze_x,transformed_gaze_y
0,0.0,nan,nan
1,0.04,nan,nan
2,0.08,nan,nan
3,0.12,nan,nan
4,0.16,nan,nan
5,0.2,nan,nan
6,0.24,nan,nan
7,0.281,nan,nan
8,0.321,nan,nan
9,0.361,nan,nan
10,0.401,nan,nan
11,0.441,nan,nan
12,0.481,nan,nan
13,0.521,nan,nan
14,0.561,nan,nan
15,0.601,nan,nan
16,0.641,nan,nan
17,0.681,nan,nan
18,0.721,nan,nan
19,0.761,nan,nan
20,0.801,nan,nan
21,0.842,nan,nan
22,0.882,nan,nan
23,0.922,nan,nan
24,0.962,nan,nan
25,1.002,nan,nan
26,1.042,nan,nan
27,1.082,nan,nan
28,1.122,nan,nan
29,1.162,nan,nan
30,1.202,nan,nan
31,1.242,nan,nan
32,1.282,nan,nan
33,1.322,nan,nan
34,1.362,nan,nan
35,1.403,nan,nan
36,1.443,nan,nan
37,1.483,nan,nan
38,1.523,nan,nan
39,1.563,nan,nan
40,1.603,nan,nan
41,1.643,nan,nan
42,1.683,nan,nan
43,1.723,nan,nan
44,1.763,nan,nan
45,1.803,nan,nan
46,1.843,nan,nan
47,1.883,nan,nan
48,1.923,nan,nan
49,1.964,nan,nan
50,2.004,nan,nan
51,2.044,nan,nan
52,2.084,nan,nan
53,2.124,nan,nan
54,2.164,nan,nan
55,2.204,nan,nan
56,2.244,nan,nan
57,2.284,nan,nan
58,2.324,nan,nan
59,2.364,nan,nan
60,2.404,nan,nan
61,2.444,nan,nan
62,2.484,nan,nan
63,2.525,nan,nan
64,2.565,nan,nan
65,2.605,nan,nan
66,2.645,nan,nan
67,2.685,nan,nan
68,2.725,nan,nan
69,2.765,nan,nan
70,2.805,nan,nan
71,2.845,nan,nan
72,2.885,nan,nan
73,2.925,nan,nan
74,2.965,nan,nan
75,3.005,nan,nan
76,3.046,nan,nan
77,3.086,nan,nan
78,3.126,nan,nan
79,3.166,nan,nan
80,3.206,nan,nan
81,3.246,nan,nan
82,3.286,nan,nan
83,3.326,nan,nan
84,3.366,nan,nan
85,3.406,nan,nan
86,3.446,nan,nan
87,3.486,nan,nan
88,3.526,nan,nan
89,3.566,nan,nan
90,3.607,nan,nan
91,3.647,nan,nan
92,3.687,nan,nan
93,3.727,nan,nan
94,3.767,nan,nan
95,3.807,nan,nan
96,3.847,nan,nan
97,3.887,nan,nan
98,3.927,nan,nan
99,3.967,nan,nan
100,4.007,nan,nan
101,4.047,nan,nan
102,4.087,nan,nan
103,4.127,nan,nan
104,4.168,nan,nan
105,4.208,nan,nan
106,4.248,nan,nan
107,4.288,nan,nan
108,4.328,nan,nan
109,4.368,nan,nan
110,4.408,nan,nan
111,4.448,nan,nan
112,4.488,nan,nan
113,4.528,nan,nan
114,4.568,nan,nan
115,4.608,nan,nan
116,4.648,nan,nan
117,4.688,nan,nan
118,4.729,nan,nan
119,4.769,nan,nan
120,4.809,nan,nan
121,4.849,nan,nan
122,4.889,nan,nan
123,4.929,nan,nan
124,4.969,nan,nan
125,5.009,nan,nan
126,5.049,nan,nan
127,5.089,nan,nan
128,5.129,nan,nan
129,5.169,nan,nan
130,5.209,nan,nan
131,5.249,nan,nan
132,5.29,nan,nan
133,5.33,nan,nan
134,5.37,nan,nan
135,5.41,nan,nan
136,5.45,nan,nan
137,5.49,nan,nan
138,5.53,nan,nan
139,5.57,nan,nan
140,5.61,nan,nan
141,5.65,nan,nan
142,5.69,nan,nan
143,5.73,nan,nan
144,5.77,nan,nan
145,5.811,nan,nan
146,5.851,nan,nan
147,5.891,nan,nan
148,5.931,nan,nan
149,5.971,nan,nan
150,6.011,nan,nan
151,6.051,nan,nan
152,6.091,nan,nan
153,6.131,nan,nan
154,6.171,nan,nan
155,6.211,nan,nan
156,6.251,nan,nan
157,6.291,nan,nan
158,6.331,nan,nan
159,6.372,nan,nan
160,6.412,nan,nan
161,6.452,nan,nan
162,6.492,nan,nan
163,6.532,nan,nan
164,6.572,nan,nan
165,6.612,nan,nan
166,6.652,nan,nan
167,6.692,nan,nan
168,6.732,nan,nan
169,6.772,nan,nan
170,6.812,nan,nan
171,6.852,nan,nan
172,6.892,nan,nan
173,6.933,nan,nan
174,6.973,nan,nan
175,7.013,nan,nan
176,7.053,nan,nan
177,7.093,nan,nan
178,7.133,nan,nan
179,7.173,nan,nan
180,7.213,nan,nan
181,7.253,nan,nan
182,7.293,nan,nan
183,7.333,nan,nan
184,7.373,nan,nan
185,7.413,nan,nan
186,7.453,nan,nan
187,7.494,nan,nan
188,7.534,nan,nan
189,7.574,nan,nan
190,7.614,nan,nan
191,7.654,nan,nan
192,7.694,nan,nan
193,7.734,nan,nan
194,7.774,nan,nan
195,7.814,nan,nan
196,7.854,nan,nan
197,7.894,nan,nan
198,7.934,nan,nan
199,7.974,nan,nan
200,8.015,nan,nan
201,8.055,nan,nan
202,8.095,nan,nan
203,8.135,nan,nan
204,8.175,nan,nan
205,8.215,nan,nan
206,8.255,nan,nan
207,8.295,nan,nan
208,8.335,nan,nan
209,8.375,nan,nan
210,8.415,nan,nan
211,8.455,nan,nan
212,8.495,nan,nan
213,8.535,nan,nan
214,8.576,nan,nan
215,8.616,nan,nan
216,8.656,nan,nan
217,8.696,nan,nan
218,8.736,nan,nan
219,8.776,nan,nan
220,8.816,nan,nan
221,8.856,nan,nan
222,8.896,nan,nan
223,8.936,nan,nan
224,8.976,nan,nan
225,9.016,nan,nan
226,9.056,nan,nan
227,9.096,nan,nan
228,9.137,nan,nan
229,9.177,nan,nan
230,9.217,nan,nan
231,9.257,nan,nan
232,9.297,nan,nan
233,9.337,nan,nan
234,9.377,nan,nan
235,9.417,nan,nan
236,9.457,nan,nan
237,9.497,nan,nan
238,9.537,nan,nan
239,9.577,nan,nan
240,9.617,nan,nan
241,9.657,nan,nan
242,9.698,nan,nan
243,9.738,nan,nan
244,9.778,nan,nan
245,9.818,nan,nan
246,9.858,nan,nan
247,9.898,nan,nan
248,9.938,nan,nan
249,9.978,nan,nan
250,10.018,nan,nan
251,10.058,nan,nan
252,10.098,nan,nan
253,10.138,nan,nan
254,10.178,nan,nan
255,10.218,nan,nan
256,10.259,nan,nan
257,10.299,nan,nan
258,10.339,nan,nan
259,10.379,nan,nan
260,10.419,nan,nan
261,10.459,nan,nan
262,10.499,nan,nan
263,10.539,nan,nan
264,10.579,nan,nan
265,10.619,nan,nan
266,10.659,nan,nan
267,10.699,nan,nan
268,10.739,nan,nan
269,10.78,nan,nan
270,10.82,nan,nan
271,10.86,nan,nan
272,10.9,nan,nan
273,10.94,nan,nan
274,10.98,nan,nan
275,11.02,nan,nan
276,11.06,nan,nan
277,11.1,nan,nan
278,11.14,nan,nan
279,11.18,nan,nan
280,11.22,nan,nan
281,11.26,nan,nan
282,11.3,nan,nan
283,11.341,nan,nan
284,11.381,nan,nan
285,11.421,nan,nan
286,11.461,nan,nan
287,11.501,nan,nan
288,11.541,nan,nan
289,11.581,nan,nan
290,11.621,nan,nan
291,11.661,nan,nan
292,11.701,nan,nan
293,11.741,nan,nan
294,11.781,nan,nan
295,11.821,nan,nan
296,11.861,nan,nan
297,11.902,nan,nan
298,11.942,nan,nan
299,11.982,nan,nan
300,12.022,nan,nan
301,12.062,nan,nan
302,12.102,nan,nan
303,12.142,nan,nan
304,12.182,nan,nan
305,12.222,nan,nan
306,12.262,nan,nan
307,12.302,nan,nan
308,12.342,nan,nan
309,12.382,nan,nan
310,12.422,nan,nan
311,12.463,nan,nan
312,12.503,nan,nan
313,12.543,nan,nan
314,12.583,nan,nan
315,12.623,nan,nan
316,12.663,nan,nan
317,12.703,nan,nan
318,12.743,nan,nan
319,12.783,nan,nan
320,12.823,nan,nan
321,12.863,nan,nan
322,12.903,nan,nan
323,12.943,nan,nan
324,12.983,nan,nan
325,13.024,nan,nan
326,13.064,nan,nan
327,13.104,nan,nan
328,13.144,nan,nan
329,13.184,nan,nan
330,13.224,nan,nan
331,13.264,nan,nan
332,13.304,nan,nan
333,13.344,nan,nan
334,13.384,nan,nan
335,13.424,nan,nan
336,13.464,nan,nan
337,13.504,nan,nan
338,13.545,nan,nan
339,13.585,nan,nan
340,13.625,nan,nan
341,13.665,nan,nan
342,13.705,nan,nan
343,13.745,nan,nan
344,13.785,nan,nan
345,13.825,nan,nan
346,13.865,nan,nan
347,13.905,nan,nan
348,13.945,nan,nan
349,13.985,nan,nan
350,14.025,nan,nan
351,14.065,nan,nan
352,14.106,nan,nan
353,14.146,nan,nan
354,14.186,nan,nan
355,14.226,nan,nan
356,14.266,nan,nan
357,14.306,nan,nan
358,14.346,nan,nan
359,14.386,nan,nan
360,14.426,nan,nan
361,14.466,nan,nan
362,14.506,nan,nan
363,14.546,nan,nan
364,14.586,nan,nan
365,14.626,nan,nan
366,14.667,nan,nan
367,14.707,nan,nan
368,14.747,nan,nan
369,14.787,nan,nan
370,14.827,nan,nan
371,14.867,nan,nan
372,14.907,nan,nan
373,14.947,nan,nan
374,14.987,nan,nan
375,15.027,nan,nan
376,15.067,nan,nan
377,15.107,nan,nan
378,15.147,nan,nan
379,15.187,nan,nan
380,15.228,nan,nan
381,15.268,nan,nan
382,15.308,nan,nan
383,15.348,nan,nan
384,15.388,nan,nan
385,15.428,nan,nan
386,15.468,nan,nan
387,15.508,nan,nan
388,15.548,nan,nan
389,15.588,nan,nan
390,15.628,nan,nan
391,15.668,nan,nan
392,15.708,nan,nan
393,15.748,nan,nan
394,15.789,nan,nan
395,15.829,nan,nan
396,15.869,nan,nan
397,15.909,nan,nan
398,15.949,nan,nan
399,15.989,nan,nan
400,16.029,nan,nan
401,16.069,nan,nan
402,16.109,nan,nan
403,16.149,nan,nan
404,16.189,nan,nan
405,16.229,nan,nan
406,16.269,nan,nan
407,16.31,nan,nan
408,16.35,nan,nan
409,16.39,nan,nan
410,16.43,nan,nan
411,16.47,nan,nan
412,16.51,nan,nan
413,16.55,nan,nan
414,16.59,nan,nan
415,16.63,nan,nan
416,16.67,nan,nan
417,16.71,nan,nan
418,16.75,nan,nan
419,16.79,nan,nan
420,16.83,nan,nan
421,16.871,nan,nan
422,16.911,nan,nan
423,16.951,nan,nan
424,16.991,nan,nan
425,17.031,nan,nan
426,17.071,nan,nan
427,17.111,nan,nan
428,17.151,nan,nan
429,17.191,nan,nan
430,17.231,nan,nan
431,17.271,nan,nan
432,17.311,nan,nan
433,17.351,nan,nan
434,17.391,nan,nan
435,17.432,nan,nan
436,17.472,nan,nan
437,17.512,nan,nan
438,17.552,nan,nan
439,17.592,nan,nan
440,17.632,nan,nan
441,17.672,nan,nan
442,17.712,nan,nan
443,17.752,nan,nan
444,17.792,nan,nan
445,17.832,nan,nan
446,17.872,nan,nan
447,17.912,nan,nan
448,17.952,nan,nan
449,17.993,nan,nan
450,18.033,nan,nan
451,18.073,nan,nan
452,18.113,nan,nan
453,18.153,nan,nan
454,18.193,nan,nan
455,18.233,nan,nan
456,18.273,nan,nan
457,18.313,nan,nan
458,18.353,nan,nan
459,18.393,nan,nan
460,18.433,nan,nan
461,18.473,nan,nan
462,18.513,nan,nan
463,18.554,nan,nan
464,18.594,nan,nan
465,18.634,nan,nan
466,18.674,nan,nan
467,18.714,nan,nan
468,18.754,nan,nan
469,18.794,nan,nan
470,18.834,nan,nan
471,18.874,nan,nan
472,18.914,nan,nan
473,18.954,nan,nan
474,18.994,nan,nan
475,19.034,nan,nan
476,19.075,nan,nan
477,19.115,nan,nan
478,19.155,nan,nan
479,19.195,nan,nan
480,19.235,nan,nan
481,19.275,nan,nan
482,19.315,nan,nan
483,19.355,nan,nan
484,19.395,nan,nan
485,19.435,nan,nan
486,19.475,445.0371398925781,218.358154296875
487,19.515,445.731201171875,219.49766540527344
488,19.555,445.28704833984375,223.1903533935547
489,19.595,439.514892578125,228.6272430419922
490,19.636,444.2901306152344,228.1441192626953
491,19.676,443.1277160644531,229.06056213378906
492,19.716,449.3627624511719,228.16648864746094
493,19.756,453.1025695800781,229.42657470703125
494,19.796,486.0104675292969,312.5058898925781
495,19.836,507.9073181152344,369.0129089355469
496,19.876,503.60028076171875,360.5363464355469
497,19.916,494.9779052734375,358.3874206542969
498,19.956,432.84002685546875,394.0603942871094
499,19.996,426.7507629394531,385.69012451171875
500,20.036,417.6877746582031,360.75164794921875
501,20.076,419.144287109375,369.2810974121094
502,20.116,423.3418884277344,414.2419738769531
503,20.156,425.1924133300781,410.4699401855469
504,20.197,472.860107421875,386.3663024902344
505,20.237,450.764404296875,412.33355712890625
506,20.277,454.8125305175781,379.937744140625
507,20.317,455.6202087402344,363.7666320800781
508,20.357,350.8277587890625,415.1686706542969
509,20.397,347.3626708984375,408.95513916015625
510,20.437,350.7640075683594,403.0533752441406
511,20.477,355.49822998046875,399.3783874511719
512,20.517,360.0339050292969,395.80206298828125
513,20.557,328.7119140625,259.60028076171875
514,20.597,325.5950927734375,246.6193389892578
515,20.637,328.5733947753906,248.79229736328125
516,20.677,332.4879455566406,247.71224975585938
517,20.717,336.9073791503906,248.38011169433594
518,20.758,339.2477722167969,247.91014099121094
519,20.798,343.22747802734375,246.1728057861328
520,20.838,378.0466003417969,192.73033142089844
521,20.878,380.8493957519531,190.94821166992188
522,20.918,381.3064270019531,191.84017944335938
523,20.958,380.3900451660156,192.7879180908203
524,20.998,379.5147399902344,191.0119171142578
525,21.038,463.9208068847656,203.7096405029297
526,21.078,462.57025146484375,204.5486297607422
527,21.118,462.56353759765625,204.2176513671875
528,21.158,463.00994873046875,204.0226287841797
529,21.198,433.97509765625,186.02784729003906
530,21.238,424.5939025878906,162.94200134277344
531,21.278,425.1982116699219,173.41360473632812
532,21.319,424.4533996582031,175.70913696289062
533,21.359,424.2868957519531,175.00506591796875
534,21.399,423.9828796386719,173.26327514648438
535,21.439,424.5855712890625,172.37615966796875
536,21.479,425.04119873046875,171.9257354736328
537,21.519,425.6482849121094,170.61776733398438
538,21.559,426.2601318359375,169.62437438964844
539,21.599,425.35888671875,170.00201416015625
540,21.639,423.8453369140625,170.02125549316406
541,21.679,422.7823791503906,169.67791748046875
542,21.719,403.7306213378906,161.06048583984375
543,21.759,403.832763671875,149.8430938720703
544,21.799,403.4063415527344,143.4815216064453
545,21.84,404.3344421386719,138.0728759765625
546,21.88,405.0838928222656,138.83348083496094
547,21.92,405.6994934082031,134.7386932373047
548,21.96,412.9833679199219,160.62123107910156
549,22.0,438.3909912109375,172.81797790527344
550,22.04,438.7160949707031,171.6321563720703
551,22.08,438.86041259765625,170.41354370117188
552,22.12,439.9192810058594,168.91635131835938
553,22.16,423.1483154296875,170.50119018554688
554,22.2,420.22265625,164.4333038330078
555,22.24,418.3879089355469,163.66029357910156
556,22.28,416.7326354980469,164.17349243164062
557,22.32,417.5340576171875,137.52842712402344
558,22.36,408.002685546875,169.52366638183594
559,22.401,391.36407470703125,170.2491455078125
560,22.441,391.32611083984375,170.13136291503906
561,22.481,389.0316162109375,171.0225830078125
562,22.521,391.2991943359375,170.74758911132812
563,22.561,390.99517822265625,169.69644165039062
564,22.601,392.22412109375,168.99310302734375
565,22.641,472.7390441894531,149.49929809570312
566,22.681,488.91046142578125,147.40980529785156
567,22.721,490.6485290527344,145.4798583984375
568,22.761,490.6532897949219,145.9733123779297
569,22.801,489.4303894042969,145.8887176513672
570,22.841,417.6719665527344,171.88720703125
571,22.881,388.8438720703125,174.3009796142578
572,22.921,386.5028381347656,170.9356689453125
573,22.962,386.7224426269531,172.70864868164062
574,23.002,387.6393737792969,173.73016357421875
575,23.042,390.7563171386719,172.79859924316406
576,23.082,436.11669921875,165.9586944580078
577,23.122,435.5000305175781,163.6451416015625
578,23.162,434.9200439453125,162.32057189941406
579,23.202,407.6576232910156,164.94656372070312
580,23.242,406.09136962890625,164.92294311523438
581,23.282,401.4544982910156,148.9389190673828
582,23.322,401.81011962890625,155.974365234375
583,23.362,400.94189453125,163.80462646484375
584,23.402,392.8822326660156,166.35031127929688
585,23.442,390.7489929199219,166.62911987304688
586,23.482,390.7354736328125,165.40994262695312
587,23.523,389.5085754394531,164.8169403076172
588,23.563,389.686279296875,164.4600067138672
589,23.603,389.3688659667969,164.28517150878906
590,23.643,389.22088623046875,164.46693420410156
591,23.683,397.2839660644531,159.989501953125
592,23.723,411.7138977050781,150.58042907714844
593,23.763,410.0873718261719,152.2784423828125
594,23.803,407.3204040527344,154.66384887695312
595,23.843,409.28851318359375,151.29254150390625
596,23.883,410.6418762207031,149.10699462890625
597,23.923,409.13165283203125,151.54966735839844
598,23.963,409.43084716796875,151.09506225585938
599,24.003,411.24969482421875,150.66598510742188
600,24.044,407.5891418457031,149.60606384277344
601,24.084,400.77923583984375,152.46852111816406
602,24.124,401.5273742675781,152.55470275878906
603,24.164,403.3349609375,151.4935302734375
604,24.204,403.2333068847656,150.85446166992188
605,24.244,403.2335205078125,150.78111267089844
606,24.284,403.37945556640625,151.05487060546875
607,24.324,402.93487548828125,150.90110778808594
608,24.364,402.6285705566406,150.38400268554688
609,24.404,403.0751647949219,148.21490478515625
610,24.444,411.8171081542969,146.58065795898438
611,24.484,410.35821533203125,151.55833435058594
612,24.524,412.90771484375,152.97576904296875
613,24.564,411.567626953125,153.10487365722656
614,24.605,411.85968017578125,151.1126708984375
615,24.645,411.8492431640625,151.61595153808594
616,24.685,413.380126953125,150.64202880859375
617,24.725,413.2347106933594,149.78372192382812
618,24.765,426.4593505859375,148.95677185058594
619,24.805,428.6687927246094,148.1575164794922
620,24.845,430.0159912109375,147.62680053710938
621,24.885,431.0899658203125,147.95443725585938
622,24.925,431.85125732421875,147.86642456054688
623,24.965,432.3043212890625,147.17233276367188
624,25.005,431.9964294433594,146.74295043945312
625,25.045,431.7020263671875,145.53123474121094
626,25.085,430.65008544921875,143.00958251953125
627,25.125,429.4346618652344,141.99156188964844
628,25.166,429.12188720703125,140.9386749267578
629,25.206,429.5701599121094,140.41683959960938
630,25.246,426.65185546875,140.515625
631,25.286,418.4104309082031,133.58726501464844
632,25.326,417.3533020019531,133.16293334960938
633,25.366,416.5814208984375,130.56057739257812
634,25.406,416.59161376953125,129.95736694335938
635,25.446,417.1766052246094,129.84954833984375
636,25.486,416.43212890625,128.90931701660156
637,25.526,417.79608154296875,128.55474853515625
638,25.566,418.2347412109375,128.47557067871094
639,25.606,418.84307861328125,128.88670349121094
640,25.646,452.5697021484375,129.9978485107422
641,25.686,456.5849609375,130.82144165039062
642,25.727,457.18218994140625,130.5624542236328
643,25.767,441.9583740234375,136.34808349609375
644,25.807,414.29962158203125,146.27789306640625
645,25.847,414.7589111328125,146.01583862304688
646,25.887,412.94329833984375,145.42828369140625
647,25.927,413.0865478515625,144.4598388671875
648,25.967,413.5357971191406,144.4532470703125
649,26.007,411.12042236328125,178.3916473388672
650,26.047,409.2415771484375,183.36172485351562
651,26.087,408.5981750488281,179.27725219726562
652,26.127,405.5871887207031,187.45272827148438
653,26.167,404.51837158203125,190.16134643554688
654,26.207,382.69989013671875,187.51593017578125
655,26.247,382.0806579589844,189.09568786621094
656,26.288,380.70758056640625,189.98675537109375
657,26.328,380.252197265625,188.86251831054688
658,26.368,380.10198974609375,187.7218780517578
659,26.408,385.5631103515625,187.04339599609375
660,26.448,394.35211181640625,201.4972686767578
661,26.488,400.111328125,197.30526733398438
662,26.528,401.5698547363281,196.24240112304688
663,26.568,403.5203552246094,192.4597625732422
664,26.608,402.6495056152344,192.2694854736328
665,26.648,403.0744323730469,191.8053436279297
666,26.688,402.96368408203125,190.7658233642578
667,26.728,402.502685546875,190.40945434570312
668,26.768,402.8047790527344,189.7020263671875
669,26.809,403.8603210449219,188.5640869140625
670,26.849,405.2259826660156,188.79315185546875
671,26.889,404.3453369140625,188.89224243164062
672,26.929,403.2946472167969,188.39891052246094
673,26.969,405.55877685546875,157.59332275390625
674,27.009,407.79205322265625,147.27220153808594
675,27.049,407.1773986816406,144.98060607910156
676,27.089,407.4974365234375,143.7335968017578
677,27.129,407.79095458984375,143.5545196533203
678,27.169,407.038330078125,143.8216552734375
679,27.209,406.2843322753906,144.6020965576172
680,27.249,405.9651794433594,145.3927764892578
681,27.289,406.25732421875,145.82229614257812
682,27.329,398.924072265625,168.66114807128906
683,27.37,395.5194091796875,182.195556640625
684,27.41,395.37811279296875,181.87030029296875
685,27.45,396.13775634765625,181.06414794921875
686,27.49,396.90106201171875,178.00282287597656
687,27.53,398.5534362792969,237.74188232421875
688,27.57,380.30731201171875,413.5849609375
689,27.61,nan,nan
690,27.65,nan,nan
691,27.69,nan,nan
692,27.73,nan,nan
693,27.77,nan,nan
694,27.81,nan,nan
695,27.85,nan,nan
696,27.89,nan,nan
697,27.931,nan,nan
698,27.971,nan,nan
699,28.011,nan,nan
700,28.051,nan,nan
701,28.091,463.5521545410156,7.040833473205566
702,28.131,472.1737365722656,64.18773651123047
703,28.171,441.3138427734375,124.68148803710938
704,28.211,434.80865478515625,151.58624267578125
705,28.251,438.7797546386719,168.53909301757812
706,28.291,428.8554382324219,184.47935485839844
707,28.331,386.37066650390625,212.97183227539062
708,28.371,386.8164978027344,215.47657775878906
709,28.411,386.9576416015625,216.8234100341797
710,28.451,389.9765625,217.5728302001953
711,28.492,394.3796691894531,216.76942443847656
712,28.532,399.39544677734375,213.02377319335938
713,28.572,377.9823913574219,215.16700744628906
714,28.612,370.1775207519531,216.90945434570312
715,28.652,368.4637756347656,216.90118408203125
716,28.692,367.9246826171875,213.12083435058594
717,28.732,374.0745849609375,206.318359375
718,28.772,379.0038146972656,200.86264038085938
719,28.812,380.93927001953125,198.0394287109375
720,28.852,392.49609375,202.82919311523438
721,28.892,394.6414794921875,203.36962890625
722,28.932,395.5657653808594,203.7916259765625
723,28.972,396.2022705078125,203.4485321044922
724,29.012,395.9002685546875,202.5673370361328
725,29.053,395.6042785644531,201.4267578125
726,29.093,395.4513854980469,200.279541015625
727,29.133,395.45709228515625,198.8634796142578
728,29.173,395.04541015625,172.32872009277344
729,29.213,392.08746337890625,164.55369567871094
730,29.253,392.5550842285156,161.8673858642578
731,29.293,392.5650634765625,159.65843200683594
732,29.333,392.1284484863281,158.68531799316406
733,29.373,393.0475769042969,156.75160217285156
734,29.413,393.9635009765625,155.43783569335938
735,29.453,393.06085205078125,154.82147216796875
736,29.493,393.3709716796875,153.2632293701172
737,29.533,394.72088623046875,151.08140563964844
738,29.574,394.7495422363281,148.80880737304688
739,29.614,394.16583251953125,148.03048706054688
740,29.654,404.5054016113281,177.3186798095703
741,29.694,404.37713623046875,177.3771514892578
742,29.734,405.72650146484375,177.52919006347656
743,29.774,408.14593505859375,177.43588256835938
744,29.814,406.9750671386719,176.3087921142578
745,29.854,406.05084228515625,175.2675018310547
746,29.894,404.8559875488281,170.81686401367188
747,29.934,405.61407470703125,167.74855041503906
748,29.974,406.0703125,165.63101196289062
749,30.014,407.4361877441406,163.8701629638672
750,30.054,408.3578186035156,163.32647705078125
751,30.094,409.7096252441406,163.22157287597656
752,30.135,411.5243835449219,164.1778564453125
753,30.175,412.2903747558594,165.73922729492188
754,30.215,413.1969909667969,165.3841094970703
755,30.255,413.9425354003906,164.7001190185547
756,30.295,415.3208923339844,162.3935546875
757,30.335,416.53997802734375,161.8641357421875
758,30.375,417.4504089355469,161.67584228515625
759,30.415,418.2041015625,161.67193603515625
760,30.455,418.6791687011719,160.54351806640625
761,30.495,419.4199523925781,157.82870483398438
762,30.535,418.9746398925781,157.9988250732422
763,30.575,419.7380065917969,157.03256225585938
764,30.615,420.1882629394531,156.4291229248047
765,30.655,443.0037841796875,150.94349670410156
766,30.696,448.0339660644531,148.16738891601562
767,30.736,448.7978210449219,147.64186096191406
768,30.776,449.9964599609375,145.97731018066406
769,30.816,449.5486145019531,144.94126892089844
770,30.856,448.9366149902344,144.24606323242188
771,30.896,449.07379150390625,143.04010009765625
772,30.936,450.4197082519531,140.6065673828125
773,30.976,451.1748046875,138.16073608398438
774,31.016,449.6739501953125,138.08119201660156
775,31.056,448.0102844238281,140.07080078125
776,31.096,429.3909912109375,175.8815155029297
777,31.136,412.2278137207031,204.16098022460938
778,31.176,399.5129699707031,213.51351928710938
779,31.216,412.8362121582031,205.57565307617188
780,31.257,413.6877746582031,203.3383331298828
781,31.297,386.50006103515625,273.0455017089844
782,31.337,403.814208984375,356.2885437011719
783,31.377,406.3616027832031,351.3653564453125
784,31.417,406.0766906738281,350.4587097167969
785,31.457,406.5373840332031,351.30780029296875
786,31.497,408.743896484375,351.52484130859375
787,31.537,410.5836181640625,349.598388671875
788,31.577,412.72906494140625,347.49395751953125
789,31.617,413.2581481933594,342.2138366699219
790,31.657,413.28314208984375,338.5213623046875
791,31.697,417.75787353515625,329.3942565917969
792,31.737,496.7530822753906,359.9918212890625
793,31.777,491.337646484375,360.61083984375
794,31.818,466.4867248535156,447.7115173339844
795,31.858,nan,nan
796,31.898,nan,nan
797,31.938,nan,nan
798,31.978,nan,nan
799,32.018,nan,nan
800,32.058,nan,nan
801,32.098,nan,nan
802,32.138,nan,nan
803,32.178,nan,nan
804,32.218,nan,nan
805,32.258,nan,nan
806,32.298,452.8910217285156,67.29783630371094
807,32.339,448.9775390625,28.970273971557617
808,32.379,452.1918640136719,116.19821166992188
809,32.419,446.8016662597656,148.20794677734375
810,32.459,447.4278259277344,158.96583557128906
811,32.499,448.0924987792969,155.2829132080078
812,32.539,444.94635009765625,170.8199462890625
813,32.579,444.6419372558594,176.88052368164062
814,32.619,444.2148132324219,186.5441436767578
815,32.659,444.671142578125,188.1451416015625
816,32.699,445.2682800292969,189.126708984375
817,32.739,446.501953125,188.3233184814453
818,32.779,446.0447692871094,188.06092834472656
819,32.819,446.8067626953125,188.48252868652344
820,32.859,447.7090148925781,189.6178741455078
821,32.9,448.48040771484375,191.282958984375
822,32.94,448.7987976074219,192.5072021484375
823,32.98,447.13763427734375,192.10482788085938
824,33.02,445.60052490234375,191.91543579101562
825,33.06,442.71942138671875,190.64694213867188
826,33.1,442.11865234375,190.03363037109375
827,33.14,441.1764221191406,189.943359375
828,33.18,441.3367614746094,189.35357666015625
829,33.22,441.7950744628906,188.18875122070312
830,33.26,441.1692199707031,187.053955078125
831,33.3,441.3371887207031,185.72789001464844
832,33.34,442.0619201660156,184.93836975097656
833,33.38,442.2000732421875,183.28416442871094
834,33.42,441.6190185546875,182.6608428955078
835,33.461,443.26214599609375,179.1563262939453
836,33.501,444.9280090332031,175.8056640625
837,33.541,446.1421813964844,175.5943603515625
838,33.581,446.1770935058594,177.49517822265625
839,33.621,444.3525695800781,178.50167846679688
840,33.661,443.73760986328125,177.6384735107422
841,33.701,445.22955322265625,176.65744018554688
842,33.741,445.69390869140625,176.3791046142578
843,33.781,445.6998596191406,176.75465393066406
844,33.821,456.0487365722656,183.41653442382812
845,33.861,488.2572326660156,200.15969848632812
846,33.901,484.75323486328125,201.3375701904297
847,33.941,486.7644958496094,202.3000946044922
848,33.981,486.6075439453125,202.30162048339844
849,34.022,487.9619140625,201.14132690429688
850,34.062,479.2080993652344,278.9140625
851,34.102,477.2828063964844,250.274658203125
852,34.142,472.7164306640625,260.38671875
853,34.182,474.2193298339844,256.0459289550781
854,34.222,497.9947509765625,163.7196044921875
855,34.262,504.92803955078125,156.36129760742188
856,34.302,502.9501647949219,153.52186584472656
857,34.342,499.6214599609375,151.7349853515625
858,34.382,496.8851318359375,150.52488708496094
859,34.422,497.9019470214844,151.2062225341797
860,34.462,497.9220275878906,150.85821533203125
861,34.502,522.7138061523438,80.97481536865234
862,34.542,511.8858947753906,37.14407730102539
863,34.583,504.4080810546875,65.25322723388672
864,34.623,507.14227294921875,52.64461135864258
865,34.663,509.91558837890625,64.62894439697266
866,34.703,514.7259521484375,123.30597686767578
867,34.743,437.82861328125,173.67587280273438
868,34.783,438.3916320800781,175.37728881835938
869,34.823,438.425048828125,175.2782745361328
870,34.863,440.1903076171875,175.374755859375
871,34.903,441.6990051269531,175.1939697265625
872,34.943,439.64288330078125,174.4267578125
873,34.983,438.5783386230469,171.4887237548828
874,35.023,440.7776794433594,169.1682586669922
875,35.063,441.35858154296875,216.90765380859375
876,35.104,409.3495788574219,223.27413940429688
877,35.144,408.4429016113281,222.9529266357422
878,35.184,408.97186279296875,221.21124267578125
879,35.224,410.3301696777344,221.1060028076172
880,35.264,412.9781494140625,176.59999084472656
881,35.304,410.4091796875,139.8571014404297
882,35.344,404.08636474609375,147.5303955078125
883,35.384,404.76116943359375,148.00433349609375
884,35.424,409.3768615722656,149.37904357910156
885,35.464,412.3172302246094,149.25559997558594
886,35.504,413.8282165527344,148.3750762939453
887,35.544,466.12646484375,125.52035522460938
888,35.584,471.0765686035156,115.56117248535156
889,35.624,471.6028137207031,124.31938171386719
890,35.665,473.46612548828125,111.92037963867188
891,35.705,513.54638671875,116.07405090332031
892,35.745,514.699462890625,110.85395050048828
893,35.785,516.986328125,111.05176544189453
894,35.825,516.3253784179688,107.5870590209961
895,35.865,515.2216796875,108.778076171875
896,35.905,485.89044189453125,86.87980651855469
897,35.945,551.6839599609375,5.2179718017578125
898,35.985,533.4164428710938,39.26947021484375
899,36.025,534.4715576171875,43.16358947753906
900,36.065,527.4729614257812,58.71138381958008
901,36.105,527.4014282226562,74.6009292602539
902,36.145,538.4083862304688,65.9765396118164
903,36.185,481.3288269042969,113.46080780029297
904,36.226,477.15411376953125,119.89653778076172
905,36.266,496.2872314453125,68.11784362792969
906,36.306,485.6855163574219,81.74443054199219
907,36.346,488.39288330078125,82.23701477050781
908,36.386,523.96435546875,71.59759521484375
909,36.426,527.689453125,66.25777435302734
910,36.466,528.7494506835938,63.677833557128906
911,36.506,530.315673828125,59.9487190246582
912,36.546,529.7147216796875,58.68085861206055
913,36.586,530.1220092773438,57.06816482543945
914,36.626,497.50372314453125,125.83539581298828
915,36.666,495.775634765625,131.01548767089844
916,36.706,495.460205078125,131.0235595703125
917,36.746,494.27630615234375,131.21177673339844
918,36.787,493.06182861328125,130.265380859375
919,36.827,490.6345520019531,129.43746948242188
920,36.867,489.4378356933594,129.78765869140625
921,36.907,488.9822692871094,130.90982055664062
922,36.947,487.59552001953125,127.56432342529297
923,36.987,488.191162109375,126.84391784667969
924,37.027,460.9802551269531,128.05255126953125
925,37.067,460.14678955078125,123.55228424072266
926,37.107,459.9780578613281,115.59880828857422
927,37.147,462.7840576171875,119.718505859375
928,37.187,465.50018310546875,115.31184387207031
929,37.227,533.6029052734375,98.21583557128906
930,37.267,527.0496215820312,90.91090393066406
931,37.308,579.3867797851562,62.32423782348633
932,37.348,567.4337158203125,46.43105697631836
933,37.388,570.2869262695312,44.6395378112793
934,37.428,560.8056640625,43.87375259399414
935,37.468,562.337890625,40.350486755371094
936,37.508,592.7368774414062,55.0779914855957
937,37.548,593.4469604492188,58.57880783081055
938,37.588,598.343994140625,49.964717864990234
939,37.628,599.215087890625,9.946762084960938
940,37.668,592.82373046875,7.286576271057129
941,37.708,559.248779296875,43.95501708984375
942,37.748,565.240478515625,36.656490325927734
943,37.788,539.576416015625,63.9761962890625
944,37.828,529.7120361328125,75.6493148803711
945,37.869,527.876708984375,77.04747009277344
946,37.909,525.9247436523438,74.37001037597656
947,37.949,525.5813598632812,80.12632751464844
948,37.989,524.0791625976562,90.39924621582031
949,38.029,522.3330078125,94.45584106445312
950,38.069,533.6585693359375,74.3033218383789
951,38.109,595.864501953125,107.39607238769531
952,38.149,591.9978637695312,113.00333404541016
953,38.189,571.228271484375,121.50630187988281
954,38.229,591.6375732421875,94.55079650878906
955,38.269,588.0314331054688,110.48128509521484
956,38.309,591.4951782226562,88.3428726196289
957,38.349,535.2295532226562,21.126789093017578
958,38.389,576.1359252929688,26.927261352539062
959,38.43,614.29443359375,80.7088851928711
960,38.47,612.7924194335938,79.71572875976562
961,38.51,611.8523559570312,78.34394836425781
962,38.55,558.9004516601562,71.6789779663086
963,38.59,564.423095703125,63.077606201171875
964,38.63,552.55419921875,55.55691146850586
965,38.67,nan,nan
966,38.71,583.0740966796875,5.670543670654297
967,38.75,nan,nan
968,38.79,543.5423583984375,105.40129852294922
969,38.83,542.4534912109375,105.98970031738281
970,38.87,541.7428588867188,109.33914184570312
971,38.91,510.8333435058594,119.09133911132812
972,38.95,445.6258239746094,130.86318969726562
973,38.991,440.1659851074219,133.11888122558594
974,39.031,436.863525390625,132.98411560058594
975,39.071,355.3383483886719,98.51276397705078
976,39.111,368.737548828125,34.322265625
977,39.151,335.6293029785156,131.1920166015625
978,39.191,345.05169677734375,79.98189544677734
979,39.231,348.2742004394531,103.02976989746094
980,39.271,362.7589416503906,123.09688568115234
981,39.311,372.5033874511719,122.78106689453125
982,39.351,376.9526062011719,120.7059326171875
983,39.391,382.2496032714844,113.41548919677734
984,39.431,383.4208679199219,116.83134460449219
985,39.471,334.6883239746094,48.581275939941406
986,39.511,381.8951416015625,6.471004009246826
987,39.552,379.3862609863281,71.16724395751953
988,39.592,nan,nan
989,39.632,436.0189514160156,4.277090549468994
990,39.672,460.7115173339844,45.53608703613281
991,39.712,nan,nan
992,39.752,553.0232543945312,65.57164001464844
993,39.792,525.9020385742188,45.1375732421875
994,39.832,528.1849365234375,47.77789306640625
995,39.872,529.2708740234375,49.52628707885742
996,39.912,533.3433837890625,48.04150390625
997,39.952,570.1334228515625,4.193523406982422
998,39.992,570.080322265625,11.65464973449707
999,40.032,466.81378173828125,4.619819164276123
1000,40.073,470.3221130371094,44.98347854614258
1001,40.113,470.8077392578125,53.36946105957031
1002,40.153,472.0122375488281,55.09028244018555
1003,40.193,nan,nan
1004,40.233,nan,nan
1005,40.273,nan,nan
1006,40.313,nan,nan
1007,40.353,nan,nan
1008,40.393,nan,nan
1009,40.433,391.22113037109375,21.182201385498047
1010,40.473,391.4619445800781,26.362754821777344
1011,40.513,407.3318786621094,81.79642486572266
1012,40.553,412.5674743652344,99.55792999267578
1013,40.593,403.2952880859375,81.86188507080078
1014,40.634,401.0480651855469,77.95628356933594
1015,40.674,398.52984619140625,70.7120590209961
1016,40.714,403.2406921386719,90.70066833496094
1017,40.754,406.98858642578125,95.8004379272461
1018,40.794,410.1209716796875,100.874755859375
1019,40.834,411.9544372558594,100.77751922607422
1020,40.874,411.94915771484375,101.11274719238281
1021,40.914,411.6524963378906,101.4556884765625
1022,40.954,413.1460876464844,102.13906860351562
1023,40.994,412.43011474609375,103.24468994140625
1024,41.034,409.4079895019531,104.90045166015625
1025,41.074,409.38214111328125,105.9292984008789
1026,41.114,407.7153015136719,104.5326919555664
1027,41.154,391.9324645996094,95.05516052246094
1028,41.195,398.29547119140625,98.84730529785156
1029,41.235,402.5516357421875,102.4913330078125
1030,41.275,402.61761474609375,102.6633071899414
1031,41.315,402.9237365722656,100.9437484741211
1032,41.355,402.0428466796875,97.00394439697266
1033,41.395,400.8446044921875,97.00498962402344
1034,41.435,400.6763000488281,98.1103515625
1035,41.475,401.4257507324219,97.43197631835938
1036,41.515,401.8820495605469,95.80486297607422
1037,41.555,404.26165771484375,96.53941345214844
1038,41.595,404.72723388671875,94.69364166259766
1039,41.635,407.2913818359375,94.890625
1040,41.675,409.52880859375,93.93396759033203
1041,41.715,412.2487487792969,93.23091125488281
1042,41.756,414.6624450683594,92.77912902832031
1043,41.796,400.9587097167969,33.482666015625
1044,41.836,418.4991149902344,53.24623489379883
1045,41.876,426.4309997558594,42.18687057495117
1046,41.916,421.3977966308594,106.19828033447266
1047,41.956,421.8681640625,106.44974517822266
1048,41.996,422.48431396484375,106.01248168945312
1049,42.036,423.2176818847656,104.73146057128906
1050,42.076,424.5761413574219,104.02288055419922
1051,42.116,423.8901672363281,100.20367431640625
1052,42.156,420.8536376953125,92.61981964111328
1053,42.196,443.318359375,85.97628021240234
1054,42.236,460.4357604980469,67.78144836425781
1055,42.276,455.09124755859375,88.23759460449219
1056,42.317,430.7677001953125,73.88762664794922
1057,42.357,426.8153076171875,70.9782485961914
1058,42.397,422.0752868652344,86.17716979980469
1059,42.437,424.53192138671875,92.57233428955078
1060,42.477,423.3685302734375,92.62779998779297
1061,42.517,446.1969909667969,56.925994873046875
1062,42.557,432.3744201660156,79.68391418457031
1063,42.597,434.5091857910156,79.33190155029297
1064,42.637,406.4880676269531,83.87091827392578
1065,42.677,400.9462890625,80.6177749633789
1066,42.717,397.545166015625,79.59880065917969
1067,42.757,397.5797119140625,79.24197387695312
1068,42.797,395.9570007324219,78.30206298828125
1069,42.838,394.60137939453125,77.38188171386719
1070,42.878,396.8455810546875,78.7992935180664
1071,42.918,397.1303405761719,79.06121063232422
1072,42.958,429.24896240234375,63.423912048339844
1073,42.998,422.1353759765625,64.69850158691406
1074,43.038,430.9187316894531,58.8077507019043
1075,43.078,430.9997253417969,55.40269470214844
1076,43.118,450.4250793457031,27.904911041259766
1077,43.158,nan,nan
1078,43.198,nan,nan
1079,43.238,419.5450439453125,7.207343101501465
1080,43.278,nan,nan
1081,43.318,486.4387512207031,10.899168014526367
1082,43.358,442.58026123046875,22.657522201538086
1083,43.399,440.00189208984375,45.36085891723633
1084,43.439,nan,nan
1085,43.479,424.7278137207031,57.71059799194336
1086,43.519,403.11907958984375,44.064693450927734
1087,43.559,408.6894226074219,71.83329010009766
1088,43.599,408.5632629394531,71.8211669921875
1089,43.639,408.5489501953125,71.90370178222656
1090,43.679,409.00390625,71.48296356201172
1091,43.719,408.55908203125,71.57660675048828
1092,43.759,427.1087341308594,75.19744873046875
1093,43.799,426.9461975097656,68.32305145263672
1094,43.839,433.2256164550781,65.80675506591797
1095,43.879,431.7538757324219,61.82249069213867
1096,43.919,433.2989196777344,81.06161499023438
1097,43.96,426.1636962890625,53.83138656616211
1098,44.0,405.0426025390625,27.72504997253418
1099,44.04,385.2414245605469,25.630599975585938
1100,44.08,392.9841613769531,32.81647491455078
1101,44.12,412.31951904296875,36.61872482299805
1102,44.16,437.9715576171875,36.90358352661133
1103,44.2,472.37921142578125,40.07466506958008
1104,44.24,488.63751220703125,52.06219482421875
1105,44.28,472.9469909667969,52.570430755615234
1106,44.32,425.34942626953125,58.551055908203125
1107,44.36,412.8146057128906,107.39154052734375
1108,44.4,416.4242858886719,108.99148559570312
1109,44.44,415.25885009765625,108.14319610595703
1110,44.48,414.19476318359375,108.72106170654297
1111,44.521,413.7220153808594,106.86538696289062
1112,44.561,439.1114807128906,102.97103118896484
1113,44.601,408.5193176269531,79.90039825439453
1114,44.641,432.1606140136719,107.12388610839844
1115,44.681,433.9234619140625,98.0960464477539
1116,44.721,432.3897705078125,99.1484375
1117,44.761,437.81915283203125,102.36395263671875
1118,44.801,433.3069152832031,103.57914733886719
1119,44.841,432.40716552734375,105.39793395996094
1120,44.881,433.03363037109375,109.74182891845703
1121,44.921,432.26824951171875,110.77294158935547
1122,44.961,430.7645568847656,112.13744354248047
1123,45.001,429.41790771484375,110.70940399169922
1124,45.041,427.3055725097656,110.28775024414062
1125,45.082,428.88323974609375,107.53943634033203
1126,45.122,447.2883605957031,101.6474838256836
1127,45.162,449.9508361816406,100.67520141601562
1128,45.202,449.5935363769531,97.85149383544922
1129,45.242,428.2274475097656,102.87823486328125
1130,45.282,413.61419677734375,105.71707916259766
1131,45.322,404.585693359375,98.39774322509766
1132,45.362,402.7799987792969,101.85408020019531
1133,45.402,400.5051574707031,107.11367797851562
1134,45.442,399.8950500488281,107.99208068847656
1135,45.482,399.1412658691406,108.17274475097656
1136,45.522,398.5342712402344,106.79045104980469
1137,45.562,405.321533203125,100.41639709472656
1138,45.603,415.4223327636719,93.29792785644531
1139,45.643,417.5188903808594,89.87205505371094
1140,45.683,416.0596008300781,85.9526596069336
1141,45.723,415.8790283203125,83.71957397460938
1142,45.763,439.7465515136719,84.38970184326172
1143,45.803,448.98291015625,82.6032485961914
1144,45.843,450.7855224609375,81.49180603027344
1145,45.883,453.1971130371094,81.77762603759766
1146,45.923,453.05755615234375,81.96807098388672
1147,45.963,453.6568603515625,84.17671203613281
1148,46.003,453.0710754394531,86.22477722167969
1149,46.043,452.9296875,88.20411682128906
1150,46.083,452.03118896484375,89.58106994628906
1151,46.123,452.18798828125,90.09554290771484
1152,46.164,451.7320861816406,89.76507568359375
1153,46.204,451.289306640625,89.16999053955078
1154,46.244,451.7298278808594,88.05830383300781
1155,46.284,451.87322998046875,87.62733459472656
1156,46.324,451.27532958984375,86.8682632446289
1157,46.364,451.267822265625,86.17696380615234
1158,46.404,445.066162109375,95.00244140625
1159,46.444,446.0543518066406,94.68205261230469
1160,46.484,445.7523498535156,92.6353530883789
1161,46.524,446.02960205078125,89.97882843017578
1162,46.564,447.9209899902344,72.18338012695312
1163,46.604,448.0723876953125,74.02800750732422
1164,46.644,439.0743408203125,28.080596923828125
1165,46.684,432.87591552734375,107.91630554199219
1166,46.725,432.9382629394531,102.27713775634766
1167,46.765,431.50323486328125,103.99612426757812
1168,46.805,518.2549438476562,111.88478088378906
1169,46.845,522.049072265625,115.5521469116211
1170,46.885,437.6950378417969,77.39273071289062
1171,46.925,448.5612487792969,85.05732727050781
1172,46.965,447.53363037109375,87.13897705078125
1173,47.005,447.9789733886719,88.55602264404297
1174,47.045,447.5345458984375,87.40872192382812
1175,47.085,465.9873352050781,72.38352966308594
1176,47.125,451.1158752441406,83.06404113769531
1177,47.165,456.4040222167969,74.28981018066406
1178,47.205,458.111083984375,74.37266540527344
1179,47.245,448.5625305175781,72.6905517578125
1180,47.286,443.9207458496094,73.14678192138672
1181,47.326,452.0580139160156,75.55913543701172
1182,47.366,405.4213562011719,98.55418395996094
1183,47.406,432.63671875,92.6703872680664
1184,47.446,434.82891845703125,115.02489471435547
1185,47.486,432.8921203613281,116.41900634765625
1186,47.526,431.95648193359375,117.55796813964844
1187,47.566,446.53216552734375,95.88995361328125
1188,47.606,452.55828857421875,82.39881896972656
1189,47.646,458.146240234375,83.26126098632812
1190,47.686,427.22357177734375,129.1461944580078
1191,47.726,424.13189697265625,133.86151123046875
1192,47.766,423.6882019042969,136.0966339111328
1193,47.806,423.37646484375,136.9907989501953
1194,47.847,423.65972900390625,136.57125854492188
1195,47.887,443.61328125,131.2832794189453
1196,47.927,438.6123352050781,132.09288024902344
1197,47.967,440.88055419921875,130.36769104003906
1198,48.007,441.0365295410156,130.5176544189453
1199,48.047,442.2361145019531,129.48321533203125
1200,48.087,443.27880859375,129.81243896484375
1201,48.127,445.2528381347656,129.36636352539062
1202,48.167,446.6017150878906,129.617431640625
1203,48.207,486.5182800292969,116.93824005126953
1204,48.247,505.4583435058594,118.1680679321289
1205,48.287,505.2041320800781,115.77574920654297
1206,48.327,505.07916259765625,115.50502014160156
1207,48.368,504.0143737792969,115.17744445800781
1208,48.408,498.92596435546875,105.7073745727539
1209,48.448,491.1885986328125,91.90245819091797
1210,48.488,486.7879638671875,84.69769287109375
1211,48.528,492.378173828125,91.74608612060547
1212,48.568,496.0697021484375,103.93370056152344
1213,48.608,505.4742736816406,107.43077087402344
1214,48.648,466.986572265625,114.58101654052734
1215,48.688,451.7622985839844,130.61007690429688
1216,48.728,449.3370056152344,129.97071838378906
1217,48.768,446.94354248046875,133.07882690429688
1218,48.808,448.22955322265625,132.84117126464844
1219,48.848,453.7711181640625,301.64398193359375
1220,48.888,443.6556091308594,317.015869140625
1221,48.929,456.02130126953125,311.1924133300781
1222,48.969,446.8099365234375,317.6258239746094
1223,49.009,388.0368347167969,325.1802978515625
1224,49.049,380.1051940917969,318.841064453125
1225,49.089,386.6172790527344,312.49151611328125
1226,49.129,378.14837646484375,299.1660461425781
1227,49.169,384.87811279296875,298.7439880371094
1228,49.209,375.86260986328125,317.4427795410156
1229,49.249,378.8248291015625,307.9413757324219
1230,49.289,376.5717468261719,308.46624755859375
1231,49.329,384.7859802246094,304.218994140625
1232,49.369,388.3240966796875,305.58563232421875
1233,49.409,378.6397399902344,311.72119140625
1234,49.449,377.4757080078125,312.5759582519531
1235,49.49,375.8651123046875,314.7391052246094
1236,49.53,384.9316101074219,308.4432373046875
1237,49.57,386.513916015625,299.3440246582031
1238,49.61,413.5549621582031,179.39358520507812
1239,49.65,413.81622314453125,156.86680603027344
1240,49.69,412.6068115234375,160.65701293945312
1241,49.73,413.5138854980469,162.83273315429688
1242,49.77,414.714111328125,166.05633544921875
1243,49.81,416.8360900878906,169.44134521484375
1244,49.85,420.29217529296875,176.4247283935547
1245,49.89,428.7660827636719,178.14405822753906
1246,49.93,439.2187805175781,184.67523193359375
1247,49.97,438.7322082519531,201.14651489257812
1248,50.01,438.5863342285156,186.3745880126953
1249,50.051,423.51483154296875,171.45803833007812
1250,50.091,419.91485595703125,163.26486206054688
1251,50.131,429.8995056152344,175.6067657470703
1252,50.171,435.646484375,193.7932586669922
1253,50.211,438.7673034667969,199.67303466796875
1254,50.251,438.7703552246094,201.08555603027344
1255,50.291,444.13079833984375,357.12115478515625
1256,50.331,438.0016174316406,366.2524719238281
1257,50.371,434.2261047363281,361.816162109375
1258,50.411,426.9100646972656,366.154541015625
1259,50.451,427.77099609375,369.3044738769531
1260,50.491,425.9555358886719,535.2072143554688
1261,50.531,nan,nan
1262,50.571,392.10491943359375,588.4392700195312
1263,50.612,393.3839416503906,584.7501831054688
1264,50.652,nan,nan
1265,50.692,nan,nan
1266,50.732,nan,nan
1267,50.772,nan,nan
1268,50.812,nan,nan
1269,50.852,nan,nan
1270,50.892,nan,nan
1271,50.932,nan,nan
1272,50.972,nan,nan
1273,51.012,nan,nan
1274,51.052,nan,nan
1275,51.092,433.3510437011719,73.8511734008789
1276,51.133,419.7328796386719,132.13438415527344
1277,51.173,415.237548828125,153.27813720703125
1278,51.213,420.9313659667969,157.45193481445312
1279,51.253,418.3716125488281,172.42361450195312
1280,51.293,418.7593078613281,181.07444763183594
1281,51.333,419.40814208984375,185.37451171875
1282,51.373,422.5513610839844,187.45895385742188
1283,51.413,427.5946044921875,189.1029510498047
1284,51.453,434.4009704589844,191.74887084960938
1285,51.493,434.1399841308594,188.86273193359375
1286,51.533,432.3448486328125,183.35076904296875
1287,51.573,430.8228454589844,182.32171630859375
1288,51.613,427.4289855957031,180.45420837402344
1289,51.653,408.0620422363281,174.8023681640625
1290,51.694,407.5886535644531,171.9170379638672
1291,51.734,405.30181884765625,170.97686767578125
1292,51.774,407.1134033203125,169.98611450195312
1293,51.814,400.0658874511719,175.69778442382812
1294,51.854,404.9741516113281,174.4797821044922
1295,51.894,407.05682373046875,171.6293182373047
1296,51.934,406.3666076660156,170.53480529785156
1297,51.974,407.5709533691406,169.20225524902344
1298,52.014,408.0265197753906,169.28843688964844
1299,52.054,406.43572998046875,167.28976440429688
1300,52.094,405.920166015625,166.86245727539062
1301,52.134,405.0125732421875,165.47378540039062
1302,52.174,401.337158203125,164.92970275878906
1303,52.214,396.9566345214844,164.74766540527344
1304,52.255,396.0794982910156,164.5751190185547
1305,52.295,395.2884216308594,164.1531982421875
1306,52.335,394.543701171875,164.06143188476562
1307,52.375,394.2237548828125,164.5042266845703
1308,52.415,393.6118469238281,164.41949462890625
1309,52.455,393.7747497558594,164.07376098632812
1310,52.495,393.469482421875,164.42625427246094
1311,52.535,392.8686218261719,163.9916534423828
1312,52.575,392.8672790527344,163.2130889892578
1313,52.615,392.871337890625,163.37416076660156
1314,52.655,392.71710205078125,163.90283203125
1315,52.695,392.84295654296875,165.46759033203125
1316,52.735,394.6766357421875,166.3314971923828
1317,52.775,395.42596435546875,166.50527954101562
1318,52.816,395.8919982910156,166.3261260986328
1319,52.856,401.1058654785156,189.2853546142578
1320,52.896,398.9887390136719,192.79966735839844
1321,52.936,397.9288330078125,194.67523193359375
1322,52.976,398.8320617675781,193.97500610351562
1323,53.016,398.6861572265625,192.12786865234375
1324,53.056,398.3863220214844,190.72079467773438
1325,53.096,406.0345153808594,164.6678466796875
1326,53.136,407.44189453125,161.44264221191406
1327,53.176,407.6004333496094,158.48641967773438
1328,53.216,408.21209716796875,156.275146484375
1329,53.256,408.2193603515625,155.12774658203125
1330,53.296,407.6248779296875,154.08680725097656
1331,53.337,408.066162109375,153.72885131835938
1332,53.377,408.6573791503906,154.08055114746094
1333,53.417,409.28759765625,151.7334442138672
1334,53.457,408.5380859375,152.37161254882812
1335,53.497,407.3856506347656,136.97909545898438
1336,53.537,407.33404541015625,144.77452087402344
1337,53.577,406.62628173828125,128.6171875
1338,53.617,404.6623840332031,125.29254150390625
1339,53.657,395.0622253417969,148.78689575195312
1340,53.697,394.89520263671875,147.9234161376953
1341,53.737,395.5220642089844,147.4884033203125
1342,53.777,396.5570373535156,146.72377014160156
1343,53.817,396.2715148925781,145.91876220703125
1344,53.857,422.4119567871094,160.76138305664062
1345,53.898,425.9527893066406,172.75485229492188
1346,53.938,423.83575439453125,174.12159729003906
1347,53.978,423.5366516113281,176.67796325683594
1348,54.018,422.59112548828125,177.6405487060547
1349,54.058,402.2591857910156,172.97122192382812
1350,54.098,393.29217529296875,169.15579223632812
1351,54.138,393.9049377441406,169.15301513671875
1352,54.178,394.3576354980469,168.79046630859375
1353,54.218,394.2067565917969,169.65921020507812
1354,54.258,394.20855712890625,170.37086486816406
1355,54.298,391.94134521484375,163.30325317382812
1356,54.338,390.5862731933594,163.83163452148438
1357,54.378,393.1216125488281,160.31419372558594
1358,54.418,391.95452880859375,163.54342651367188
1359,54.459,392.40777587890625,164.0832061767578
1360,54.499,392.4113464355469,164.35101318359375
1361,54.539,392.70977783203125,161.25399780273438
1362,54.579,393.4748840332031,159.87109375
1363,54.619,396.9657897949219,157.3693084716797
1364,54.659,407.8921203613281,142.63018798828125
1365,54.699,406.88031005859375,144.60250854492188
1366,54.739,407.3244934082031,144.78353881835938
1367,54.779,406.73260498046875,145.04116821289062
1368,54.819,400.0025939941406,142.86058044433594
1369,54.859,393.6043701171875,140.9845428466797
1370,54.899,391.8031311035156,138.67446899414062
1371,54.939,391.46307373046875,136.48892211914062
1372,54.979,393.4366149902344,134.9113311767578
1373,55.02,393.5987548828125,135.68768310546875
1374,55.06,394.8272705078125,136.96212768554688
1375,55.1,393.73779296875,137.42141723632812
1376,55.14,394.1792907714844,138.1064453125
1377,55.18,395.3876953125,138.61155700683594
1378,55.22,394.9671325683594,139.73272705078125
1379,55.26,392.6976623535156,141.70846557617188
1380,55.3,402.3751220703125,160.3626251220703
1381,55.34,402.2755126953125,163.55270385742188
1382,55.38,402.425537109375,164.14956665039062
1383,55.42,402.88519287109375,164.34776306152344
1384,55.46,403.6414794921875,167.0303192138672
1385,55.5,404.2518615722656,165.99159240722656
1386,55.54,403.6029052734375,165.4945831298828
1387,55.581,403.8101806640625,162.79368591308594
1388,55.621,404.1051940917969,160.75424194335938
1389,55.661,404.71356201171875,158.48985290527344
1390,55.701,405.6367492675781,157.15087890625
1391,55.741,359.01776123046875,200.61602783203125
1392,55.781,375.8618469238281,198.04933166503906
1393,55.821,382.4646911621094,199.94015502929688
1394,55.861,382.6202697753906,201.0958251953125
1395,55.901,384.44464111328125,200.90428161621094
1396,55.941,384.895751953125,200.45254516601562
1397,55.981,385.6712951660156,199.1337890625
1398,56.021,384.91595458984375,198.5310516357422
1399,56.061,385.1984558105469,199.19886779785156
1400,56.102,386.1213684082031,198.83953857421875
1401,56.142,385.8418273925781,199.38047790527344
1402,56.182,386.2955322265625,199.29612731933594
1403,56.222,387.20440673828125,198.84857177734375
1404,56.262,386.47149658203125,197.6248321533203
1405,56.302,385.3981628417969,196.74951171875
1406,56.342,385.08953857421875,196.47930908203125
1407,56.382,393.5549011230469,194.9763946533203
1408,56.422,414.823974609375,165.35073852539062
1409,56.462,406.85400390625,161.43528747558594
1410,56.502,405.18670654296875,155.278564453125
1411,56.542,403.82672119140625,156.97909545898438
1412,56.582,400.65692138671875,156.64913940429688
1413,56.622,399.09161376953125,166.32115173339844
1414,56.663,394.8624267578125,192.6873016357422
1415,56.703,395.6965637207031,193.70968627929688
1416,56.743,396.2653503417969,191.01060485839844
1417,56.783,397.57794189453125,191.57359313964844
1418,56.823,394.4391174316406,192.54000854492188
1419,56.863,384.9556579589844,162.2974853515625
1420,56.903,382.82818603515625,163.1874542236328
1421,56.943,384.5855407714844,163.81411743164062
1422,56.983,385.4751892089844,162.73785400390625
1423,57.023,396.8943786621094,143.74624633789062
1424,57.063,400.3518981933594,142.93357849121094
1425,57.103,404.2760009765625,141.94456481933594
1426,57.143,403.5583801269531,143.240234375
1427,57.183,418.60748291015625,127.81631469726562
1428,57.224,417.4898376464844,133.31863403320312
1429,57.264,417.6361999511719,133.3010711669922
1430,57.304,416.1263427734375,101.80094146728516
1431,57.344,417.769287109375,104.13954162597656
1432,57.384,417.2139892578125,105.01698303222656
1433,57.424,417.0583190917969,105.55001068115234
1434,57.464,419.5502624511719,89.07128143310547
1435,57.504,421.48486328125,69.37712097167969
1436,57.544,406.099609375,154.0157012939453
1437,57.584,404.6133117675781,155.3660430908203
1438,57.624,405.7943420410156,152.97525024414062
1439,57.664,406.2492980957031,150.97317504882812
1440,57.704,405.9605712890625,150.95652770996094
1441,57.744,395.23492431640625,151.97760009765625
1442,57.785,387.7617492675781,153.75613403320312
1443,57.825,387.01043701171875,153.30482482910156
1444,57.865,385.04119873046875,152.81808471679688
1445,57.905,383.5263671875,152.4716796875
1446,57.945,382.76318359375,152.47557067871094
1447,57.985,383.5083923339844,152.28656005859375
1448,58.025,397.6444091796875,177.2552947998047
1449,58.065,403.10845947265625,191.72247314453125
1450,58.105,402.056884765625,192.92745971679688
1451,58.145,401.1278381347656,192.886962890625
1452,58.185,400.9671936035156,192.44497680664062
1453,58.225,400.3701171875,191.49229431152344
1454,58.265,399.45489501953125,191.66055297851562
1455,58.305,399.1340637207031,192.10423278808594
1456,58.346,398.2281494140625,193.6113739013672
1457,58.386,398.6795959472656,193.95980834960938
1458,58.426,396.4184875488281,194.5104217529297
1459,58.466,394.2541809082031,194.5420379638672
1460,58.506,394.7103271484375,193.7467498779297
1461,58.546,395.3063659667969,193.66123962402344
1462,58.586,396.84075927734375,192.48953247070312
1463,58.626,396.3983154296875,192.32574462890625
1464,58.666,432.0254211425781,197.24185180664062
1465,58.706,435.8738708496094,198.3936309814453
1466,58.746,436.487060546875,197.75904846191406
1467,58.786,435.27740478515625,197.67132568359375
1468,58.826,434.9723815917969,197.50611877441406
1469,58.867,434.33544921875,198.3861846923828
1470,58.907,435.5645751953125,198.54815673828125
1471,58.947,435.10430908203125,199.61439514160156
1472,58.987,433.6070861816406,201.83349609375
1473,59.027,434.34149169921875,202.3619842529297
1474,59.067,435.2624816894531,203.05711364746094
1475,59.107,436.6441650390625,205.41903686523438
1476,59.147,437.1180114746094,206.3899383544922
1477,59.187,436.95709228515625,207.02728271484375
1478,59.227,415.8387451171875,174.57327270507812
1479,59.267,416.2257995605469,172.0877685546875
1480,59.307,415.9447937011719,172.99404907226562
1481,59.347,415.77728271484375,174.10183715820312
1482,59.387,414.8697814941406,174.392333984375
1483,59.428,420.0402526855469,176.56732177734375
1484,59.468,417.149169921875,174.7989044189453
1485,59.508,413.53948974609375,171.47738647460938
1486,59.548,410.77960205078125,174.69602966308594
1487,59.588,410.3082275390625,172.69744873046875
1488,59.628,412.5758972167969,174.16433715820312
1489,59.668,413.7872009277344,177.46913146972656
1490,59.708,415.3380432128906,168.12335205078125
1491,59.748,413.0534362792969,166.27088928222656
1492,59.788,412.6035461425781,165.73919677734375
1493,59.828,412.73724365234375,165.150634765625
1494,59.868,414.41912841796875,163.19342041015625
1495,59.908,417.7468566894531,163.3824920654297
1496,59.948,395.7902526855469,152.90744018554688
1497,59.989,390.18316650390625,155.8795623779297
1498,60.029,388.07904052734375,156.61514282226562
1499,60.069,386.36279296875,158.2775421142578
1500,60.109,386.3797912597656,158.65399169921875
1501,60.149,388.6357421875,156.1931915283203
1502,60.189,393.05023193359375,143.0850067138672
1503,60.229,344.39154052734375,83.4478530883789
1504,60.269,359.8800048828125,104.26753234863281
1505,60.309,368.9434509277344,137.20529174804688
1506,60.349,371.64666748046875,135.20193481445312
1507,60.389,373.59063720703125,134.54583740234375
1508,60.429,375.7356872558594,135.55514526367188
1509,60.469,376.49462890625,135.2399444580078
1510,60.509,376.3462219238281,134.1083526611328
1511,60.55,377.8705139160156,134.58322143554688
1512,60.59,379.3724670410156,134.85536193847656
1513,60.63,379.6373596191406,117.75699615478516
1514,60.67,381.0378112792969,133.9390106201172
1515,60.71,379.62286376953125,138.5853271484375
1516,60.75,413.7558288574219,138.45077514648438
1517,60.79,406.1518249511719,152.19029235839844
1518,60.83,404.9729919433594,160.63392639160156
1519,60.87,405.3459167480469,166.90284729003906
1520,60.91,400.0648498535156,185.9454803466797
1521,60.95,394.5008850097656,220.146484375
1522,60.99,397.5318603515625,256.5572204589844
1523,61.03,384.8092346191406,286.66680908203125
1524,61.07,445.342529296875,333.7886657714844
1525,61.111,375.891357421875,348.63897705078125
1526,61.151,376.2759094238281,375.9941711425781
1527,61.191,392.0628967285156,408.37567138671875
1528,61.231,385.84228515625,416.9416198730469
1529,61.271,397.239990234375,428.47552490234375
1530,61.311,396.3014221191406,420.4525146484375
1531,61.351,395.664794921875,422.2008056640625
1532,61.391,394.5671081542969,422.21893310546875
1533,61.431,387.3012390136719,420.25982666015625
1534,61.471,388.241455078125,419.2130126953125
1535,61.511,388.53338623046875,417.8759765625
1536,61.551,388.31536865234375,420.2164306640625
1537,61.591,388.513427734375,431.1072692871094
1538,61.632,389.4305725097656,432.0552978515625
1539,61.672,349.08880615234375,450.6009216308594
1540,61.712,340.5827941894531,428.1222839355469
1541,61.752,347.012939453125,430.8373107910156
1542,61.792,347.0312805175781,429.1067810058594
1543,61.832,362.8420104980469,410.8619079589844
1544,61.872,352.7848815917969,422.06536865234375
1545,61.912,345.4216003417969,417.3620300292969
1546,61.952,346.36102294921875,415.6666564941406
1547,61.992,347.33868408203125,414.9869079589844
1548,62.032,350.1807861328125,412.5246887207031
1549,62.072,350.8449401855469,410.134765625
1550,62.112,353.4023742675781,408.731689453125
1551,62.152,348.2026062011719,409.1509094238281
1552,62.193,344.74285888671875,406.0080871582031
1553,62.233,345.71917724609375,405.34796142578125
1554,62.273,345.4045715332031,404.87799072265625
1555,62.313,342.0677490234375,395.9456787109375
1556,62.353,343.7261962890625,400.9924011230469
1557,62.393,343.4232482910156,399.5026550292969
1558,62.433,344.8062744140625,400.6708068847656
1559,62.473,345.5979919433594,400.1924743652344
1560,62.513,346.0807800292969,400.09539794921875
1561,62.553,346.3857727050781,399.6119384765625
1562,62.593,345.17327880859375,397.6794128417969
1563,62.633,344.711669921875,396.7567443847656
1564,62.673,344.8477478027344,395.9869079589844
1565,62.713,351.3949279785156,386.77667236328125
1566,62.754,349.1357727050781,391.33099365234375
1567,62.794,342.5468444824219,392.2239685058594
1568,62.834,337.2205810546875,396.9763488769531
1569,62.874,333.6703186035156,398.6717529296875
1570,62.914,333.83831787109375,397.8162536621094
1571,62.954,334.94287109375,397.5356750488281
1572,62.994,336.9448547363281,397.4125061035156
1573,63.034,347.1664733886719,198.69464111328125
1574,63.074,346.7232971191406,201.45677185058594
1575,63.114,347.99609375,205.3444366455078
1576,63.154,359.9870910644531,189.12710571289062
1577,63.194,366.7226867675781,189.29058837890625
1578,63.234,363.5145568847656,186.4940948486328
1579,63.274,360.3658752441406,181.6623992919922
1580,63.315,359.9262390136719,167.75181579589844
1581,63.355,355.77532958984375,164.80242919921875
1582,63.395,394.8052062988281,197.4960479736328
1583,63.435,401.87408447265625,202.9529266357422
1584,63.475,400.15545654296875,202.69924926757812
1585,63.515,400.909912109375,201.87452697753906
1586,63.555,401.38037109375,205.0753631591797
1587,63.595,400.55462646484375,207.53915405273438
1588,63.635,413.400634765625,225.28518676757812
1589,63.675,426.3885192871094,238.95053100585938
1590,63.715,430.04901123046875,241.6375732421875
1591,63.755,431.3016052246094,243.582275390625
1592,63.795,431.0194396972656,243.1132049560547
1593,63.835,429.44403076171875,242.5226593017578
1594,63.876,429.2588806152344,243.41873168945312
1595,63.916,424.9924621582031,242.98463439941406
1596,63.956,423.5459289550781,242.4349822998047
1597,63.996,422.68670654296875,229.3955841064453
1598,64.036,424.4380187988281,222.436279296875
1599,64.076,437.2973937988281,248.2693634033203
1600,64.116,443.4237060546875,256.41619873046875
1601,64.156,441.97332763671875,257.8642272949219
1602,64.196,439.6059265136719,257.5895690917969
1603,64.236,426.2014465332031,258.4397277832031
1604,64.276,361.3944396972656,204.363525390625
1605,64.316,361.6278381347656,201.00238037109375
1606,64.356,354.0113525390625,190.8748016357422
1607,64.397,350.4239807128906,188.64080810546875
1608,64.437,359.2869873046875,188.65452575683594
1609,64.477,356.81866455078125,188.03709411621094
1610,64.517,360.58734130859375,192.07623291015625
1611,64.557,363.0167541503906,195.06837463378906
1612,64.597,365.2326965332031,196.69314575195312
1613,64.637,366.3512268066406,197.50465393066406
1614,64.677,372.2410583496094,211.6714324951172
1615,64.717,477.0830078125,247.7717742919922
1616,64.757,439.32977294921875,298.9196472167969
1617,64.797,436.9698181152344,299.14093017578125
1618,64.837,436.0829162597656,296.34100341796875
1619,64.877,436.07269287109375,293.6370849609375
1620,64.917,436.1261291503906,294.36419677734375
1621,64.958,435.9430847167969,294.3829040527344
1622,64.998,434.7126770019531,285.69671630859375
1623,65.038,435.78265380859375,286.7944641113281
1624,65.078,435.9951477050781,284.7470397949219
1625,65.118,437.077392578125,290.1165771484375
1626,65.158,437.3410339355469,289.0614318847656
1627,65.198,437.4797058105469,289.733642578125
1628,65.238,438.6375427246094,290.0839538574219
1629,65.278,439.3434753417969,290.0897521972656
1630,65.318,438.3523254394531,289.0040588378906
1631,65.358,439.1859436035156,288.158935546875
1632,65.398,439.99713134765625,288.239501953125
1633,65.438,437.3591613769531,289.23388671875
1634,65.478,434.0675964355469,288.8021240234375
1635,65.519,432.3716125488281,288.97662353515625
1636,65.559,432.5215759277344,286.03411865234375
1637,65.599,436.4529724121094,284.4740295410156
1638,65.639,451.6364440917969,278.7263488769531
1639,65.679,451.50787353515625,277.2763366699219
1640,65.719,451.04486083984375,276.54949951171875
1641,65.759,448.8078308105469,278.24017333984375
1642,65.799,445.7899169921875,281.2411193847656
1643,65.839,448.0094299316406,281.4605712890625
1644,65.879,424.6745910644531,286.4887390136719
1645,65.919,423.228271484375,289.2515563964844
1646,65.959,423.1448059082031,291.13287353515625
1647,65.999,425.3041076660156,290.0741882324219
1648,66.039,420.2452697753906,283.9266662597656
1649,66.08,436.1756896972656,250.0167236328125
1650,66.12,423.9514465332031,260.10638427734375
1651,66.16,425.40216064453125,258.7820739746094
1652,66.2,427.2287292480469,253.04800415039062
1653,66.24,426.12481689453125,250.45533752441406
1654,66.28,429.7172546386719,256.0732421875
1655,66.32,428.6012268066406,257.6777038574219
1656,66.36,457.1158142089844,245.5095977783203
1657,66.4,455.9194030761719,239.33102416992188
1658,66.44,456.7204284667969,241.50961303710938
1659,66.48,458.0011291503906,244.63291931152344
1660,66.52,456.26287841796875,246.6888427734375
1661,66.56,455.6551513671875,246.70343017578125
1662,66.6,455.5636291503906,245.39918518066406
1663,66.641,455.99505615234375,242.94931030273438
1664,66.681,447.01055908203125,242.423583984375
1665,66.721,422.6585998535156,246.7452850341797
1666,66.761,426.0306091308594,246.45211791992188
1667,66.801,428.07489013671875,246.1275177001953
1668,66.841,428.6687927246094,245.3355255126953
1669,66.881,424.8673095703125,246.17681884765625
1670,66.921,426.3382263183594,241.4453582763672
1671,66.961,426.1250305175781,240.9621124267578
1672,67.001,427.1324462890625,240.38079833984375
1673,67.041,427.36566162109375,239.8651123046875
1674,67.081,433.4731750488281,245.55137634277344
1675,67.121,413.9033508300781,225.2528839111328
1676,67.162,417.2532043457031,232.0212860107422
1677,67.202,412.04278564453125,227.82992553710938
1678,67.242,410.33123779296875,230.77220153808594
1679,67.282,407.9251708984375,228.88037109375
1680,67.322,442.48516845703125,238.72250366210938
1681,67.362,451.64703369140625,235.89219665527344
1682,67.402,451.6632080078125,234.49044799804688
1683,67.442,452.3026123046875,235.16944885253906
1684,67.482,453.1947021484375,234.77049255371094
1685,67.522,424.5852355957031,235.89430236816406
1686,67.562,421.6986083984375,236.6324920654297
1687,67.602,420.9583435058594,237.9319305419922
1688,67.642,420.5653381347656,240.11199951171875
1689,67.682,420.6175231933594,240.7616424560547
1690,67.723,420.6561279296875,243.23008728027344
1691,67.763,422.607177734375,244.45681762695312
1692,67.803,421.7115173339844,241.60250854492188
1693,67.843,420.51904296875,242.869873046875
1694,67.883,421.4955139160156,242.09654235839844
1695,67.923,422.7981262207031,240.89114379882812
1696,67.963,423.7921142578125,238.7272491455078
1697,68.003,421.6676025390625,238.31690979003906
1698,68.043,419.58380126953125,242.18019104003906
1699,68.083,414.81378173828125,231.78125
1700,68.123,418.9878234863281,239.0347442626953
1701,68.163,426.85955810546875,240.4739532470703
1702,68.203,424.4102478027344,243.87559509277344
1703,68.243,423.53912353515625,245.2122802734375
1704,68.284,420.46588134765625,241.66043090820312
1705,68.324,419.3909912109375,240.70956420898438
1706,68.364,416.7956848144531,241.4988555908203
1707,68.404,417.3620910644531,241.92108154296875
1708,68.444,418.7895812988281,243.81613159179688
1709,68.484,420.7066650390625,240.6842041015625
1710,68.524,426.42425537109375,249.12049865722656
1711,68.564,448.355712890625,273.7491760253906
1712,68.604,446.7167053222656,277.204345703125
1713,68.644,443.4676513671875,278.5776062011719
1714,68.684,442.30792236328125,281.5384521484375
1715,68.724,429.9109191894531,278.80615234375
1716,68.764,411.19207763671875,244.80331420898438
1717,68.804,416.9730224609375,238.35195922851562
1718,68.845,425.00921630859375,234.59375
1719,68.885,421.1765441894531,240.33880615234375
1720,68.925,422.0942077636719,240.8694610595703
1721,68.965,420.92041015625,242.3372344970703
1722,69.005,419.4548034667969,246.77163696289062
1723,69.045,418.5761413574219,247.50596618652344
1724,69.085,413.97283935546875,237.43284606933594
1725,69.125,414.90203857421875,238.98358154296875
1726,69.165,419.8975830078125,235.6101837158203
1727,69.205,422.20758056640625,234.2024688720703
1728,69.245,417.49365234375,239.92193603515625
1729,69.285,417.8316955566406,244.15980529785156
1730,69.325,415.5688171386719,242.4305877685547
1731,69.366,413.0764465332031,216.35946655273438
1732,69.406,418.23443603515625,204.2199249267578
1733,69.446,414.6781921386719,206.60055541992188
1734,69.486,413.483642578125,204.6412353515625
1735,69.526,413.336181640625,204.09483337402344
1736,69.566,407.5807189941406,200.65269470214844
1737,69.606,412.0701599121094,197.30055236816406
1738,69.646,412.7966613769531,200.58059692382812
1739,69.686,418.7327575683594,195.9506072998047
1740,69.726,420.09442138671875,195.45887756347656
1741,69.766,417.9232482910156,198.69586181640625
1742,69.806,414.906494140625,205.0043182373047
1743,69.846,412.9807434082031,209.13623046875
1744,69.886,413.282470703125,209.33164978027344
1745,69.927,446.7989501953125,246.30787658691406
1746,69.967,462.6184387207031,234.4153289794922
1747,70.007,463.6849365234375,230.8318328857422
1748,70.047,464.77496337890625,227.0670166015625
1749,70.087,467.6651306152344,228.70034790039062
1750,70.127,435.5574035644531,221.35511779785156
1751,70.167,437.3415222167969,213.7257843017578
1752,70.207,431.3866271972656,218.54083251953125
1753,70.247,427.6167297363281,231.14202880859375
1754,70.287,453.7775573730469,210.59445190429688
1755,70.327,460.2895812988281,192.0882110595703
1756,70.367,450.0140380859375,208.9755859375
1757,70.407,452.5957946777344,199.640380859375
1758,70.447,459.3616027832031,191.65191650390625
1759,70.488,459.9870910644531,185.65435791015625
1760,70.528,460.9208984375,180.784423828125
1761,70.568,458.6383361816406,179.80218505859375
1762,70.608,456.02764892578125,178.8896484375
1763,70.648,454.510009765625,179.25494384765625
1764,70.688,427.527099609375,169.58126831054688
1765,70.728,428.6253967285156,168.23890686035156
1766,70.768,428.0286560058594,168.9614715576172
1767,70.808,428.3293762207031,168.605712890625
1768,70.848,429.0823059082031,168.26089477539062
1769,70.888,428.6406555175781,167.8138885498047
1770,70.928,427.42181396484375,167.9005584716797
1771,70.968,427.5689392089844,168.07827758789062
1772,71.008,427.56622314453125,169.21450805664062
1773,71.049,427.11224365234375,169.917724609375
1774,71.089,425.7266540527344,169.9490203857422
1775,71.129,425.8790283203125,169.94056701660156
1776,71.169,426.48846435546875,169.94024658203125
1777,71.209,427.3321533203125,175.54348754882812
1778,71.249,481.2394714355469,170.21987915039062
1779,71.289,482.3230895996094,171.0627899169922
1780,71.329,483.5382080078125,170.89564514160156
1781,71.369,483.86187744140625,171.5863494873047
1782,71.409,480.2535400390625,171.43026733398438
1783,71.449,479.43621826171875,170.80628967285156
1784,71.489,479.307861328125,170.6426544189453
1785,71.529,479.1361083984375,169.7436981201172
1786,71.569,478.8421630859375,170.1822509765625
1787,71.61,480.0268249511719,172.7987060546875
1788,71.65,479.9284973144531,174.29225158691406
1789,71.69,506.05535888671875,182.47500610351562
1790,71.73,496.82318115234375,181.8802032470703
1791,71.77,500.72845458984375,185.4826202392578
1792,71.81,482.57708740234375,181.6172332763672
1793,71.85,478.59423828125,179.261962890625
1794,71.89,491.0284423828125,183.06307983398438
1795,71.93,497.49420166015625,180.25765991210938
1796,71.97,486.1746520996094,165.0089874267578
1797,72.01,488.4507141113281,164.21775817871094
1798,72.05,492.38116455078125,171.07826232910156
1799,72.09,493.7606506347656,170.633544921875
1800,72.131,492.5476989746094,169.85287475585938
1801,72.171,492.5442810058594,168.62066650390625
1802,72.211,492.677490234375,168.08619689941406
1803,72.251,492.8331298828125,168.07955932617188
1804,72.291,492.5412902832031,168.16966247558594
1805,72.331,492.53948974609375,168.6069793701172
1806,72.371,456.3671875,180.35867309570312
1807,72.411,426.8294677734375,185.88299560546875
1808,72.451,427.1420593261719,186.01303100585938
1809,72.491,427.1419372558594,185.93577575683594
1810,72.531,443.5425720214844,207.41290283203125
1811,72.571,494.3821105957031,193.67098999023438
1812,72.611,494.375732421875,193.36204528808594
1813,72.651,493.2965087890625,193.10252380371094
1814,72.692,489.99334716796875,193.14149475097656
1815,72.732,481.03973388671875,194.598388671875
1816,72.772,477.8081970214844,196.74118041992188
1817,72.812,470.4734802246094,199.764892578125
1818,72.852,481.8090515136719,203.39076232910156
1819,72.892,490.341064453125,197.3346710205078
1820,72.932,493.18353271484375,196.9638214111328
1821,72.972,496.0054016113281,197.6912078857422
1822,73.012,492.27899169921875,197.63113403320312
1823,73.052,493.2572326660156,196.60043334960938
1824,73.092,489.70770263671875,199.7145233154297
1825,73.132,489.6045837402344,200.14288330078125
1826,73.172,491.7696838378906,204.19984436035156
1827,73.212,488.5466003417969,206.7151641845703
1828,73.253,485.15606689453125,207.4136962890625
1829,73.293,487.3219909667969,201.0675048828125
1830,73.333,487.83831787109375,199.1533660888672
1831,73.373,489.5947570800781,203.6781768798828
1832,73.413,489.0448303222656,207.3894500732422
1833,73.453,487.02349853515625,212.03256225585938
1834,73.493,487.3137512207031,209.4841766357422
1835,73.533,489.4244689941406,204.52137756347656
1836,73.573,491.61669921875,201.6477508544922
1837,73.613,490.8144836425781,203.79611206054688
1838,73.653,490.3058776855469,203.7588653564453
1839,73.693,492.6192626953125,201.867919921875
1840,73.733,485.58251953125,200.3854217529297
1841,73.773,479.45965576171875,207.53445434570312
1842,73.814,477.7800598144531,204.152099609375
1843,73.854,474.5728454589844,202.46568298339844
1844,73.894,477.2898254394531,202.02593994140625
1845,73.934,478.099609375,204.50814819335938
1846,73.974,512.978515625,209.44534301757812
1847,74.014,524.7723388671875,203.48927307128906
1848,74.054,529.404052734375,206.1683349609375
1849,74.094,530.9567260742188,206.0579833984375
1850,74.134,531.4900512695312,206.8179168701172
1851,74.174,531.9409790039062,208.7412872314453
1852,74.214,533.9192504882812,208.06253051757812
1853,74.254,529.8045043945312,212.3218994140625
1854,74.294,526.1392211914062,208.13043212890625
1855,74.334,521.9678955078125,213.1348114013672
1856,74.375,515.7821655273438,208.84609985351562
1857,74.415,516.0232543945312,207.01246643066406
1858,74.455,515.3023681640625,203.60374450683594
1859,74.495,509.3491516113281,204.364990234375
1860,74.535,509.3446044921875,204.13267517089844
1861,74.575,514.6371459960938,201.3611602783203
1862,74.615,522.2573852539062,199.74661254882812
1863,74.655,525.9171752929688,199.81809997558594
1864,74.695,535.7232055664062,202.791259765625
1865,74.735,535.1881103515625,202.17431640625
1866,74.775,537.4122924804688,201.97642517089844
1867,74.815,534.4853515625,202.690185546875
1868,74.855,527.10888671875,203.5077362060547
1869,74.896,526.7342529296875,202.87913513183594
1870,74.936,540.8185424804688,197.40792846679688
1871,74.976,570.26953125,194.45643615722656
1872,75.016,564.1904296875,194.99203491210938
1873,75.056,529.0584716796875,193.34368896484375
1874,75.096,530.4373779296875,193.57357788085938
1875,75.136,530.2369995117188,194.53367614746094
1876,75.176,529.2633056640625,186.75047302246094
1877,75.216,529.37060546875,188.5379180908203
1878,75.256,542.28076171875,177.47775268554688
1879,75.296,546.7335205078125,175.2960662841797
1880,75.336,546.166259765625,175.46607971191406
1881,75.376,545.412109375,175.12762451171875
1882,75.416,544.0569458007812,174.17837524414062
1883,75.457,538.2449340820312,174.5300750732422
1884,75.497,537.4780883789062,174.26658630371094
1885,75.537,539.419921875,173.82481384277344
1886,75.577,541.0960693359375,174.590087890625
1887,75.617,539.1680908203125,175.02362060546875
1888,75.657,547.0840454101562,175.87820434570312
1889,75.697,551.3091430664062,195.73313903808594
1890,75.737,556.2777099609375,200.90835571289062
1891,75.777,562.4436645507812,206.35348510742188
1892,75.817,562.57080078125,208.7562255859375
1893,75.857,561.4912719726562,205.81727600097656
1894,75.897,559.3541259765625,202.59495544433594
1895,75.937,559.9561157226562,202.39639282226562
1896,75.977,555.8748168945312,200.59376525878906
1897,76.018,554.5297241210938,202.3465118408203
1898,76.058,554.9307250976562,203.73175048828125
1899,76.098,552.5863647460938,202.1355438232422
1900,76.138,552.9949951171875,200.5373077392578
1901,76.178,549.9661865234375,199.95654296875
1902,76.218,549.694091796875,200.86131286621094
1903,76.258,551.3654174804688,204.3263702392578
1904,76.298,551.2550659179688,206.9938507080078
1905,76.338,552.9346923828125,207.97207641601562
1906,76.378,595.8109741210938,203.3796844482422
1907,76.418,574.6331787109375,208.90838623046875
1908,76.458,532.5902099609375,209.6980743408203
1909,76.498,531.12060546875,211.0682373046875
1910,76.538,529.9539794921875,210.75689697265625
1911,76.579,529.306396484375,210.63624572753906
1912,76.619,531.6349487304688,210.45513916015625
1913,76.659,528.843017578125,207.80178833007812
1914,76.699,532.8644409179688,205.9486083984375
1915,76.739,528.2706909179688,186.16334533691406
1916,76.779,528.7730712890625,185.20457458496094
1917,76.819,525.0220947265625,183.2781982421875
1918,76.859,523.6150512695312,182.66397094726562
1919,76.899,523.0299072265625,183.6935577392578
1920,76.939,524.0703125,183.69766235351562
1921,76.979,524.5321655273438,183.95571899414062
1922,77.019,523.8201904296875,183.51612854003906
1923,77.059,528.5718994140625,180.08544921875
1924,77.099,532.5514526367188,178.693603515625
1925,77.14,534.340087890625,173.97042846679688
1926,77.18,533.9061279296875,173.01373291015625
1927,77.22,531.4069213867188,174.02349853515625
1928,77.26,475.5022888183594,184.2969970703125
1929,77.3,477.67462158203125,184.14622497558594
1930,77.34,478.2680969238281,183.0873565673828
1931,77.38,479.2993469238281,181.51048278808594
1932,77.42,480.6389465332031,181.3829345703125
1933,77.46,480.66827392578125,180.95904541015625
1934,77.5,479.4609375,180.0314483642578
1935,77.54,478.8282775878906,178.0441131591797
1936,77.58,476.9186096191406,182.77908325195312
1937,77.62,487.3928527832031,179.9078826904297
1938,77.661,498.5677185058594,185.0129852294922
1939,77.701,498.8816223144531,184.91567993164062
1940,77.741,502.93536376953125,184.50473022460938
1941,77.781,505.20111083984375,184.38336181640625
1942,77.821,502.65313720703125,182.98948669433594
1943,77.861,502.8963623046875,179.85824584960938
1944,77.901,510.4921569824219,182.86680603027344
1945,77.941,508.7320861816406,181.9842529296875
1946,77.981,507.833740234375,181.7730255126953
1947,78.021,506.4349365234375,183.20654296875
1948,78.061,504.4449768066406,184.53421020507812
1949,78.101,506.0620422363281,185.1591033935547
1950,78.141,508.4256591796875,183.92062377929688
1951,78.181,503.0601806640625,168.0723876953125
1952,78.222,495.24114990234375,155.12474060058594
1953,78.262,490.2647705078125,153.76576232910156
1954,78.302,488.0052185058594,155.26060485839844
1955,78.342,497.0108947753906,171.70404052734375
1956,78.382,481.48809814453125,184.6187286376953
1957,78.422,449.2734069824219,195.67466735839844
1958,78.462,446.8531799316406,197.8792266845703
1959,78.502,446.5491638183594,199.30477905273438
1960,78.542,446.23162841796875,196.13626098632812
1961,78.582,446.0875244140625,193.43348693847656
1962,78.622,482.6201477050781,178.79908752441406
1963,78.662,486.820556640625,177.6913299560547
1964,78.702,487.0081787109375,179.39309692382812
1965,78.742,488.4956359863281,181.09466552734375
1966,78.783,487.63018798828125,182.40182495117188
1967,78.823,488.2314147949219,184.14385986328125
1968,78.863,489.1373596191406,187.36138916015625
1969,78.903,514.28466796875,222.3109893798828
1970,78.943,513.14404296875,234.19427490234375
1971,78.983,517.9650268554688,228.09536743164062
1972,79.023,516.2021484375,238.2757110595703
1973,79.063,530.59033203125,252.16639709472656
1974,79.103,531.4482421875,252.6788330078125
1975,79.143,532.9479370117188,250.7591094970703
1976,79.183,533.9130859375,249.54347229003906
1977,79.223,539.2467041015625,247.31686401367188
1978,79.263,540.5092163085938,246.73287963867188
1979,79.303,541.579833984375,244.2358856201172
1980,79.344,542.3587646484375,245.22210693359375
1981,79.384,539.5665283203125,247.40443420410156
1982,79.424,538.8651123046875,245.78028869628906
1983,79.464,533.9412231445312,249.89340209960938
1984,79.504,532.8219604492188,260.0895690917969
1985,79.544,551.9127807617188,264.7578430175781
1986,79.584,547.6759033203125,269.98126220703125
1987,79.624,546.2858276367188,265.4926452636719
1988,79.664,552.7874145507812,262.57086181640625
1989,79.704,554.6243286132812,258.728271484375
1990,79.744,554.7576293945312,257.45672607421875
1991,79.784,541.2337036132812,258.7288513183594
1992,79.824,543.3236694335938,258.8846130371094
1993,79.864,549.0835571289062,253.55564880371094
1994,79.905,635.2122192382812,217.08767700195312
1995,79.945,632.1364135742188,220.30865478515625
1996,79.985,619.619384765625,206.30984497070312
1997,80.025,615.4813842773438,204.87364196777344
1998,80.065,610.604736328125,199.1766357421875
1999,80.105,609.9746704101562,199.06175231933594
2000,80.145,551.551025390625,261.3262023925781
2001,80.185,511.31158447265625,269.94390869140625
2002,80.225,529.3535766601562,268.2847595214844
2003,80.265,537.7896118164062,263.3192138671875
2004,80.305,539.88525390625,263.8660888671875
2005,80.345,547.1121826171875,266.2361145019531
2006,80.385,536.150390625,256.505126953125
2007,80.426,533.8712768554688,255.09463500976562
2008,80.466,539.0845947265625,255.4055633544922
2009,80.506,537.5919799804688,261.2586364746094
2010,80.546,535.9268798828125,263.4181823730469
2011,80.586,536.1316528320312,267.2342529296875
2012,80.626,540.1608276367188,265.98028564453125
2013,80.666,543.8121948242188,263.26171875
2014,80.706,548.0914916992188,262.5625305175781
2015,80.746,546.6399536132812,255.68429565429688
2016,80.786,554.5993041992188,255.79872131347656
2017,80.826,559.6533203125,255.0499725341797
2018,80.866,554.2276611328125,245.44515991210938
2019,80.906,542.583251953125,243.8636016845703
2020,80.946,544.3412475585938,231.91549682617188
2021,80.987,548.1755981445312,227.02700805664062
2022,81.027,550.3203125,218.1482391357422
2023,81.067,549.7565307617188,219.831787109375
2024,81.107,552.3511962890625,219.83180236816406
2025,81.147,548.3499755859375,216.65672302246094
2026,81.187,549.5829467773438,205.9197540283203
2027,81.227,552.6958618164062,197.56405639648438
2028,81.267,550.0650634765625,197.45855712890625
2029,81.307,552.2694702148438,198.148681640625
2030,81.347,554.3115844726562,201.48658752441406
2031,81.387,555.5545654296875,202.61477661132812
2032,81.427,556.7786254882812,204.61032104492188
2033,81.467,559.28759765625,202.45396423339844
2034,81.507,561.5283813476562,199.62159729003906
2035,81.548,557.5213623046875,201.5446319580078
2036,81.588,552.0845336914062,201.29367065429688
2037,81.628,549.2892456054688,197.77003479003906
2038,81.668,541.922607421875,194.70291137695312
2039,81.708,543.7760620117188,194.16334533691406
2040,81.748,544.681640625,192.70458984375
2041,81.788,550.9321899414062,194.3737030029297
2042,81.828,563.0253295898438,187.3257293701172
2043,81.868,566.4466552734375,184.22525024414062
2044,81.908,539.9313354492188,173.68685913085938
2045,81.948,566.6390380859375,187.4796142578125
2046,81.988,567.3124389648438,190.6304473876953
2047,82.028,566.1016845703125,189.8015594482422
2048,82.068,566.0738525390625,188.15713500976562
2049,82.109,567.2614135742188,187.09710693359375
2050,82.149,568.2798461914062,186.11549377441406
2051,82.189,549.40673828125,189.87586975097656
2052,82.229,547.3677978515625,190.2874298095703
2053,82.269,547.3412475585938,191.0692138671875
2054,82.309,547.3881225585938,192.7107391357422
2055,82.349,547.311767578125,198.9751739501953
2056,82.389,548.3949584960938,199.66070556640625
2057,82.429,539.348876953125,199.41502380371094
2058,82.469,540.7925415039062,208.15086364746094
2059,82.509,556.15966796875,228.34857177734375
2060,82.549,554.4716186523438,228.54600524902344
2061,82.589,555.6847534179688,237.3463897705078
2062,82.63,557.5153198242188,243.6705322265625
2063,82.67,558.5125122070312,245.31106567382812
2064,82.71,556.2507934570312,245.67723083496094
2065,82.75,554.9818725585938,244.29025268554688
2066,82.79,553.4767456054688,243.94265747070312
2067,82.83,554.8053588867188,242.70213317871094
2068,82.87,555.8355712890625,240.34434509277344
2069,82.91,556.8193969726562,236.5660858154297
2070,82.95,553.8221435546875,236.53062438964844
2071,82.99,552.1411743164062,238.93966674804688
2072,83.03,551.7224731445312,240.54885864257812
2073,83.07,547.5948486328125,242.35609436035156
2074,83.11,536.1932373046875,230.36354064941406
2075,83.15,529.5289916992188,224.6053466796875
2076,83.191,537.9131469726562,221.932373046875
2077,83.231,538.8312377929688,220.37582397460938
2078,83.271,537.0406494140625,222.3011474609375
2079,83.311,540.6792602539062,220.71804809570312
2080,83.351,548.71826171875,216.8792266845703
2081,83.391,551.2518920898438,213.49322509765625
2082,83.431,548.5950927734375,212.93775939941406
2083,83.471,551.61474609375,225.52354431152344
2084,83.511,550.758544921875,226.38876342773438
2085,83.551,548.986083984375,228.58656311035156
2086,83.591,541.6200561523438,232.27297973632812
2087,83.631,538.5759887695312,234.7757110595703
2088,83.671,544.9279174804688,231.08029174804688
2089,83.711,542.474609375,240.03616333007812
2090,83.752,538.4834594726562,247.55126953125
2091,83.792,532.089111328125,248.96157836914062
2092,83.832,536.8248901367188,229.4851837158203
2093,83.872,550.6962890625,219.2358856201172
2094,83.912,544.7437133789062,226.34536743164062
2095,83.952,514.4783325195312,230.03094482421875
2096,83.992,499.6856689453125,220.00704956054688
2097,84.032,499.469482421875,223.399169921875
2098,84.072,488.645263671875,211.40682983398438
2099,84.112,496.5832214355469,198.6779327392578
2100,84.152,507.0494384765625,189.29037475585938
2101,84.192,506.1411437988281,196.7393341064453
2102,84.232,506.9061279296875,186.23435974121094
2103,84.272,534.847900390625,190.0449981689453
2104,84.313,539.966552734375,195.3307342529297
2105,84.353,546.8869018554688,194.67239379882812
2106,84.393,537.333740234375,201.10194396972656
2107,84.433,527.0443725585938,214.77627563476562
2108,84.473,521.7188110351562,178.86911010742188
2109,84.513,512.903564453125,183.6391143798828
2110,84.553,506.71795654296875,189.5337677001953
2111,84.593,506.98028564453125,193.9518280029297
2112,84.633,467.2355651855469,185.02499389648438
2113,84.673,483.13677978515625,197.3869171142578
2114,84.713,475.60382080078125,197.6317901611328
2115,84.753,480.89208984375,221.46536254882812
2116,84.793,476.7256164550781,228.80101013183594
2117,84.833,481.7420349121094,225.18373107910156
2118,84.874,479.10650634765625,229.6262664794922
2119,84.914,482.49139404296875,233.87025451660156
2120,84.954,487.6805114746094,232.4337615966797
2121,84.994,483.9556579589844,240.42898559570312
2122,85.034,500.3923034667969,233.5003662109375
2123,85.074,522.2317504882812,233.2700653076172
2124,85.114,523.0608520507812,229.63299560546875
2125,85.154,520.7986450195312,234.39166259765625
2126,85.194,506.18292236328125,232.7738800048828
2127,85.234,504.8380432128906,236.35556030273438
2128,85.274,497.6260070800781,247.19454956054688
2129,85.314,500.9874572753906,240.9451446533203
2130,85.354,504.09320068359375,244.61648559570312
2131,85.395,499.3682861328125,244.10862731933594
2132,85.435,513.8632202148438,227.95314025878906
2133,85.475,553.7601928710938,221.4551544189453
2134,85.515,552.6242065429688,199.10208129882812
2135,85.555,550.748779296875,194.423095703125
2136,85.595,589.8516235351562,159.25735473632812
2137,85.635,538.753662109375,239.98341369628906
2138,85.675,534.7035522460938,239.74935913085938
2139,85.715,534.2964477539062,242.64727783203125
2140,85.755,539.4878540039062,247.17428588867188
2141,85.795,545.2081298828125,249.53392028808594
2142,85.835,537.7885131835938,256.1530456542969
2143,85.875,529.4935913085938,257.2746887207031
2144,85.915,527.7652587890625,263.70440673828125
2145,85.956,528.0822143554688,265.4081115722656
2146,85.996,528.4038696289062,267.1723327636719
2147,86.036,528.8812255859375,267.0928955078125
2148,86.076,528.721435546875,266.58258056640625
2149,86.116,528.4456787109375,266.7729187011719
2150,86.156,528.5725708007812,267.94580078125
2151,86.196,529.2369995117188,268.33056640625
2152,86.236,526.0748901367188,267.64892578125
2153,86.276,528.2567749023438,264.3515319824219
2154,86.316,534.3880004882812,262.9667663574219
2155,86.356,537.6055297851562,261.7625427246094
2156,86.396,536.5158081054688,262.0544738769531
2157,86.436,535.1636962890625,261.7352600097656
2158,86.476,515.0289916992188,264.3594665527344
2159,86.517,518.6704711914062,260.4971923828125
2160,86.557,518.8779907226562,258.08935546875
2161,86.597,520.9421997070312,254.9595947265625
2162,86.637,519.05322265625,254.0647735595703
2163,86.677,517.7017822265625,253.02708435058594
2164,86.717,517.0239868164062,252.04660034179688
2165,86.757,515.6189575195312,251.96609497070312
2166,86.797,516.37451171875,252.2650146484375
2167,86.837,515.174072265625,251.62709045410156
2168,86.877,512.1283569335938,253.53858947753906
2169,86.917,514.9223022460938,254.6878204345703
2170,86.957,515.455078125,253.2774658203125
2171,86.997,517.6282348632812,253.53465270996094
2172,87.037,515.4119873046875,258.09814453125
2173,87.078,515.1054077148438,260.16650390625
2174,87.118,516.6770629882812,257.05419921875
2175,87.158,597.9357299804688,230.48464965820312
2176,87.198,620.8084106445312,218.72103881835938
2177,87.238,608.094482421875,220.88787841796875
2178,87.278,606.0001220703125,221.4327850341797
2179,87.318,603.6978149414062,223.3912811279297
2180,87.358,615.6207275390625,223.1602783203125
2181,87.398,639.4905395507812,219.7574005126953
2182,87.438,624.2694702148438,227.03321838378906
2183,87.478,622.8635864257812,225.471923828125
2184,87.518,625.33740234375,223.61123657226562
2185,87.558,623.9176025390625,224.12095642089844
2186,87.598,526.3855590820312,243.2635498046875
2187,87.639,515.7307739257812,242.20892333984375
2188,87.679,515.9686889648438,245.046630859375
2189,87.719,514.179931640625,248.75729370117188
2190,87.759,516.5315551757812,245.7030487060547
2191,87.799,521.5953369140625,242.82681274414062
2192,87.839,521.1727905273438,240.52447509765625
2193,87.879,520.1323852539062,232.42286682128906
2194,87.919,519.427734375,229.1911163330078
2195,87.959,517.62158203125,228.3014678955078
2196,87.999,516.2130737304688,229.19984436035156
2197,88.039,517.5230102539062,223.6899871826172
2198,88.079,514.7713623046875,225.6790771484375
2199,88.119,514.0221557617188,226.25936889648438
2200,88.16,510.03662109375,226.6256866455078
2201,88.2,509.716552734375,224.93264770507812
2202,88.24,506.9218444824219,225.6942138671875
2203,88.28,504.18292236328125,225.28733825683594
2204,88.32,505.3963928222656,226.99270629882812
2205,88.36,503.4768981933594,223.18092346191406
2206,88.4,505.0574645996094,222.76060485839844
2207,88.44,504.76971435546875,224.3257293701172
2208,88.48,504.7247314453125,223.44308471679688
2209,88.52,509.5906677246094,224.69540405273438
2210,88.56,508.48492431640625,230.90090942382812
2211,88.6,503.2141418457031,238.85755920410156
2212,88.64,505.4394226074219,239.4339599609375
2213,88.68,508.4482421875,238.19500732421875
2214,88.721,509.9053955078125,237.5845489501953
2215,88.761,509.67333984375,235.85711669921875
2216,88.801,509.025634765625,234.67652893066406
2217,88.841,508.8111267089844,232.80564880371094
2218,88.881,507.37994384765625,231.95440673828125
2219,88.921,506.31378173828125,233.3031463623047
2220,88.961,506.3417663574219,235.623291015625
2221,89.001,508.3177185058594,238.4232940673828
2222,89.041,509.5465393066406,238.81167602539062
2223,89.081,512.7144775390625,231.71875
2224,89.121,514.810546875,225.60792541503906
2225,89.161,514.4793090820312,222.33778381347656
2226,89.201,514.7796630859375,222.0780792236328
2227,89.241,513.1575927734375,223.1033935546875
2228,89.282,511.91827392578125,224.4363555908203
2229,89.322,510.4399719238281,224.80014038085938
2230,89.362,509.11505126953125,225.80828857421875
2231,89.402,506.60565185546875,227.61456298828125
2232,89.442,502.0980224609375,231.8438262939453
2233,89.482,497.478759765625,235.18289184570312
2234,89.522,499.55816650390625,234.7626190185547
2235,89.562,502.83209228515625,232.0214385986328
2236,89.602,501.5897521972656,234.1718292236328
2237,89.642,502.4046630859375,234.94390869140625
2238,89.682,499.69500732421875,241.16989135742188
2239,89.722,499.150390625,242.10780334472656
2240,89.762,498.4693298339844,239.25
2241,89.802,498.3397521972656,237.87411499023438
2242,89.843,500.0010681152344,233.7604522705078
2243,89.883,498.14556884765625,234.81443786621094
2244,89.923,499.29437255859375,230.8959197998047
2245,89.963,501.538818359375,234.13482666015625
2246,90.003,503.4913635253906,231.16677856445312
2247,90.043,504.21533203125,232.85400390625
2248,90.083,503.4002380371094,234.7420654296875
2249,90.123,502.0409851074219,235.07261657714844
2250,90.163,499.7001647949219,230.24337768554688
2251,90.203,497.5370788574219,231.1427459716797
2252,90.243,498.5724182128906,231.8894805908203
2253,90.283,499.5798034667969,235.1473846435547
2254,90.323,500.4391174316406,239.214599609375
2255,90.363,498.8227233886719,242.13150024414062
2256,90.404,498.8843688964844,244.7340545654297
2257,90.444,503.44818115234375,230.8571319580078
2258,90.484,502.4044189453125,220.4574432373047
2259,90.524,493.2020568847656,213.97909545898438
2260,90.564,493.9409484863281,210.87158203125
2261,90.604,494.6228332519531,207.54080200195312
2262,90.644,495.3229064941406,204.65017700195312
2263,90.684,496.56549072265625,210.3911590576172
2264,90.724,500.2234802246094,223.66139221191406
2265,90.764,499.88177490234375,222.559814453125
2266,90.804,500.19744873046875,224.1596221923828
2267,90.844,499.8996276855469,222.73318481445312
2268,90.884,499.8473815917969,221.43338012695312
2269,90.925,497.60186767578125,220.04867553710938
2270,90.965,509.6040344238281,242.7131805419922
2271,91.005,504.8161315917969,237.77122497558594
2272,91.045,503.7269592285156,238.0044403076172
2273,91.085,501.6603698730469,235.6844940185547
2274,91.125,502.8598937988281,236.02960205078125
2275,91.165,502.7218933105469,235.7170867919922
2276,91.205,502.16064453125,236.7339324951172
2277,91.245,504.01336669921875,232.47999572753906
2278,91.285,500.7166442871094,225.26712036132812
2279,91.325,501.2501220703125,223.463134765625
2280,91.365,499.6251525878906,223.39614868164062
2281,91.405,500.77044677734375,222.2515411376953
2282,91.445,501.3367919921875,220.6785430908203
2283,91.486,502.3197326660156,217.94845581054688
2284,91.526,501.27593994140625,217.56094360351562
2285,91.566,500.9894104003906,217.88157653808594
2286,91.606,501.1103515625,217.66079711914062
2287,91.646,499.0987548828125,219.85850524902344
2288,91.686,498.3364562988281,219.11778259277344
2289,91.726,497.5108337402344,215.9154815673828
2290,91.766,491.03271484375,197.5368194580078
2291,91.806,485.7585144042969,202.35488891601562
2292,91.846,483.7374267578125,198.67140197753906
2293,91.886,492.4267272949219,195.79222106933594
2294,91.926,491.8522033691406,195.65882873535156
2295,91.966,491.8669738769531,196.35162353515625
2296,92.006,492.1522216796875,196.00308227539062
2297,92.047,491.1352233886719,196.45468139648438
2298,92.087,488.8843688964844,204.50717163085938
2299,92.127,486.2544250488281,205.00160217285156
2300,92.167,488.1664733886719,200.1681671142578
2301,92.207,485.514892578125,210.17864990234375
2302,92.247,488.8525695800781,210.3209991455078
2303,92.287,488.826904296875,207.54193115234375
2304,92.327,488.66021728515625,206.46568298339844
2305,92.367,485.5883483886719,211.04000854492188
2306,92.407,487.71490478515625,210.6468505859375
2307,92.447,488.2477722167969,208.31173706054688
2308,92.487,488.4115905761719,208.81015014648438
2309,92.527,487.6687927246094,209.09738159179688
2310,92.567,487.0940856933594,209.6420440673828
2311,92.608,486.7891540527344,209.7376708984375
2312,92.648,488.5556335449219,210.35675048828125
2313,92.688,481.31280517578125,209.53990173339844
2314,92.728,480.6753234863281,210.42996215820312
2315,92.768,477.26025390625,208.8025360107422
2316,92.808,477.3947448730469,208.5497283935547
2317,92.848,477.9913024902344,209.11895751953125
2318,92.888,477.8438415527344,208.94752502441406
2319,92.928,484.2185974121094,216.60458374023438
2320,92.968,487.8070983886719,212.18508911132812
2321,93.008,491.5871887207031,212.23870849609375
2322,93.048,492.06695556640625,213.34878540039062
2323,93.088,493.3861999511719,211.7006378173828
2324,93.128,492.86944580078125,208.4398956298828
2325,93.169,489.2790832519531,206.27154541015625
2326,93.209,489.1214904785156,207.3959197998047
2327,93.249,493.12744140625,212.64303588867188
2328,93.289,491.03973388671875,249.60792541503906
2329,93.329,502.97650146484375,244.8402099609375
2330,93.369,504.7972106933594,245.7220916748047
2331,93.409,502.5346984863281,248.7413787841797
2332,93.449,500.8943176269531,252.2189178466797
2333,93.489,491.9741516113281,250.67311096191406
2334,93.529,494.4422302246094,255.3706817626953
2335,93.569,493.1253356933594,254.86436462402344
2336,93.609,487.5674133300781,261.5009765625
2337,93.649,490.0717468261719,253.39602661132812
2338,93.69,484.33111572265625,255.59649658203125
2339,93.73,486.90863037109375,257.1744384765625
2340,93.77,548.4785766601562,257.8550720214844
2341,93.81,522.3836059570312,254.22653198242188
2342,93.85,518.9305419921875,262.83355712890625
2343,93.89,509.0888671875,258.3129577636719
2344,93.93,508.8509826660156,255.15234375
2345,93.97,507.7329406738281,246.1732177734375
2346,94.01,505.613525390625,245.412353515625
2347,94.05,505.8775634765625,247.54359436035156
2348,94.09,498.7581481933594,254.92628479003906
2349,94.13,501.20513916015625,247.48728942871094
2350,94.17,503.26409912109375,246.23533630371094
2351,94.21,503.322021484375,251.04893493652344
2352,94.251,502.3589782714844,247.59173583984375
2353,94.291,501.6655578613281,247.57061767578125
2354,94.331,509.6372985839844,232.58152770996094
2355,94.371,510.2086181640625,230.45103454589844
2356,94.411,505.81414794921875,226.91751098632812
2357,94.451,499.5321044921875,227.3872833251953
2358,94.491,496.8586120605469,227.18948364257812
2359,94.531,496.94219970703125,224.19114685058594
2360,94.571,497.67938232421875,223.99049377441406
2361,94.611,497.2783203125,224.84471130371094
2362,94.651,497.29449462890625,227.27516174316406
2363,94.691,497.2879638671875,226.55703735351562
2364,94.731,505.1578674316406,225.78102111816406
2365,94.771,507.2643127441406,225.4158935546875
2366,94.812,506.8726501464844,228.0554656982422
2367,94.852,504.98333740234375,229.5799102783203
2368,94.892,504.72735595703125,225.53773498535156
2369,94.932,500.7123107910156,225.90379333496094
2370,94.972,498.8017578125,227.49305725097656
2371,95.012,496.54620361328125,227.62013244628906
2372,95.052,496.109130859375,227.2628631591797
2373,95.092,494.2747802734375,225.483154296875
2374,95.132,494.0683898925781,224.3391876220703
2375,95.172,495.83160400390625,222.65823364257812
2376,95.212,499.870849609375,226.02662658691406
2377,95.252,498.52679443359375,221.60719299316406
2378,95.292,497.5450134277344,224.24444580078125
2379,95.332,497.96240234375,224.55059814453125
2380,95.373,498.56072998046875,223.55992126464844
2381,95.413,500.8845520019531,222.13690185546875
2382,95.453,496.58514404296875,219.38601684570312
2383,95.493,494.2750549316406,224.84988403320312
2384,95.533,497.72509765625,223.2958221435547
2385,95.573,476.7371520996094,222.1524200439453
2386,95.613,476.8567810058594,216.76751708984375
2387,95.653,477.4920349121094,213.3142852783203
2388,95.693,481.1336669921875,209.64259338378906
2389,95.733,479.2605895996094,211.061767578125
2390,95.773,477.2863464355469,217.32997131347656
2391,95.813,492.3302307128906,212.55177307128906
2392,95.853,492.8050842285156,212.60345458984375
2393,95.893,493.9620666503906,210.55972290039062
2394,95.934,492.120849609375,211.53225708007812
2395,95.974,503.7523498535156,197.56289672851562
2396,96.014,509.2853698730469,196.67364501953125
2397,96.054,509.4547119140625,196.75765991210938
2398,96.094,511.95989990234375,196.61451721191406
2399,96.134,512.5458374023438,196.5887908935547
2400,96.174,514.0243530273438,195.94189453125
2401,96.214,493.0176086425781,218.03143310546875
2402,96.254,488.7313232421875,218.5457763671875
2403,96.294,494.5384826660156,216.5506134033203
2404,96.334,492.3005065917969,214.27114868164062
2405,96.374,490.7311706542969,213.35806274414062
2406,96.414,490.4327087402344,212.67332458496094
2407,96.455,490.834228515625,211.19082641601562
2408,96.495,491.5682067871094,210.47329711914062
2409,96.535,492.18145751953125,211.9529571533203
2410,96.575,491.7529602050781,211.50498962402344
2411,96.615,495.8772277832031,212.9793701171875
2412,96.655,497.8771667480469,207.18174743652344
2413,96.695,502.2301940917969,195.2931671142578
2414,96.735,503.9177551269531,191.02420043945312
2415,96.775,509.5476379394531,186.69189453125
2416,96.815,517.5059814453125,185.90687561035156
2417,96.855,517.0211791992188,183.41134643554688
2418,96.895,507.0121154785156,175.85276794433594
2419,96.935,510.38385009765625,176.1402587890625
2420,96.975,510.69854736328125,175.52874755859375
2421,97.016,507.7931213378906,176.9031219482422
2422,97.056,506.755859375,177.7951202392578
2423,97.096,506.8955078125,178.40345764160156
2424,97.136,508.2453308105469,178.36964416503906
2425,97.176,508.97540283203125,177.8336944580078
2426,97.216,509.7076110839844,177.97227478027344
2427,97.256,510.4515075683594,177.4358673095703
2428,97.296,511.49114990234375,177.22894287109375
2429,97.336,514.3124389648438,185.1700897216797
2430,97.376,515.7544555664062,187.682373046875
2431,97.416,516.8528442382812,189.79226684570312
2432,97.456,514.6355590820312,190.05918884277344
2433,97.496,512.8694458007812,190.89495849609375
2434,97.536,506.36126708984375,193.38272094726562
2435,97.577,506.7107238769531,194.60520935058594
2436,97.617,504.81195068359375,195.95809936523438
2437,97.657,504.22900390625,196.4966583251953
2438,97.697,499.3726501464844,197.2451171875
2439,97.737,496.803955078125,197.32254028320312
2440,97.777,497.6815185546875,197.90347290039062
2441,97.817,501.5719299316406,198.46954345703125
2442,97.857,503.3684997558594,199.53915405273438
2443,97.897,502.37615966796875,200.09844970703125
2444,97.937,501.7856750488281,200.11346435546875
2445,97.977,501.22027587890625,204.11257934570312
2446,98.017,502.33154296875,205.71556091308594
2447,98.057,505.467041015625,206.4016876220703
2448,98.097,504.38800048828125,204.84011840820312
2449,98.138,505.34210205078125,206.242919921875
2450,98.178,508.4596252441406,208.47398376464844
2451,98.218,509.9810791015625,210.9327392578125
2452,98.258,509.5520935058594,220.8366241455078
2453,98.298,508.5196838378906,215.4197998046875
2454,98.338,510.3309020996094,209.9674530029297
2455,98.378,510.76397705078125,208.7709197998047
2456,98.418,511.3311462402344,208.31263732910156
2457,98.458,513.4185180664062,208.08279418945312
2458,98.498,513.1397094726562,207.73623657226562
2459,98.538,512.345947265625,206.31619262695312
2460,98.578,513.5158081054688,205.73739624023438
2461,98.618,515.4039306640625,204.02732849121094
2462,98.659,515.2913208007812,204.3878631591797
2463,98.699,514.8361206054688,204.82913208007812
2464,98.739,514.5582275390625,205.09458923339844
2465,98.779,513.8148193359375,205.38197326660156
2466,98.819,512.780517578125,205.5913848876953
2467,98.859,514.4918212890625,211.0055694580078
2468,98.899,509.2589111328125,207.014404296875
2469,98.939,504.894775390625,205.22247314453125
2470,98.979,506.1278076171875,203.15977478027344
2471,99.019,507.64434814453125,203.901611328125
2472,99.059,510.3816223144531,205.8144073486328
2473,99.099,510.1105041503906,206.1743927001953
2474,99.139,510.7459716796875,207.6257781982422
2475,99.179,511.92108154296875,207.26046752929688
2476,99.22,511.7886962890625,207.18846130371094
2477,99.26,510.0001525878906,206.4429473876953
2478,99.3,507.3405456542969,208.05992126464844
2479,99.34,502.5939025878906,201.09617614746094
2480,99.38,503.615478515625,196.10476684570312
2481,99.42,501.7850341796875,193.91513061523438
2482,99.46,501.1625061035156,192.89828491210938
2483,99.5,504.1003112792969,192.0946502685547
2484,99.54,523.427978515625,170.4991912841797
2485,99.58,528.5198974609375,162.1011199951172
2486,99.62,518.9415893554688,160.0970458984375
2487,99.66,543.1774291992188,150.4306182861328
2488,99.7,554.6953125,147.9016876220703
2489,99.74,533.235595703125,167.71910095214844
2490,99.781,501.1934509277344,168.39161682128906
2491,99.821,503.0649108886719,164.93899536132812
2492,99.861,503.5965270996094,163.67431640625
2493,99.901,502.30908203125,162.67674255371094
2494,99.941,502.843994140625,163.16827392578125
2495,99.981,504.92498779296875,163.4396514892578
2496,100.021,507.4758605957031,165.15298461914062
2497,100.061,507.37176513671875,166.4474639892578
2498,100.101,507.2590026855469,167.5711212158203
2499,100.141,508.7770080566406,177.48313903808594
2500,100.181,512.40625,190.97120666503906
2501,100.221,510.0975646972656,191.3003387451172
2502,100.261,507.4080810546875,192.6010284423828
2503,100.301,512.8294677734375,194.62545776367188
2504,100.342,508.13616943359375,196.09811401367188
2505,100.382,509.5620422363281,196.75978088378906
2506,100.422,508.5773620605469,197.63758850097656
2507,100.462,514.486083984375,197.1245880126953
2508,100.502,509.786376953125,197.40635681152344
2509,100.542,509.82354736328125,199.16966247558594
2510,100.582,510.1646728515625,198.41343688964844
2511,100.622,508.440185546875,194.1637420654297
2512,100.662,509.1502685546875,172.85693359375
2513,100.702,510.60565185546875,171.24435424804688
2514,100.742,510.87982177734375,170.2914276123047
2515,100.782,510.4320068359375,169.79847717285156
2516,100.822,511.72601318359375,168.6342315673828
2517,100.862,511.70452880859375,167.35336303710938
2518,100.903,510.3620910644531,166.28604125976562
2519,100.943,501.2968444824219,159.46701049804688
2520,100.983,499.48095703125,156.70799255371094
2521,101.023,496.2755126953125,153.72410583496094
2522,101.063,500.07049560546875,160.84634399414062
2523,101.103,512.5782470703125,167.0471649169922
2524,101.143,512.6112670898438,167.64926147460938
2525,101.183,511.72027587890625,168.20272827148438
2526,101.223,512.1531982421875,167.69032287597656
2527,101.263,513.0358276367188,167.55812072753906
2528,101.303,513.0189208984375,166.28802490234375
2529,101.343,512.9601440429688,165.18844604492188
2530,101.383,513.2491455078125,163.73007202148438
2531,101.424,515.7505493164062,163.6376190185547
2532,101.464,517.502197265625,162.27789306640625
2533,101.504,518.1348266601562,163.1095733642578
2534,101.544,519.43212890625,162.4977569580078
2535,101.584,538.7928466796875,154.32655334472656
2536,101.624,541.1776123046875,152.45240783691406
2537,101.664,541.4202270507812,151.32948303222656
2538,101.704,541.6239624023438,148.6467742919922
2539,101.744,541.5115966796875,149.77610778808594
2540,101.784,540.9749145507812,151.00689697265625
2541,101.824,540.3998413085938,151.68597412109375
2542,101.864,540.7066650390625,152.20547485351562
2543,101.904,541.1065673828125,150.5669403076172
2544,101.944,535.1136474609375,152.87200927734375
2545,101.985,513.5567016601562,163.98590087890625
2546,102.025,511.9760437011719,163.81080627441406
2547,102.065,511.7993469238281,165.6996307373047
2548,102.105,512.9992065429688,166.42555236816406
2549,102.145,511.6905212402344,166.5765380859375
2550,102.185,504.7371826171875,168.1437530517578
2551,102.225,533.0712890625,169.8780059814453
2552,102.265,530.6472778320312,169.67958068847656
2553,102.305,529.8583374023438,169.00640869140625
2554,102.345,526.1314086914062,168.60279846191406
2555,102.385,531.7559204101562,166.97952270507812
2556,102.425,530.2592163085938,166.5947265625
2557,102.465,530.0877685546875,165.90806579589844
2558,102.505,530.2246704101562,166.16392517089844
2559,102.546,530.4051513671875,166.3219451904297
2560,102.586,529.8041381835938,166.77809143066406
2561,102.626,529.520751953125,166.953369140625
2562,102.666,532.1712646484375,166.5211639404297
2563,102.706,531.4851684570312,168.5017852783203
2564,102.746,531.218017578125,168.94239807128906
2565,102.786,531.80322265625,169.7991943359375
2566,102.826,523.6622314453125,171.77529907226562
2567,102.866,515.1280517578125,172.8985595703125
2568,102.906,514.0657348632812,173.10890197753906
2569,102.946,514.6427612304688,172.408935546875
2570,102.986,514.7833251953125,170.94712829589844
2571,103.026,510.0103759765625,170.40452575683594
2572,103.066,510.55511474609375,169.70611572265625
2573,103.107,518.7030029296875,168.00440979003906
2574,103.147,518.1022338867188,168.5196533203125
2575,103.187,522.8983764648438,169.48248291015625
2576,103.227,520.8539428710938,168.87841796875
2577,103.267,504.50677490234375,165.18238830566406
2578,103.307,506.0248718261719,165.7237548828125
2579,103.347,505.5594787597656,165.23219299316406
2580,103.387,506.7451477050781,165.01797485351562
2581,103.427,509.2305908203125,165.26901245117188
2582,103.467,508.8619079589844,165.9637908935547
2583,103.507,498.68511962890625,166.078369140625
2584,103.547,494.5923767089844,163.65737915039062
2585,103.587,494.1830749511719,166.32009887695312
2586,103.627,487.93560791015625,169.16262817382812
2587,103.668,483.0505065917969,170.9792938232422
2588,103.708,482.2904968261719,170.2205047607422
2589,103.748,474.5960388183594,155.732666015625
2590,103.788,472.77447509765625,152.84010314941406
2591,103.828,472.667236328125,154.72279357910156
2592,103.868,470.9701843261719,158.41305541992188
2593,103.908,468.40777587890625,163.29257202148438
2594,103.948,467.1522216796875,168.0773468017578
2595,103.988,463.41070556640625,178.34033203125
2596,104.028,464.6413269042969,176.10699462890625
2597,104.068,467.45477294921875,171.7356719970703
2598,104.108,466.7308654785156,169.280517578125
2599,104.148,465.40338134765625,169.14840698242188
2600,104.189,465.6756286621094,168.88038635253906
2601,104.229,466.1217346191406,169.5485382080078
2602,104.269,468.3866882324219,171.6776885986328
2603,104.309,481.0888366699219,187.82992553710938
2604,104.349,480.4488220214844,189.70042419433594
2605,104.389,480.7594299316406,191.3197479248047
2606,104.429,479.7847900390625,193.15916442871094
2607,104.469,461.7212219238281,195.8032684326172
2608,104.509,464.0950622558594,186.9624481201172
2609,104.549,478.0924987792969,179.12615966796875
2610,104.589,493.78839111328125,176.30462646484375
2611,104.629,498.6900939941406,183.8953094482422
2612,104.669,499.78271484375,177.9920654296875
2613,104.709,500.1173400878906,173.8905487060547
2614,104.75,500.2743225097656,173.45631408691406
2615,104.79,500.5723571777344,174.13128662109375
2616,104.83,498.25994873046875,174.79920959472656
2617,104.87,498.49169921875,173.951904296875
2618,104.91,496.5868225097656,173.3246307373047
2619,104.95,498.3014831542969,172.0666961669922
2620,104.99,496.2508850097656,171.9539337158203
2621,105.03,493.2912292480469,172.3897705078125
2622,105.07,487.55194091796875,170.74380493164062
2623,105.11,471.1241760253906,167.36575317382812
2624,105.15,468.92889404296875,168.0207977294922
2625,105.19,469.7694396972656,166.28004455566406
2626,105.23,471.0670166015625,165.0492706298828
2627,105.27,469.29156494140625,167.12892150878906
2628,105.311,467.1441345214844,167.63320922851562
2629,105.351,467.3464660644531,165.549072265625
2630,105.391,465.11248779296875,170.42852783203125
2631,105.431,453.64630126953125,182.73284912109375
2632,105.471,459.3809814453125,174.53738403320312
2633,105.511,459.8658752441406,174.0272674560547
2634,105.551,461.9602355957031,172.61012268066406
2635,105.591,461.3382263183594,174.25164794921875
2636,105.631,477.63677978515625,168.9346923828125
2637,105.671,477.9590759277344,168.41065979003906
2638,105.711,478.665771484375,168.13941955566406
2639,105.751,478.68377685546875,168.1229248046875
2640,105.791,482.06475830078125,168.1851043701172
2641,105.831,481.9525146484375,169.05059814453125
2642,105.872,482.12615966796875,169.63961791992188
2643,105.912,482.69232177734375,169.72348022460938
2644,105.952,483.2876281738281,169.43438720703125
2645,105.992,483.8948669433594,169.503662109375
2646,106.032,482.4592590332031,171.24969482421875
2647,106.072,481.8839111328125,172.3098907470703
2648,106.112,462.18731689453125,169.5010986328125
2649,106.152,462.1463928222656,168.996826171875
2650,106.192,461.2625732421875,168.60206604003906
2651,106.232,461.968505859375,168.06109619140625
2652,106.272,462.54681396484375,167.35574340820312
2653,106.312,472.48907470703125,190.44517517089844
2654,106.352,475.3389587402344,187.39744567871094
2655,106.392,477.19183349609375,185.477294921875
2656,106.433,477.0542907714844,182.95033264160156
2657,106.473,477.45916748046875,182.33352661132812
2658,106.513,478.5048522949219,182.2958984375
2659,106.553,478.3789367675781,182.72691345214844
2660,106.593,477.9384765625,183.1703338623047
2661,106.633,476.6192932128906,182.96377563476562
2662,106.673,455.5422668457031,176.09341430664062
2663,106.713,448.8769836425781,181.7937469482422
2664,106.753,450.9172058105469,178.60519409179688
2665,106.793,457.6771240234375,171.52841186523438
2666,106.833,457.9889831542969,176.05438232421875
2667,106.873,454.5390319824219,177.68374633789062
2668,106.913,455.6132507324219,174.7945098876953
2669,106.954,454.78082275390625,176.37966918945312
2670,106.994,452.5502014160156,178.54383850097656
2671,107.034,452.4062805175781,178.2133026123047
2672,107.074,466.5335998535156,173.0688018798828
2673,107.114,469.6773986816406,175.77586364746094
2674,107.154,469.2066955566406,176.0558319091797
2675,107.194,469.3699035644531,176.1365203857422
2676,107.234,482.41156005859375,167.54617309570312
2677,107.274,498.8614196777344,163.47903442382812
2678,107.314,484.5045471191406,169.84181213378906
2679,107.354,482.20465087890625,170.56654357910156
2680,107.394,470.843017578125,171.627197265625
2681,107.434,482.102294921875,168.78549194335938
2682,107.474,503.3371887207031,165.291748046875
2683,107.515,504.107421875,166.5531005859375
2684,107.555,504.3975830078125,169.91595458984375
2685,107.595,488.12957763671875,207.79002380371094
2686,107.635,488.4271240234375,209.55421447753906
2687,107.675,492.71136474609375,212.8043212890625
2688,107.715,491.58306884765625,218.83460998535156
2689,107.755,491.9798583984375,221.51560974121094
2690,107.795,494.7404479980469,220.70460510253906
2691,107.835,496.14208984375,221.9350128173828
2692,107.875,498.1123352050781,220.12838745117188
2693,107.915,504.0341796875,228.09373474121094
2694,107.955,501.7488708496094,224.897216796875
2695,107.995,499.5373840332031,230.1253662109375
2696,108.035,501.67022705078125,228.8605194091797
2697,108.076,503.99249267578125,226.87538146972656
2698,108.116,504.21453857421875,227.41903686523438
2699,108.156,498.1396484375,235.16354370117188
2700,108.196,492.45892333984375,237.21319580078125
2701,108.236,495.69732666015625,235.36602783203125
2702,108.276,494.42242431640625,232.9714813232422
2703,108.316,490.57989501953125,238.01087951660156
2704,108.356,497.63409423828125,236.09544372558594
2705,108.396,502.2912292480469,237.54025268554688
2706,108.436,504.80401611328125,232.35986328125
2707,108.476,501.0961608886719,229.90599060058594
2708,108.516,502.0438232421875,232.1749267578125
2709,108.556,502.5087890625,233.93516540527344
2710,108.596,505.62896728515625,238.15509033203125
2711,108.637,494.4526062011719,228.7811279296875
2712,108.677,492.444580078125,226.2372589111328
2713,108.717,494.1388854980469,221.54730224609375
2714,108.757,496.0949401855469,219.7749481201172
2715,108.797,494.74658203125,218.2073211669922
2716,108.837,494.9599304199219,222.241455078125
2717,108.877,495.5069885253906,221.0190887451172
2718,108.917,496.8469543457031,218.7942352294922
2719,108.957,497.8436584472656,217.27613830566406
2720,108.997,503.67779541015625,219.5790252685547
2721,109.037,500.7612609863281,232.48739624023438
2722,109.077,502.86993408203125,231.7128143310547
2723,109.117,502.047607421875,233.16671752929688
2724,109.157,498.5053405761719,232.46441650390625
2725,109.198,497.53680419921875,230.87364196777344
2726,109.238,499.478271484375,226.004150390625
2727,109.278,500.6395263671875,217.2348175048828
2728,109.318,522.6079711914062,230.20101928710938
2729,109.358,505.93951416015625,218.66085815429688
2730,109.398,503.6405334472656,220.0739288330078
2731,109.438,496.5403747558594,213.54751586914062
2732,109.478,495.36676025390625,213.9342803955078
2733,109.518,500.9775085449219,211.9539337158203
2734,109.558,503.30474853515625,221.48855590820312
2735,109.598,504.0218200683594,226.73883056640625
2736,109.638,503.1416931152344,227.6591796875
2737,109.678,505.4124755859375,223.2556915283203
2738,109.719,507.876220703125,221.01278686523438
2739,109.759,507.114990234375,218.59312438964844
2740,109.799,503.0426025390625,222.06625366210938
2741,109.839,503.148681640625,223.63143920898438
2742,109.879,510.74188232421875,221.20663452148438
2743,109.919,505.76165771484375,207.44888305664062
2744,109.959,505.8575744628906,215.25355529785156
2745,109.999,506.3103332519531,216.87925720214844
2746,110.039,499.2622375488281,225.55438232421875
2747,110.079,491.6789245605469,232.68496704101562
2748,110.119,498.7484130859375,227.60279846191406
2749,110.159,500.2942199707031,224.76052856445312
2750,110.199,507.88043212890625,219.1595916748047
2751,110.239,496.1224365234375,226.8105926513672
2752,110.28,498.2233581542969,214.05947875976562
2753,110.32,503.1155700683594,213.5794677734375
2754,110.36,505.01934814453125,212.25180053710938
2755,110.4,505.0319519042969,210.58489990234375
2756,110.44,501.9825439453125,211.4767303466797
2757,110.48,503.0671081542969,210.63482666015625
2758,110.52,503.9036865234375,216.0436248779297
2759,110.56,503.6462097167969,216.01280212402344
2760,110.6,501.7919921875,214.19541931152344
2761,110.64,502.2615661621094,207.56854248046875
2762,110.68,504.117919921875,207.06419372558594
2763,110.72,504.26641845703125,209.9174346923828
2764,110.76,503.9474182128906,211.43234252929688
2765,110.8,501.44793701171875,210.31982421875
2766,110.841,497.4749450683594,207.5238800048828
2767,110.881,495.7837829589844,206.36192321777344
2768,110.921,499.8951110839844,203.1320343017578
2769,110.961,499.43505859375,202.53221130371094
2770,111.001,495.73358154296875,201.9483642578125
2771,111.041,495.912841796875,198.22604370117188
2772,111.081,507.25262451171875,174.81663513183594
2773,111.121,506.9925537109375,175.2117462158203
2774,111.161,506.9670104980469,174.71034240722656
2775,111.201,506.3915100097656,175.4962615966797
2776,111.241,507.426025390625,174.70135498046875
2777,111.281,507.8296203613281,173.31427001953125
2778,111.321,507.0716247558594,172.04718017578125
2779,111.361,505.862060546875,170.48873901367188
2780,111.402,503.4339294433594,168.3077850341797
2781,111.442,501.4754943847656,166.73777770996094
2782,111.482,503.84527587890625,167.24986267089844
2783,111.522,503.11029052734375,168.1278076171875
2784,111.562,503.87493896484375,168.5405731201172
2785,111.602,504.0007019042969,167.75946044921875
2786,111.642,503.8454284667969,167.85540771484375
2787,111.682,504.2951354980469,167.6670684814453
2788,111.722,504.56048583984375,166.31353759765625
2789,111.762,503.5091857910156,165.7254638671875
2790,111.802,503.5182800292969,165.7198486328125
2791,111.842,503.3561096191406,165.71437072753906
2792,111.882,503.3426818847656,165.128173828125
2793,111.923,504.6690979003906,164.9952392578125
2794,111.963,505.271484375,165.40206909179688
2795,112.003,505.9018249511719,166.81016540527344
2796,112.043,505.2490539550781,164.23495483398438
2797,112.083,506.8642272949219,163.57078552246094
2798,112.123,505.51104736328125,161.9570770263672
2799,112.163,504.79974365234375,163.63674926757812
2800,112.203,504.2102355957031,163.98158264160156
2801,112.243,504.3397521972656,163.969482421875
2802,112.283,504.63885498046875,163.28802490234375
2803,112.323,504.0157470703125,162.3710174560547
2804,112.363,448.2938537597656,225.59739685058594
2805,112.403,415.8125305175781,299.6688537597656
2806,112.443,435.9223327636719,341.43603515625
2807,112.484,503.7071838378906,216.66177368164062
2808,112.524,530.9493408203125,134.95127868652344
2809,112.564,547.0925903320312,131.13572692871094
2810,112.604,549.6466674804688,128.10450744628906
2811,112.644,536.2413330078125,140.2585906982422
2812,112.684,540.0556640625,144.9672088623047
2813,112.724,536.8229370117188,142.6992645263672
2814,112.764,543.9824829101562,119.28545379638672
2815,112.804,538.4296264648438,112.50614166259766
2816,112.844,525.3693237304688,121.12345123291016
2817,112.884,532.2094116210938,139.98526000976562
2818,112.924,528.5475463867188,147.0438232421875
2819,112.964,526.3639526367188,153.2333526611328
2820,113.004,521.9882202148438,158.8939666748047
2821,113.045,476.515869140625,170.48814392089844
2822,113.085,477.6649475097656,169.20143127441406
2823,113.125,478.6459045410156,167.13108825683594
2824,113.165,477.7403259277344,164.32997131347656
2825,113.205,475.0763854980469,164.39047241210938
2826,113.245,474.7662048339844,164.82540893554688
2827,113.285,418.523193359375,167.8802490234375
2828,113.325,423.30340576171875,168.09251403808594
2829,113.365,420.1639099121094,167.6741485595703
2830,113.405,416.354736328125,166.86373901367188
2831,113.445,414.95025634765625,165.2874298095703
2832,113.485,415.2444152832031,164.91845703125
2833,113.525,415.1002502441406,164.76039123535156
2834,113.565,412.64111328125,164.1002197265625
2835,113.606,413.2963562011719,163.53884887695312
2836,113.646,415.1636962890625,158.28811645507812
2837,113.686,416.60028076171875,155.5957489013672
2838,113.726,414.4619140625,158.32186889648438
2839,113.766,414.1544189453125,158.69593811035156
2840,113.806,414.164794921875,160.0072479248047
2841,113.846,420.5880432128906,163.5759735107422
2842,113.886,431.4277648925781,157.10389709472656
2843,113.926,433.7458190917969,152.99862670898438
2844,113.966,435.06158447265625,151.8499298095703
2845,114.006,436.0745849609375,148.8144989013672
2846,114.046,440.12493896484375,151.95028686523438
2847,114.086,439.7503967285156,158.65455627441406
2848,114.126,436.50738525390625,164.40443420410156
2849,114.167,445.0892333984375,173.07273864746094
2850,114.207,460.3150634765625,183.70272827148438
2851,114.247,444.9425354003906,171.7652587890625
2852,114.287,443.3016357421875,171.13497924804688
2853,114.327,449.60992431640625,185.3035125732422
2854,114.367,436.6864013671875,173.99215698242188
2855,114.407,442.610595703125,169.2023468017578
2856,114.447,438.76544189453125,171.2509307861328
2857,114.487,437.2522277832031,171.05519104003906
2858,114.527,449.2610778808594,177.32369995117188
2859,114.567,456.1295166015625,179.9794158935547
2860,114.607,455.9771728515625,179.9814910888672
2861,114.647,457.2999267578125,180.61900329589844
2862,114.688,456.8723449707031,180.4739227294922
2863,114.728,457.4338073730469,179.5233154296875
2864,114.768,452.5008544921875,184.30299377441406
2865,114.808,489.75628662109375,176.35218811035156
2866,114.848,492.90576171875,175.13783264160156
2867,114.888,493.6385803222656,175.80731201171875
2868,114.928,492.2109680175781,176.44760131835938
2869,114.968,489.10968017578125,177.23110961914062
2870,115.008,487.1710205078125,177.5516815185547
2871,115.048,488.18695068359375,178.7095489501953
2872,115.088,489.5838317871094,179.27838134765625
2873,115.128,457.7592468261719,169.44105529785156
2874,115.168,437.97528076171875,171.3666229248047
2875,115.208,438.89971923828125,171.2977752685547
2876,115.249,439.88232421875,171.06072998046875
2877,115.289,440.0807189941406,172.97703552246094
2878,115.329,440.525146484375,173.42819213867188
2879,115.369,440.0846862792969,175.4188232421875
2880,115.409,440.245849609375,176.35047912597656
2881,115.449,495.67608642578125,175.25318908691406
2882,115.489,492.2207336425781,175.8328094482422
2883,115.529,489.8149719238281,176.83633422851562
2884,115.569,486.7470397949219,178.3246307373047
2885,115.609,484.60467529296875,181.60049438476562
2886,115.649,483.53973388671875,181.39349365234375
2887,115.689,482.1888427734375,181.2419891357422
2888,115.729,480.7135009765625,180.42559814453125
2889,115.769,473.4959411621094,181.64511108398438
2890,115.81,433.63934326171875,175.47802734375
2891,115.85,432.7089538574219,174.1219482421875
2892,115.89,432.7131042480469,172.760986328125
2893,115.93,432.8451232910156,172.31065368652344
2894,115.97,433.1328125,172.13853454589844
2895,116.01,433.30206298828125,173.39508056640625
2896,116.05,435.6462707519531,175.01727294921875
2897,116.09,435.85498046875,177.4161376953125
2898,116.13,435.8685302734375,178.3739471435547
2899,116.17,435.24578857421875,176.0350341796875
2900,116.21,435.53515625,175.64913940429688
2901,116.25,434.9628601074219,175.5840606689453
2902,116.29,434.3724670410156,175.85928344726562
2903,116.33,434.0928039550781,176.94656372070312
2904,116.371,434.80682373046875,176.27381896972656
2905,116.411,435.84539794921875,176.4126739501953
2906,116.451,436.1624755859375,176.04702758789062
2907,116.491,400.3857727050781,213.25302124023438
2908,116.531,422.78900146484375,401.260009765625
2909,116.571,nan,nan
2910,116.611,nan,nan
2911,116.651,nan,nan
2912,116.691,nan,nan
2913,116.731,nan,nan
2914,116.771,nan,nan
2915,116.811,nan,nan
2916,116.851,nan,nan
2917,116.891,nan,nan
2918,116.932,nan,nan
2919,116.972,nan,nan
2920,117.012,nan,nan
2921,117.052,nan,nan
2922,117.092,nan,nan
2923,117.132,nan,nan
2924,117.172,nan,nan
2925,117.212,nan,nan
2926,117.252,nan,nan
2927,117.292,nan,nan
2928,117.332,nan,nan
2929,117.372,nan,nan
2930,117.412,nan,nan
2931,117.453,nan,nan
2932,117.493,nan,nan
2933,117.533,nan,nan
2934,117.573,nan,nan
2935,117.613,nan,nan
2936,117.653,502.3603210449219,589.6048583984375
2937,117.693,nan,nan
2938,117.733,nan,nan
2939,117.773,nan,nan
2940,117.813,421.50140380859375,585.0025634765625
2941,117.853,417.64447021484375,587.7666625976562
2942,117.893,421.3003234863281,586.8412475585938
2943,117.933,389.6048278808594,555.16748046875
2944,117.973,393.31085205078125,554.0360717773438
2945,118.014,395.3564453125,553.6114501953125
2946,118.054,394.88909912109375,552.966064453125
2947,118.094,389.77471923828125,551.1177368164062
2948,118.134,379.8301086425781,549.1210327148438
2949,118.174,379.8782043457031,548.9705200195312
2950,118.214,378.5423278808594,548.8753051757812
2951,118.254,391.6336669921875,559.1694946289062
2952,118.294,nan,nan
2953,118.334,nan,nan
2954,118.374,nan,nan
2955,118.414,nan,nan
2956,118.454,nan,nan
2957,118.494,nan,nan
2958,118.534,nan,nan
2959,118.575,nan,nan
2960,118.615,nan,nan
2961,118.655,nan,nan
2962,118.695,nan,nan
2963,118.735,nan,nan
2964,118.775,nan,nan
2965,118.815,nan,nan
2966,118.855,nan,nan
2967,118.895,nan,nan
2968,118.935,nan,nan
2969,118.975,nan,nan
2970,119.015,nan,nan
2971,119.055,nan,nan
2972,119.095,nan,nan
2973,119.136,nan,nan
2974,119.176,nan,nan
2975,119.216,nan,nan
2976,119.256,nan,nan
2977,119.296,nan,nan
2978,119.336,nan,nan
2979,119.376,557.92822265625,53.66883850097656
2980,119.416,539.6216430664062,114.67558288574219
2981,119.456,526.5767822265625,163.6088104248047
2982,119.496,499.2497253417969,214.884033203125
2983,119.536,493.00970458984375,239.74085998535156
2984,119.576,558.2297973632812,248.00852966308594
2985,119.616,563.4415283203125,245.62841796875
2986,119.656,561.3284912109375,246.2517852783203
2987,119.697,555.1454467773438,252.6856231689453
2988,119.737,516.1681518554688,312.54278564453125
2989,119.777,486.25823974609375,465.33306884765625
2990,119.817,nan,nan
2991,119.857,nan,nan
2992,119.897,nan,nan
2993,119.937,nan,nan
2994,119.977,nan,nan
2995,120.017,nan,nan
2996,120.057,nan,nan
2997,120.097,nan,nan
2998,120.137,nan,nan
2999,120.177,nan,nan
3000,120.218,nan,nan
3001,120.258,nan,nan
3002,120.298,nan,nan
3003,120.338,nan,nan
3004,120.378,nan,nan
3005,120.418,nan,nan
3006,120.458,nan,nan
3007,120.498,nan,nan
3008,120.538,nan,nan
3009,120.578,nan,nan
3010,120.618,nan,nan
3011,120.658,nan,nan
3012,120.698,nan,nan
3013,120.738,nan,nan
3014,120.779,nan,nan
3015,120.819,nan,nan
3016,120.859,nan,nan
3017,120.899,nan,nan
3018,120.939,nan,nan
3019,120.979,nan,nan
3020,121.019,nan,nan
3021,121.059,nan,nan
3022,121.099,nan,nan
3023,121.139,nan,nan
3024,121.179,nan,nan
3025,121.219,nan,nan
3026,121.259,nan,nan
3027,121.299,nan,nan
3028,121.34,nan,nan
3029,121.38,nan,nan
3030,121.42,nan,nan
3031,121.46,nan,nan
3032,121.5,nan,nan
3033,121.54,nan,nan
3034,121.58,nan,nan
3035,121.62,nan,nan
3036,121.66,nan,nan
3037,121.7,nan,nan
3038,121.74,nan,nan
3039,121.78,nan,nan
3040,121.82,nan,nan
3041,121.86,nan,nan
3042,121.901,nan,nan
3043,121.941,nan,nan
3044,121.981,572.843994140625,24.609350204467773
3045,122.021,511.1173400878906,121.02346801757812
3046,122.061,500.0424499511719,174.50198364257812
3047,122.101,490.97576904296875,211.0565185546875
3048,122.141,496.0892639160156,243.0424346923828
3049,122.181,489.7742004394531,258.4861145019531
3050,122.221,447.23260498046875,291.7197570800781
3051,122.261,446.1687316894531,300.3378601074219
3052,122.301,407.3002014160156,186.88009643554688
3053,122.341,414.5222473144531,198.66073608398438
3054,122.381,417.7312316894531,203.13027954101562
3055,122.421,421.5697021484375,208.23399353027344
3056,122.462,412.66253662109375,209.66221618652344
3057,122.502,382.9945068359375,201.8147735595703
3058,122.542,384.1139221191406,202.75425720214844
3059,122.582,385.68475341796875,202.08416748046875
3060,122.622,384.5738830566406,198.40780639648438
3061,122.662,384.9956970214844,196.91082763671875
3062,122.702,384.31072998046875,197.64108276367188
3063,122.742,383.33160400390625,198.09371948242188
3064,122.782,384.13818359375,188.14620971679688
3065,122.822,393.9959411621094,193.45819091796875
3066,122.862,443.87335205078125,209.53924560546875
3067,122.902,441.7457275390625,207.08717346191406
3068,122.942,442.7587585449219,209.3328399658203
3069,122.983,438.9131774902344,211.6427764892578
3070,123.023,435.4220886230469,214.45428466796875
3071,123.063,420.4757080078125,200.98280334472656
3072,123.103,421.4942932128906,201.42848205566406
3073,123.143,421.271728515625,202.75303649902344
3074,123.183,420.53131103515625,205.5365447998047
3075,123.223,419.9479675292969,205.8562774658203
3076,123.263,420.2126770019531,204.5027618408203
3077,123.303,421.1873474121094,205.65908813476562
3078,123.343,421.0048828125,207.39834594726562
3079,123.383,422.334228515625,207.21151733398438
3080,123.423,424.5576477050781,206.4935760498047
3081,123.463,424.1458435058594,199.1251220703125
3082,123.503,429.7251281738281,203.3753662109375
3083,123.544,429.40386962890625,204.70237731933594
3084,123.584,426.3468933105469,201.93421936035156
3085,123.624,426.7452697753906,199.1378173828125
3086,123.664,424.22320556640625,198.6555938720703
3087,123.704,424.28070068359375,202.111083984375
3088,123.744,427.78558349609375,203.4168243408203
3089,123.784,437.9840393066406,222.33074951171875
3090,123.824,432.9476013183594,226.60044860839844
3091,123.864,433.1769104003906,224.119384765625
3092,123.904,431.1070251464844,225.21917724609375
3093,123.944,484.8238830566406,227.8314971923828
3094,123.984,483.7339782714844,229.44869995117188
3095,124.024,488.16265869140625,225.8536376953125
3096,124.064,488.6296691894531,228.259033203125
3097,124.105,487.5484313964844,229.03916931152344
3098,124.145,469.243896484375,242.48744201660156
3099,124.185,480.8809509277344,235.14117431640625
3100,124.225,495.8105773925781,221.74339294433594
3101,124.265,495.3061218261719,206.86830139160156
3102,124.305,489.50469970703125,187.37777709960938
3103,124.345,489.41998291015625,166.8431396484375
3104,124.385,478.6866760253906,218.60569763183594
3105,124.425,466.72491455078125,377.8636169433594
3106,124.465,457.28887939453125,598.3739013671875
3107,124.505,nan,nan
3108,124.545,nan,nan
3109,124.585,nan,nan
3110,124.625,nan,nan
3111,124.666,nan,nan
3112,124.706,nan,nan
3113,124.746,nan,nan
3114,124.786,nan,nan
3115,124.826,nan,nan
3116,124.866,nan,nan
3117,124.906,508.8203125,146.73849487304688
3118,124.946,482.9862060546875,4.663823127746582
3119,124.986,487.1064758300781,15.738158226013184
3120,125.026,482.1533203125,72.33722686767578
3121,125.066,479.8049621582031,102.59788513183594
3122,125.106,479.9647216796875,123.90052032470703
3123,125.146,476.91058349609375,134.36398315429688
3124,125.186,472.61566162109375,144.79129028320312
3125,125.227,469.7139587402344,149.7255096435547
3126,125.267,464.4939880371094,154.57687377929688
3127,125.307,480.4466552734375,206.03721618652344
3128,125.347,480.36236572265625,208.89932250976562
3129,125.387,483.8879699707031,205.96534729003906
3130,125.427,483.1253967285156,206.03582763671875
3131,125.467,463.7435607910156,204.59344482421875
3132,125.507,439.3389587402344,219.43814086914062
3133,125.547,435.5414123535156,222.30926513671875
3134,125.587,430.57623291015625,224.8916778564453
3135,125.627,430.2370910644531,223.73324584960938
3136,125.667,431.74188232421875,219.6115264892578
3137,125.707,432.82598876953125,216.85623168945312
3138,125.748,429.9886169433594,215.59364318847656
3139,125.788,428.5943908691406,212.81015014648438
3140,125.828,428.10546875,212.38662719726562
3141,125.868,496.2257995605469,214.4287567138672
3142,125.908,510.4845275878906,217.48887634277344
3143,125.948,508.6325988769531,215.06419372558594
3144,125.988,508.7379455566406,214.14686584472656
3145,126.028,508.0015869140625,211.59095764160156
3146,126.068,506.84967041015625,210.82958984375
3147,126.108,507.4312744140625,209.87933349609375
3148,126.148,506.8297119140625,210.35935974121094
3149,126.188,505.0823974609375,210.44869995117188
3150,126.228,503.9505920410156,209.67823791503906
3151,126.268,505.0177001953125,209.26507568359375
3152,126.309,505.47467041015625,208.78076171875
3153,126.349,507.2777404785156,209.78050231933594
3154,126.389,507.6025390625,210.04649353027344
3155,126.429,509.2795715332031,208.3170928955078
3156,126.469,510.9473571777344,206.95916748046875
3157,126.509,510.7791442871094,205.9510498046875
3158,126.549,510.3076477050781,205.97366333007812
3159,126.589,508.4944152832031,204.49957275390625
3160,126.629,507.7042236328125,204.62078857421875
3161,126.669,507.0785827636719,205.101318359375
3162,126.709,506.7960205078125,206.0530242919922
3163,126.749,506.78289794921875,205.86146545410156
3164,126.789,504.8348693847656,203.771484375
3165,126.829,457.3299865722656,201.33880615234375
3166,126.87,445.75469970703125,199.36141967773438
3167,126.91,443.2460021972656,200.3026580810547
3168,126.95,442.7974548339844,200.96475219726562
3169,126.99,443.09893798828125,200.94459533691406
3170,127.03,442.91851806640625,200.12977600097656
3171,127.07,443.6834411621094,195.55149841308594
3172,127.11,430.3891296386719,173.88388061523438
3173,127.15,432.4651794433594,171.08726501464844
3174,127.19,432.0846252441406,168.08445739746094
3175,127.23,431.2166442871094,164.60153198242188
3176,127.27,454.1391296386719,170.84848022460938
3177,127.31,497.77020263671875,173.14169311523438
3178,127.35,498.9082336425781,173.16326904296875
3179,127.39,501.85919189453125,173.1108856201172
3180,127.431,501.84381103515625,174.99916076660156
3181,127.471,500.9209899902344,175.52976989746094
3182,127.511,499.6405334472656,174.96066284179688
3183,127.551,499.414794921875,174.04519653320312
3184,127.591,500.2494201660156,174.72950744628906
3185,127.631,501.7132873535156,176.36195373535156
3186,127.671,501.19219970703125,174.7943878173828
3187,127.711,502.1301574707031,174.2771759033203
3188,127.751,501.46502685546875,173.40000915527344
3189,127.791,499.8770751953125,173.03936767578125
3190,127.831,497.65673828125,172.68702697753906
3191,127.871,479.4102783203125,172.57110595703125
3192,127.911,478.6392822265625,172.05795288085938
3193,127.952,478.0830078125,170.30264282226562
3194,127.992,479.15570068359375,169.68899536132812
3195,128.032,481.2080078125,169.38795471191406
3196,128.072,482.486328125,169.87319946289062
3197,128.112,482.8418273925781,170.7554168701172
3198,128.152,482.2349853515625,171.15658569335938
3199,128.192,482.197265625,170.44041442871094
3200,128.232,482.2777404785156,168.45359802246094
3201,128.272,483.599609375,166.02520751953125
3202,128.312,482.9736022949219,161.7705535888672
3203,128.352,497.72955322265625,160.34921264648438
3204,128.392,498.32928466796875,159.2248992919922
3205,128.432,500.0401916503906,158.5953826904297
3206,128.472,499.73095703125,158.5199432373047
3207,128.513,499.3982849121094,157.9987030029297
3208,128.553,500.10479736328125,156.7140655517578
3209,128.593,500.0951843261719,155.78475952148438
3210,128.633,499.7636413574219,155.17068481445312
3211,128.673,500.135009765625,153.42916870117188
3212,128.713,500.54248046875,151.62435913085938
3213,128.753,501.59088134765625,150.29452514648438
3214,128.793,502.1449890136719,148.4729461669922
3215,128.833,502.25970458984375,147.45506286621094
3216,128.873,502.23663330078125,131.5376434326172
3217,128.913,490.4371337890625,146.9998779296875
3218,128.953,489.7921447753906,150.50576782226562
3219,128.993,488.6762390136719,150.56044006347656
3220,129.033,488.94244384765625,148.85491943359375
3221,129.074,488.5743408203125,147.77926635742188
3222,129.114,487.9012756347656,146.46522521972656
3223,129.154,487.67138671875,145.02308654785156
3224,129.194,488.4344482421875,144.53504943847656
3225,129.234,489.0230712890625,143.5067138671875
3226,129.274,489.7754821777344,121.98316955566406
3227,129.314,489.48291015625,114.111572265625
3228,129.354,482.4717712402344,102.35393524169922
3229,129.394,482.7752990722656,101.21387481689453
3230,129.434,484.0872802734375,109.65115356445312
3231,129.474,485.832275390625,117.80899810791016
3232,129.514,486.0359191894531,112.2215576171875
3233,129.554,490.58721923828125,124.91558074951172
3234,129.594,489.3558044433594,108.93761444091797
3235,129.635,487.1495666503906,103.98932647705078
3236,129.675,488.8472900390625,102.79066467285156
3237,129.715,490.4482116699219,108.47425842285156
3238,129.755,491.2542419433594,97.64165496826172
3239,129.795,491.1822509765625,84.65045166015625
3240,129.835,492.24542236328125,84.04691314697266
3241,129.875,494.4359130859375,113.7561264038086
3242,129.915,495.356201171875,125.23524475097656
3243,129.955,497.24835205078125,126.56986999511719
3244,129.995,497.30328369140625,123.64380645751953
3245,130.035,497.50750732421875,135.064208984375
3246,130.075,497.58941650390625,137.50457763671875
3247,130.115,500.0162048339844,135.4318084716797
3248,130.155,500.8873596191406,133.11720275878906
3249,130.196,499.4476318359375,132.6630859375
3250,130.236,497.7610778808594,133.59739685058594
3251,130.276,496.8678894042969,134.93548583984375
3252,130.316,493.6034240722656,135.8969268798828
3253,130.356,493.12799072265625,135.9314422607422
3254,130.396,493.2579040527344,135.3802032470703
3255,130.436,495.34564208984375,133.06723022460938
3256,130.476,496.3776550292969,130.931640625
3257,130.516,497.0893249511719,129.0203094482422
3258,130.556,497.1988525390625,128.10679626464844
3259,130.596,495.83892822265625,132.99758911132812
3260,130.636,555.2882690429688,78.56934356689453
3261,130.676,563.133544921875,73.10833740234375
3262,130.717,561.7713012695312,81.881591796875
3263,130.757,560.3877563476562,77.4588394165039
3264,130.797,516.8772583007812,100.4771957397461
3265,130.837,518.2862548828125,81.88703155517578
3266,130.877,504.67437744140625,88.36380004882812
3267,130.917,542.20751953125,52.41189193725586
3268,130.957,496.88348388671875,70.84917449951172
3269,130.997,549.1608276367188,25.8106632232666
3270,131.037,510.9630126953125,41.87798309326172
3271,131.077,520.4700927734375,26.356037139892578
3272,131.117,523.2833862304688,26.174400329589844
3273,131.157,531.6678466796875,17.78289794921875
3274,131.197,497.982666015625,11.935930252075195
3275,131.237,463.7638854980469,46.38692092895508
3276,131.278,475.47003173828125,81.9753189086914
3277,131.318,482.64154052734375,103.14015197753906
3278,131.358,478.11181640625,88.30319213867188
3279,131.398,472.6011657714844,84.173583984375
3280,131.438,469.6988525390625,77.2440414428711
3281,131.478,473.08001708984375,81.13325500488281
3282,131.518,474.7632751464844,80.31639862060547
3283,131.558,480.22369384765625,84.88597106933594
3284,131.598,473.9495849609375,52.51704788208008
3285,131.638,472.18218994140625,52.414093017578125
3286,131.678,451.4680480957031,32.70552062988281
3287,131.718,467.5724182128906,56.238834381103516
3288,131.758,471.4242248535156,3.5069618225097656
3289,131.798,nan,nan
3290,131.839,nan,nan
3291,131.879,nan,nan
3292,131.919,nan,nan
3293,131.959,524.1517333984375,4.421607971191406
3294,131.999,458.5987548828125,53.47772216796875
3295,132.039,481.8417053222656,62.312232971191406
3296,132.079,464.83734130859375,94.54888153076172
3297,132.119,466.4849853515625,108.4978256225586
3298,132.159,467.7481384277344,113.40454864501953
3299,132.199,466.9764404296875,105.39510345458984
3300,132.239,469.063720703125,110.89472961425781
3301,132.279,469.94525146484375,113.14190673828125
3302,132.319,458.2490539550781,125.09566497802734
3303,132.359,474.99847412109375,98.51090240478516
3304,132.4,454.9800109863281,75.59773254394531
3305,132.44,463.2698669433594,114.717041015625
3306,132.48,461.63299560546875,117.21109771728516
3307,132.52,467.0,109.7276611328125
3308,132.56,415.3175354003906,103.98090362548828
3309,132.6,461.1659851074219,91.657958984375
3310,132.64,455.5168151855469,116.69747161865234
3311,132.68,462.127685546875,120.87805938720703
3312,132.72,461.99627685546875,127.24188995361328
3313,132.76,462.7128601074219,125.77652740478516
3314,132.8,463.6020812988281,123.95636749267578
3315,132.84,450.5430908203125,122.04551696777344
3316,132.88,443.9694519042969,117.32035827636719
3317,132.92,443.1685485839844,117.34907531738281
3318,132.961,444.4441223144531,118.62738037109375
3319,133.001,446.962646484375,119.03813171386719
3320,133.041,448.6109313964844,121.1702651977539
3321,133.081,450.00341796875,124.94315338134766
3322,133.121,450.3948669433594,127.34851837158203
3323,133.161,451.1153259277344,130.19017028808594
3324,133.201,451.7630920410156,130.7772216796875
3325,133.241,453.4828186035156,130.8853759765625
3326,133.281,465.75421142578125,130.67230224609375
3327,133.321,482.3719787597656,139.1390838623047
3328,133.361,484.04412841796875,141.15126037597656
3329,133.401,487.48553466796875,139.64886474609375
3330,133.441,484.8916015625,134.61795043945312
3331,133.482,466.2263488769531,128.83843994140625
3332,133.522,443.0497131347656,119.72760772705078
3333,133.562,468.368896484375,105.52790832519531
3334,133.602,479.6240234375,92.99891662597656
3335,133.642,444.6717834472656,101.73530578613281
3336,133.682,433.78582763671875,103.35125732421875
3337,133.722,422.3747253417969,107.43577575683594
3338,133.762,458.9332580566406,95.86796569824219
3339,133.802,470.613037109375,87.50492858886719
3340,133.842,442.6378479003906,104.03448486328125
3341,133.882,455.5480041503906,95.4881591796875
3342,133.922,469.40570068359375,79.52049255371094
3343,133.962,485.9028015136719,66.60569763183594
3344,134.002,496.4198913574219,56.384193420410156
3345,134.043,460.0205993652344,75.75831604003906
3346,134.083,489.2328796386719,62.68449783325195
3347,134.123,448.2732238769531,92.41820526123047
3348,134.163,420.4864501953125,111.80839538574219
3349,134.203,431.95281982421875,99.78240966796875
3350,134.243,435.9949645996094,94.99115753173828
3351,134.283,440.0998229980469,90.94440460205078
3352,134.323,473.5016174316406,74.81600952148438
3353,134.363,455.1571044921875,80.03103637695312
3354,134.403,455.4570007324219,80.24805450439453
3355,134.443,441.5647277832031,87.61203002929688
3356,134.483,440.6121520996094,90.99198913574219
3357,134.523,443.0334777832031,92.42222595214844
3358,134.563,442.87567138671875,94.57550811767578
3359,134.604,443.2342529296875,96.25560760498047
3360,134.644,444.1456298828125,96.24007415771484
3361,134.684,450.4986877441406,129.3243865966797
3362,134.724,455.2763671875,132.04090881347656
3363,134.764,430.90234375,135.9285888671875
3364,134.804,432.3959655761719,135.44801330566406
3365,134.844,429.6283264160156,135.03530883789062
3366,134.884,424.1138610839844,131.1058807373047
3367,134.924,415.3986511230469,124.92365264892578
3368,134.964,378.68194580078125,37.57786178588867
3369,135.004,372.55279541015625,33.34630584716797
3370,135.044,373.0873107910156,38.36381530761719
3371,135.084,372.2373046875,47.31398391723633
3372,135.124,388.6706848144531,63.024173736572266
3373,135.165,389.6398620605469,62.971961975097656
3374,135.205,405.15130615234375,79.22103881835938
3375,135.245,397.43890380859375,67.15642547607422
3376,135.285,399.7414245605469,57.478633880615234
3377,135.325,402.2870788574219,92.16648864746094
3378,135.365,403.4483337402344,104.75212097167969
3379,135.405,410.5807800292969,128.2313690185547
3380,135.445,410.6522216796875,128.70437622070312
3381,135.485,410.9568176269531,128.2393341064453
3382,135.525,410.6644287109375,128.96385192871094
3383,135.565,388.2111511230469,100.0862045288086
3384,135.605,385.1114807128906,36.99072265625
3385,135.645,370.2546081542969,10.014179229736328
3386,135.685,369.9309387207031,13.751714706420898
3387,135.726,368.910400390625,30.904251098632812
3388,135.766,368.0063171386719,30.90143394470215
3389,135.806,367.7015380859375,17.85033416748047
3390,135.846,389.5285339355469,27.46451187133789
3391,135.886,nan,nan
3392,135.926,449.7869873046875,88.05598449707031
3393,135.966,464.8713684082031,91.10428619384766
3394,136.006,464.0873718261719,94.33346557617188
3395,136.046,464.3826599121094,97.98949432373047
3396,136.086,464.7109680175781,98.81440734863281
3397,136.126,467.64910888671875,101.67733764648438
3398,136.166,467.93035888671875,101.22450256347656
3399,136.206,462.14288330078125,103.18140411376953
3400,136.247,428.3935546875,114.76411437988281
3401,136.287,429.7530822753906,114.64315032958984
3402,136.327,429.7805480957031,114.4415283203125
3403,136.367,429.5685729980469,112.51127624511719
3404,136.407,428.9420471191406,112.61775970458984
3405,136.447,410.4450988769531,108.56383514404297
3406,136.487,406.8060302734375,107.94246673583984
3407,136.527,405.63916015625,107.27876281738281
3408,136.567,397.4486389160156,107.70092010498047
3409,136.607,414.98883056640625,111.52326202392578
3410,136.647,419.98846435546875,112.82621765136719
3411,136.687,424.4464416503906,114.09123992919922
3412,136.727,424.4473876953125,113.64849853515625
3413,136.767,424.59576416015625,113.5492935180664
3414,136.808,409.2677001953125,106.23125457763672
3415,136.848,414.1324157714844,105.09645080566406
3416,136.888,419.6091003417969,109.86673736572266
3417,136.928,416.8802795410156,105.359619140625
3418,136.968,403.97821044921875,96.73846435546875
3419,137.008,406.2130126953125,80.54735565185547
3420,137.048,418.85894775390625,95.013671875
3421,137.088,412.7081604003906,96.12236022949219
3422,137.128,483.1104431152344,81.42362213134766
3423,137.168,440.54449462890625,129.286376953125
3424,137.208,441.3266906738281,125.93426513671875
3425,137.248,449.904296875,126.75994110107422
3426,137.288,452.05859375,126.5666275024414
3427,137.328,452.11895751953125,126.6642074584961
3428,137.369,452.31573486328125,128.06495666503906
3429,137.409,451.40606689453125,129.10621643066406
3430,137.449,452.3599548339844,129.3361358642578
3431,137.489,454.5255432128906,129.02503967285156
3432,137.529,454.8457336425781,128.93344116210938
3433,137.569,456.1976623535156,127.6513442993164
3434,137.609,459.3537292480469,126.24449920654297
3435,137.649,464.9772033691406,122.70586395263672
3436,137.689,464.3648376464844,123.63909149169922
3437,137.729,462.86181640625,126.35718536376953
3438,137.769,475.0766906738281,133.8288116455078
3439,137.809,486.1388854980469,122.5090560913086
3440,137.849,486.5347900390625,136.14971923828125
3441,137.889,484.9056091308594,138.57305908203125
3442,137.93,484.4915466308594,140.03549194335938
3443,137.97,485.2470397949219,139.7367401123047
3444,138.01,485.6797790527344,138.38002014160156
3445,138.05,485.1713562011719,136.9720001220703
3446,138.09,485.88848876953125,30.257225036621094
3447,138.13,499.0395812988281,78.20818328857422
3448,138.17,491.09942626953125,119.77075958251953
3449,138.21,508.6530456542969,131.6507568359375
3450,138.25,510.76629638671875,132.64401245117188
3451,138.29,512.62255859375,132.01060485839844
3452,138.33,513.4619140625,129.7349853515625
3453,138.37,513.6327514648438,126.13983154296875
3454,138.41,513.6597900390625,123.18580627441406
3455,138.45,512.069091796875,118.9552001953125
3456,138.491,531.1591796875,95.94861602783203
3457,138.531,530.58056640625,98.09959411621094
3458,138.571,519.8778686523438,110.83876037597656
3459,138.611,518.1781005859375,114.93267822265625
3460,138.651,518.1243896484375,115.86824035644531
3461,138.691,515.7396850585938,115.83513641357422
3462,138.731,514.1461791992188,115.97047424316406
3463,138.771,518.160400390625,80.36155700683594
3464,138.811,529.1100463867188,70.86211395263672
3465,138.851,531.7930908203125,97.01160430908203
3466,138.891,531.765869140625,100.07671356201172
3467,138.931,523.1405029296875,67.7739486694336
3468,138.971,476.2932434082031,97.8531723022461
3469,139.012,480.98150634765625,114.82469940185547
3470,139.052,481.2648010253906,118.30001068115234
3471,139.092,482.744873046875,123.77838134765625
3472,139.132,482.1288757324219,127.9529037475586
3473,139.172,483.30352783203125,130.72216796875
3474,139.212,484.56915283203125,130.69290161132812
3475,139.252,484.7757873535156,131.5745086669922
3476,139.292,472.2893371582031,143.4351043701172
3477,139.332,471.4495544433594,144.73020935058594
3478,139.372,469.6024169921875,145.44309997558594
3479,139.412,466.9065856933594,144.87716674804688
3480,139.452,464.3515319824219,144.10227966308594
3481,139.492,462.760498046875,142.39437866210938
3482,139.532,450.7136535644531,131.7669677734375
3483,139.573,449.34222412109375,128.51376342773438
3484,139.613,448.8569641113281,124.06571197509766
3485,139.653,451.619140625,122.65486907958984
3486,139.693,453.38580322265625,127.82743072509766
3487,139.733,455.11102294921875,128.65711975097656
3488,139.773,471.0389099121094,146.1099395751953
3489,139.813,469.66021728515625,147.2561798095703
3490,139.853,469.04345703125,147.469482421875
3491,139.893,475.7616271972656,146.7058563232422
3492,139.933,491.92364501953125,137.5025634765625
3493,139.973,492.59930419921875,138.99293518066406
3494,140.013,493.6769714355469,138.4029083251953
3495,140.053,492.0848083496094,118.09507751464844
3496,140.093,491.9398498535156,110.70915985107422
3497,140.134,505.3873291015625,107.94982147216797
3498,140.174,504.81036376953125,107.50314331054688
3499,140.214,496.1531982421875,140.6030731201172
3500,140.254,496.7499694824219,139.8036346435547
3501,140.294,496.8774719238281,138.84628295898438
3502,140.334,498.0078125,139.99510192871094
3503,140.374,500.0137634277344,86.8351058959961
3504,140.414,501.1766052246094,106.48117065429688
3505,140.454,501.1671447753906,110.5357666015625
3506,140.494,483.550048828125,145.42234802246094
3507,140.534,477.4585266113281,147.4878692626953
3508,140.574,473.928466796875,147.59864807128906
3509,140.614,475.0313720703125,144.50311279296875
3510,140.654,474.4927062988281,141.9864501953125
3511,140.695,475.93304443359375,139.65525817871094
3512,140.735,484.7963562011719,131.97132873535156
3513,140.775,488.7056579589844,132.5503692626953
3514,140.815,489.5065612792969,132.07582092285156
3515,140.855,490.58624267578125,131.5626220703125
3516,140.895,490.773193359375,132.17625427246094
3517,140.935,490.9578857421875,132.61331176757812
3518,140.975,489.998779296875,132.2255401611328
3519,141.015,489.4824523925781,131.35890197753906
3520,141.055,488.7376403808594,131.90101623535156
3521,141.095,466.11810302734375,127.48318481445312
3522,141.135,520.0206909179688,125.71299743652344
3523,141.175,521.0826416015625,130.88296508789062
3524,141.216,519.8172607421875,130.75186157226562
3525,141.256,520.1957397460938,131.19461059570312
3526,141.296,517.5357055664062,131.23477172851562
3527,141.336,516.6484375,129.85260009765625
3528,141.376,508.6401062011719,100.3451156616211
3529,141.416,500.71990966796875,70.80437469482422
3530,141.456,507.1562194824219,66.55267333984375
3531,141.496,492.28131103515625,98.74790954589844
3532,141.536,487.8080139160156,104.55308532714844
3533,141.576,476.4200744628906,118.89623260498047
3534,141.616,475.3048400878906,118.00043487548828
3535,141.656,475.4101257324219,116.65795135498047
3536,141.696,452.8548278808594,60.40716552734375
3537,141.736,471.9473876953125,103.97488403320312
3538,141.777,469.8794250488281,98.37451171875
3539,141.817,476.4012451171875,110.08399963378906
3540,141.857,478.0422668457031,108.23091888427734
3541,141.897,497.2373046875,43.30644989013672
3542,141.937,494.4700927734375,41.45206832885742
3543,141.977,499.7294006347656,65.58943176269531
3544,142.017,502.30572509765625,63.811702728271484
3545,142.057,500.7833251953125,66.3731460571289
3546,142.097,502.7633972167969,60.51777267456055
3547,142.137,503.4017639160156,56.36913299560547
3548,142.177,502.2777404785156,59.06858825683594
3549,142.217,500.80755615234375,60.85711669921875
3550,142.257,500.1790771484375,61.28119659423828
3551,142.297,507.8395080566406,47.459388732910156
3552,142.338,524.85205078125,20.012939453125
3553,142.378,517.579345703125,31.122177124023438
3554,142.418,566.9395141601562,10.704334259033203
3555,142.458,565.203369140625,19.958906173706055
3556,142.498,570.5347290039062,23.023717880249023
3557,142.538,470.18585205078125,32.270877838134766
3558,142.578,473.4488220214844,6.8437347412109375
3559,142.618,nan,nan
3560,142.658,nan,nan
3561,142.698,544.2052612304688,6.73607873916626
3562,142.738,512.3115844726562,54.82423400878906
3563,142.778,493.7847900390625,83.05491638183594
3564,142.818,519.08251953125,55.589500427246094
3565,142.858,442.4433288574219,109.92796325683594
3566,142.899,456.53009033203125,115.72710418701172
3567,142.939,455.02203369140625,114.75349426269531
3568,142.979,461.4176330566406,116.92101287841797
3569,143.019,463.970947265625,118.0802001953125
3570,143.059,466.1922607421875,109.69676971435547
3571,143.099,468.8343505859375,100.70641326904297
3572,143.139,470.0686950683594,95.86572265625
3573,143.179,471.8485412597656,93.49609375
3574,143.219,475.29693603515625,98.26895904541016
3575,143.259,477.784912109375,100.348388671875
3576,143.299,449.81866455078125,127.9771957397461
3577,143.339,453.3956604003906,128.10939025878906
3578,143.379,454.91192626953125,126.90339660644531
3579,143.419,431.78759765625,122.15689086914062
3580,143.46,423.29461669921875,119.60965728759766
3581,143.5,439.1856384277344,120.53958129882812
3582,143.54,451.27655029296875,108.74972534179688
3583,143.58,462.52069091796875,104.58570098876953
3584,143.62,466.09771728515625,99.33555603027344
3585,143.66,426.9627380371094,107.5490493774414
3586,143.7,435.7054748535156,73.8150634765625
3587,143.74,440.736328125,89.08860778808594
3588,143.78,452.7135925292969,101.82835388183594
3589,143.82,454.0176696777344,118.04497528076172
3590,143.86,452.8587646484375,121.42859649658203
3591,143.9,479.2838134765625,94.47644805908203
3592,143.94,474.24029541015625,140.86395263671875
3593,143.981,472.6383972167969,138.83656311035156
3594,144.021,472.70391845703125,136.5381622314453
3595,144.061,471.8959045410156,131.2675018310547
3596,144.101,470.289306640625,118.90888977050781
3597,144.141,520.5626220703125,32.885398864746094
3598,144.181,512.4402465820312,18.03893280029297
3599,144.221,501.9847412109375,55.85487365722656
3600,144.261,499.650146484375,59.2517204284668
3601,144.301,497.9151306152344,66.31204986572266
3602,144.341,498.0640563964844,77.49765014648438
3603,144.381,499.165283203125,88.9454345703125
3604,144.421,500.7581481933594,93.46331787109375
3605,144.461,511.18536376953125,92.67253875732422
3606,144.501,497.54156494140625,103.59971618652344
3607,144.542,486.7198486328125,109.73518371582031
3608,144.582,487.44439697265625,108.39218139648438
3609,144.622,514.512451171875,66.07369995117188
3610,144.662,480.85137939453125,91.5937271118164
3611,144.702,506.07177734375,85.89046478271484
3612,144.742,506.2463684082031,89.26585388183594
3613,144.782,506.51226806640625,100.82266235351562
3614,144.822,511.86212158203125,88.74571990966797
3615,144.862,525.395263671875,99.84941101074219
3616,144.902,524.5630493164062,100.26615905761719
3617,144.942,524.4153442382812,100.46258544921875
3618,144.982,525.2907104492188,99.36174011230469
3619,145.022,533.8820190429688,79.39722442626953
3620,145.062,512.287841796875,101.85494995117188
3621,145.103,502.9755859375,105.02100372314453
3622,145.143,517.1050415039062,85.47747802734375
3623,145.183,516.2404174804688,86.2514877319336
3624,145.223,512.8961791992188,89.17279052734375
3625,145.263,512.3796997070312,90.49919128417969
3626,145.303,510.3387756347656,97.08692169189453
3627,145.343,512.6099853515625,99.70570373535156
3628,145.383,508.38446044921875,102.04960632324219
3629,145.423,514.6703491210938,90.05172729492188
3630,145.463,553.8274536132812,38.57699966430664
3631,145.503,552.5452270507812,36.0318489074707
3632,145.543,530.0643920898438,75.28936767578125
3633,145.583,533.7948608398438,71.68457794189453
3634,145.623,512.7738037109375,121.5060043334961
3635,145.664,520.6453857421875,132.95050048828125
3636,145.704,492.2639465332031,140.4437255859375
3637,145.744,487.5251159667969,140.884521484375
3638,145.784,496.19549560546875,138.46029663085938
3639,145.824,517.4238891601562,123.52616119384766
3640,145.864,501.4815673828125,162.8900146484375
3641,145.904,520.0132446289062,174.51516723632812
3642,145.944,526.9846801757812,174.79176330566406
3643,145.984,527.093017578125,175.87925720214844
3644,146.024,525.6919555664062,176.76695251464844
3645,146.064,524.03515625,178.47900390625
3646,146.104,521.1492919921875,182.18055725097656
3647,146.144,517.6781005859375,185.08639526367188
3648,146.184,519.0459594726562,184.49496459960938
3649,146.225,518.6986694335938,183.601806640625
3650,146.265,514.0330200195312,181.56082153320312
3651,146.305,514.0888671875,180.10501098632812
3652,146.345,512.469482421875,178.65097045898438
3653,146.385,495.838134765625,166.8205108642578
3654,146.425,492.788330078125,165.91517639160156
3655,146.465,493.001220703125,164.21820068359375
3656,146.505,493.5974426269531,162.98287963867188
3657,146.545,495.092041015625,160.5517120361328
3658,146.585,491.92999267578125,137.89743041992188
3659,146.625,501.98699951171875,115.5396728515625
3660,146.665,504.1701965332031,110.86286163330078
3661,146.705,545.920166015625,100.54029083251953
3662,146.746,512.2344360351562,105.19169616699219
3663,146.786,508.5287170410156,126.98218536376953
3664,146.826,494.81219482421875,115.45286560058594
3665,146.866,498.5252685546875,106.66295623779297
3666,146.906,501.1907043457031,99.64212036132812
3667,146.946,499.6376647949219,106.80335998535156
3668,146.986,497.3986511230469,125.00468444824219
3669,147.026,496.608642578125,132.12738037109375
3670,147.066,499.56890869140625,128.74449157714844
3671,147.106,498.9471435546875,128.1045379638672
3672,147.146,492.4316711425781,107.54940795898438
3673,147.186,494.9086608886719,124.9899673461914
3674,147.226,492.5826416015625,119.34601593017578
3675,147.266,490.00701904296875,117.70079803466797
3676,147.307,488.1994323730469,130.6034393310547
3677,147.347,485.67633056640625,127.16716766357422
3678,147.387,485.9754943847656,130.00653076171875
3679,147.427,485.9757385253906,130.25633239746094
3680,147.467,475.1311340332031,107.87004089355469
3681,147.507,480.9018249511719,124.4399185180664
3682,147.547,474.771484375,111.87559509277344
3683,147.587,480.17681884765625,119.48016357421875
3684,147.627,480.47833251953125,125.77944946289062
3685,147.667,474.9742736816406,113.5852279663086
3686,147.707,480.3450927734375,116.1045913696289
3687,147.747,479.038818359375,121.29924774169922
3688,147.787,483.4974060058594,128.16014099121094
3689,147.827,513.2379760742188,140.62692260742188
3690,147.868,515.7291870117188,155.4562225341797
3691,147.908,515.760009765625,156.37362670898438
3692,147.948,515.9884033203125,158.0771026611328
3693,147.988,517.3406372070312,160.60488891601562
3694,148.028,516.9947509765625,159.4967803955078
3695,148.068,516.7357788085938,157.9890594482422
3696,148.108,512.1680908203125,155.7708282470703
3697,148.148,513.0033569335938,154.97837829589844
3698,148.188,512.1876831054688,154.3822784423828
3699,148.228,511.5514221191406,154.05441284179688
3700,148.268,508.5573425292969,153.85301208496094
3701,148.308,505.9480895996094,152.2436981201172
3702,148.348,504.0592956542969,152.2457733154297
3703,148.388,502.7912292480469,152.57057189941406
3704,148.429,502.9723205566406,153.465576171875
3705,148.469,504.0990905761719,154.2129669189453
3706,148.509,506.6903991699219,155.62937927246094
3707,148.549,506.00982666015625,157.2690887451172
3708,148.589,503.3235778808594,156.54278564453125
3709,148.629,503.74072265625,156.24258422851562
3710,148.669,503.99505615234375,154.7940673828125
3711,148.709,472.8547668457031,166.95729064941406
3712,148.749,470.74169921875,169.10572814941406
3713,148.789,470.78692626953125,173.1188201904297
3714,148.829,469.8673095703125,174.6701202392578
3715,148.869,470.9323425292969,178.4501190185547
3716,148.909,497.23211669921875,199.12294006347656
3717,148.949,497.610595703125,199.41339111328125
3718,148.99,497.3356018066406,199.9764862060547
3719,149.03,494.1893005371094,200.4971466064453
3720,149.07,490.7209167480469,201.02760314941406
3721,149.11,492.4081115722656,201.59664916992188
3722,149.15,489.4855041503906,201.91197204589844
3723,149.19,495.7081298828125,203.63072204589844
3724,149.23,496.65875244140625,203.31832885742188
3725,149.27,498.86431884765625,202.83984375
3726,149.31,499.43701171875,201.9093017578125
3727,149.35,497.5647277832031,201.44622802734375
3728,149.39,497.8316345214844,188.66375732421875
3729,149.43,488.0622863769531,202.4415740966797
3730,149.47,496.06005859375,196.2247772216797
3731,149.511,495.5688171386719,195.85971069335938
3732,149.551,493.96795654296875,194.57261657714844
3733,149.591,476.2666015625,189.01409912109375
3734,149.631,447.2334289550781,158.17132568359375
3735,149.671,445.9240417480469,157.8476104736328
3736,149.711,446.17144775390625,155.55555725097656
3737,149.751,446.73895263671875,150.0597686767578
3738,149.791,448.11859130859375,143.8089599609375
3739,149.831,448.47882080078125,144.58999633789062
3740,149.871,448.0175476074219,144.89096069335938
3741,149.911,447.21990966796875,144.54248046875
3742,149.951,445.1717224121094,149.07183837890625
3743,149.991,447.1246337890625,148.22329711914062
3744,150.031,447.4629211425781,147.36009216308594
3745,150.072,446.85955810546875,147.5449676513672
3746,150.112,445.114990234375,146.8047637939453
3747,150.152,434.1286926269531,139.0738983154297
3748,150.192,431.37078857421875,132.69004821777344
3749,150.232,402.8260498046875,117.81428527832031
3750,150.272,405.0014953613281,122.38031768798828
3751,150.312,403.5111389160156,118.44145965576172
3752,150.352,400.8253173828125,105.73843383789062
3753,150.392,399.2214050292969,116.96532440185547
3754,150.432,400.1064758300781,120.85639953613281
3755,150.472,400.943603515625,122.75727081298828
3756,150.512,399.8594970703125,116.9355239868164
3757,150.552,397.36102294921875,113.8232192993164
3758,150.592,398.246337890625,111.22543334960938
3759,150.633,404.2666015625,113.05785369873047
3760,150.673,404.1075439453125,112.2511215209961
3761,150.713,403.4869079589844,112.55445098876953
3762,150.753,401.2091979980469,113.46331787109375
3763,150.793,368.5332946777344,72.8780288696289
3764,150.833,356.2696838378906,54.30839538574219
3765,150.873,346.1610412597656,38.889190673828125
3766,150.913,346.97955322265625,43.47614288330078
3767,150.953,346.31951904296875,47.035888671875
3768,150.993,347.84820556640625,47.90501403808594
3769,151.033,346.81585693359375,48.84205627441406
3770,151.073,345.0805969238281,46.171104431152344
3771,151.113,342.8398132324219,42.59208679199219
3772,151.153,345.793212890625,45.13456344604492
3773,151.194,345.9274597167969,43.33048629760742
3774,151.234,345.3133850097656,42.16065979003906
3775,151.274,346.00341796875,40.194828033447266
3776,151.314,364.27996826171875,53.26362228393555
3777,151.354,365.7639465332031,60.79409408569336
3778,151.394,367.1701965332031,59.87106704711914
3779,151.434,369.6587829589844,62.82620620727539
3780,151.474,368.6477355957031,60.148338317871094
3781,151.514,350.12249755859375,42.96089172363281
3782,151.554,393.6369934082031,103.34127044677734
3783,151.594,391.4995422363281,101.71566009521484
3784,151.634,392.4269104003906,102.00758361816406
3785,151.674,401.8255920410156,101.95406341552734
3786,151.714,402.6831970214844,100.97108459472656
3787,151.755,396.1055603027344,99.04586029052734
3788,151.795,393.76776123046875,98.3818588256836
3789,151.835,393.4520568847656,94.97893524169922
3790,151.875,332.5238037109375,36.14612579345703
3791,151.915,342.3361511230469,47.69053649902344
3792,151.955,337.4189147949219,46.425575256347656
3793,151.995,341.3353271484375,50.65359878540039
3794,152.035,338.9363708496094,48.64234924316406
3795,152.075,354.3660888671875,63.753257751464844
3796,152.115,437.2533874511719,151.0611114501953
3797,152.155,448.84857177734375,160.4927978515625
3798,152.195,445.3622131347656,166.97329711914062
3799,152.235,444.81158447265625,166.53329467773438
3800,152.276,445.7279357910156,166.22805786132812
3801,152.316,481.4045715332031,167.31658935546875
3802,152.356,476.0950927734375,167.00306701660156
3803,152.396,471.548095703125,168.12301635742188
3804,152.436,470.58319091796875,168.17555236816406
3805,152.476,481.6824951171875,154.14154052734375
3806,152.516,485.0758056640625,151.31175231933594
3807,152.556,485.0572204589844,146.98472595214844
3808,152.596,482.445556640625,145.51673889160156
3809,152.636,481.462890625,123.47687530517578
3810,152.676,479.6012268066406,139.70623779296875
3811,152.716,481.6474609375,128.67898559570312
3812,152.756,469.7855529785156,109.268310546875
3813,152.796,472.3280944824219,122.05964660644531
3814,152.837,472.3992004394531,124.45025634765625
3815,152.877,464.5693359375,123.88632202148438
3816,152.917,468.7919006347656,123.49556732177734
3817,152.957,469.3858642578125,122.86601257324219
3818,152.997,477.8340759277344,111.04907989501953
3819,153.037,487.8658447265625,98.10710906982422
3820,153.077,490.4410705566406,97.11460876464844
3821,153.117,493.81622314453125,104.51284790039062
3822,153.157,499.3122863769531,118.3020248413086
3823,153.197,501.34521484375,119.14662170410156
3824,153.237,499.1929016113281,121.3335189819336
3825,153.277,497.2764587402344,114.0649642944336
3826,153.317,495.56207275390625,118.35304260253906
3827,153.357,494.0860290527344,117.03984832763672
3828,153.398,477.93572998046875,77.27105712890625
3829,153.438,517.2433471679688,37.68748474121094
3830,153.478,470.28240966796875,102.74842834472656
3831,153.518,508.7032165527344,48.992862701416016
3832,153.558,475.32965087890625,115.05254364013672
3833,153.598,477.0589294433594,96.81885528564453
3834,153.638,466.17742919921875,110.07750701904297
3835,153.678,458.4474792480469,104.8863525390625
3836,153.718,454.5494079589844,111.997802734375
3837,153.758,478.5089416503906,88.91331481933594
3838,153.798,477.1408386230469,80.95620727539062
3839,153.838,511.56829833984375,64.66182708740234
3840,153.878,507.17999267578125,67.03756713867188
3841,153.918,476.8622131347656,101.12604522705078
3842,153.959,476.6941833496094,113.24913024902344
3843,153.999,475.8900146484375,114.7123031616211
3844,154.039,456.33892822265625,109.41645050048828
3845,154.079,458.0060119628906,115.91224670410156
3846,154.119,472.9985046386719,114.98439025878906
3847,154.159,462.58709716796875,125.63724517822266
3848,154.199,467.741943359375,105.65044403076172
3849,154.239,462.3225402832031,117.15225219726562
3850,154.279,458.2310485839844,112.89541625976562
3851,154.319,463.9576110839844,112.9044189453125
3852,154.359,461.78094482421875,113.39129638671875
3853,154.399,430.7679443359375,118.83782196044922
3854,154.439,417.9038391113281,123.62138366699219
3855,154.479,447.0096130371094,114.88964080810547
3856,154.52,456.122314453125,109.98390197753906
3857,154.56,475.63751220703125,115.5421142578125
3858,154.6,475.8544921875,115.73455810546875
3859,154.64,477.78094482421875,117.16828155517578
3860,154.68,428.8760986328125,124.65499877929688
3861,154.72,468.27301025390625,112.09854888916016
3862,154.76,468.9568786621094,106.54749298095703
3863,154.8,479.9014892578125,109.08700561523438
3864,154.84,475.9958801269531,108.00806427001953
3865,154.88,476.41375732421875,106.34429168701172
3866,154.92,474.9010925292969,107.20741271972656
3867,154.96,475.36309814453125,107.63793182373047
3868,155.0,474.9263610839844,108.36959075927734
3869,155.041,474.0122375488281,108.77420806884766
3870,155.081,476.4372863769531,107.33094787597656
3871,155.121,483.0793151855469,100.98819732666016
3872,155.161,461.4169006347656,127.1092529296875
3873,155.201,467.517822265625,99.70167541503906
3874,155.241,468.73260498046875,122.23497772216797
3875,155.281,465.28729248046875,129.31646728515625
3876,155.321,466.0804443359375,131.51034545898438
3877,155.361,465.6595458984375,133.1376495361328
3878,155.401,465.54449462890625,134.1498260498047
3879,155.441,466.4737854003906,133.92449951171875
3880,155.481,468.0716247558594,134.65635681152344
3881,155.521,469.2080993652344,134.8641815185547
3882,155.561,462.45062255859375,138.26658630371094
3883,155.602,421.304443359375,144.6526641845703
3884,155.642,423.625,149.19525146484375
3885,155.682,424.43585205078125,149.5570831298828
3886,155.722,425.0938720703125,150.52938842773438
3887,155.762,422.0339050292969,151.65664672851562
3888,155.802,421.1568298339844,150.85975646972656
3889,155.842,420.38665771484375,150.40000915527344
3890,155.882,419.9106140136719,150.2377166748047
3891,155.922,419.5861511230469,149.89064025878906
3892,155.962,407.5966491699219,133.00057983398438
3893,156.002,409.386474609375,133.07968139648438
3894,156.042,407.4027099609375,129.32333374023438
3895,156.082,406.83905029296875,131.73440551757812
3896,156.122,404.6562805175781,131.86697387695312
3897,156.163,403.40863037109375,132.5580291748047
3898,156.203,403.4888000488281,124.04039001464844
3899,156.243,401.48846435546875,124.14773559570312
3900,156.283,400.54962158203125,124.11318969726562
3901,156.323,406.7563171386719,124.52010345458984
3902,156.363,404.8483581542969,136.74990844726562
3903,156.403,401.7623596191406,166.4127197265625
3904,156.443,404.04681396484375,167.11676025390625
3905,156.483,400.9662780761719,164.0716094970703
3906,156.523,399.4789123535156,160.9881591796875
3907,156.563,398.9881896972656,160.99270629882812
3908,156.603,399.4948425292969,161.95291137695312
3909,156.643,398.7531433105469,163.44007873535156
3910,156.683,397.05255126953125,164.3502655029297
3911,156.724,396.9057922363281,166.2225799560547
3912,156.764,397.1486511230469,168.754638671875
3913,156.804,381.85736083984375,207.8349151611328
3914,156.844,384.5004577636719,212.81117248535156
3915,156.884,387.2738952636719,214.60653686523438
3916,156.924,388.0936584472656,216.14088439941406
3917,156.964,385.9204406738281,216.14187622070312
3918,157.004,381.9989013671875,218.9192352294922
3919,157.044,381.9512939453125,217.7337646484375
3920,157.084,379.4716491699219,219.4130096435547
3921,157.124,406.4111328125,169.54376220703125
3922,157.164,412.3060607910156,165.44471740722656
3923,157.204,414.01556396484375,165.0287628173828
3924,157.245,413.6335144042969,165.8071746826172
3925,157.285,413.00152587890625,166.2304229736328
3926,157.325,398.73956298828125,129.09719848632812
3927,157.365,400.4878845214844,147.4739227294922
3928,157.405,398.0682373046875,148.86575317382812
3929,157.445,395.99237060546875,153.65406799316406
3930,157.485,393.14984130859375,153.53701782226562
3931,157.525,394.8482666015625,152.4603729248047
3932,157.565,395.9005126953125,151.42669677734375
3933,157.605,393.4615173339844,143.3184356689453
3934,157.645,396.5574645996094,145.2677001953125
3935,157.685,393.1457214355469,148.39073181152344
3936,157.725,392.3456726074219,152.01803588867188
3937,157.765,387.7362976074219,136.03500366210938
3938,157.806,388.9203796386719,129.9730224609375
3939,157.846,386.9548645019531,124.62763214111328
3940,157.886,387.4285583496094,116.52899169921875
3941,157.926,385.5246276855469,110.7752685546875
3942,157.966,376.708984375,113.00609588623047
3943,158.006,373.5562438964844,111.21715545654297
3944,158.046,345.0164794921875,101.45738983154297
3945,158.086,325.8227233886719,86.06549835205078
3946,158.126,356.3302001953125,118.0875015258789
3947,158.166,359.87384033203125,123.34477233886719
3948,158.206,375.3521423339844,137.595703125
3949,158.246,378.3407287597656,137.27732849121094
3950,158.286,379.5975036621094,137.50057983398438
3951,158.326,380.1785888671875,135.41741943359375
3952,158.367,379.5513610839844,135.1426239013672
3953,158.407,379.8384094238281,134.86952209472656
3954,158.447,381.3389892578125,132.02407836914062
3955,158.487,381.0384521484375,132.73260498046875
3956,158.527,381.6934509277344,133.7657470703125
3957,158.567,378.552490234375,113.2973403930664
3958,158.607,376.4029541015625,107.37895202636719
3959,158.647,354.2812805175781,89.18437957763672
3960,158.687,403.7839660644531,102.04183959960938
3961,158.727,394.5537414550781,106.24535369873047
3962,158.767,402.3028564453125,105.66458129882812
3963,158.807,379.8848876953125,98.43047332763672
3964,158.847,374.3466491699219,102.86382293701172
3965,158.887,372.5214538574219,111.86624908447266
3966,158.928,369.3080749511719,109.85973358154297
3967,158.968,359.4179382324219,92.09309387207031
3968,159.008,411.7454528808594,109.80548858642578
3969,159.048,423.4815368652344,111.52645874023438
3970,159.088,432.5356140136719,121.31900024414062
3971,159.128,414.5303039550781,125.91656494140625
3972,159.168,421.5571594238281,129.52371215820312
3973,159.208,423.20648193359375,130.20379638671875
3974,159.248,418.5818176269531,130.74217224121094
3975,159.288,401.9448547363281,78.5146713256836
3976,159.328,353.3552551269531,33.54475021362305
3977,159.368,359.0181579589844,74.88285827636719
3978,159.408,373.1697692871094,101.72796630859375
3979,159.448,389.2033386230469,121.81997680664062
3980,159.489,390.7943115234375,122.7869873046875
3981,159.529,377.88848876953125,100.29788970947266
3982,159.569,330.4543762207031,31.183975219726562
3983,159.609,359.06536865234375,53.56105041503906
3984,159.649,391.1221618652344,85.92350006103516
3985,159.689,390.7184753417969,107.7291030883789
3986,159.729,391.59033203125,117.82878112792969
3987,159.769,383.5559997558594,129.5193328857422
3988,159.809,384.48773193359375,132.72470092773438
3989,159.849,385.4390869140625,134.23487854003906
3990,159.889,385.9419860839844,135.01856994628906
3991,159.929,387.3699951171875,136.01730346679688
3992,159.969,387.37274169921875,135.93310546875
3993,160.01,385.5142517089844,136.12265014648438
3994,160.05,383.66864013671875,136.44674682617188
3995,160.09,384.0685119628906,135.56155395507812
3996,160.13,385.25213623046875,132.9910430908203
3997,160.17,400.19683837890625,126.08988952636719
3998,160.21,389.9605407714844,123.58222961425781
3999,160.25,400.89495849609375,128.1787109375
4000,160.29,403.2873229980469,130.2233123779297
4001,160.33,394.5964660644531,93.13070678710938
4002,160.37,356.62921142578125,101.06871795654297
4003,160.41,357.3748779296875,106.3084487915039
4004,160.45,375.00762939453125,113.52176666259766
4005,160.49,384.537353515625,115.20464324951172
4006,160.53,382.2975769042969,113.064453125
4007,160.571,381.498779296875,112.85650634765625
4008,160.611,373.0573425292969,83.0450439453125
4009,160.651,368.3974609375,89.33948516845703
4010,160.691,385.58642578125,100.4656982421875
4011,160.731,401.386474609375,91.91246795654297
4012,160.771,425.348876953125,79.09351348876953
4013,160.811,391.485107421875,75.54255676269531
4014,160.851,373.47119140625,80.33519744873047
4015,160.891,368.8532409667969,82.02955627441406
4016,160.931,350.43988037109375,100.2737808227539
4017,160.971,343.5816955566406,106.62347412109375
4018,161.011,362.89794921875,101.34516906738281
4019,161.051,371.36785888671875,109.48249053955078
4020,161.091,391.0746765136719,113.6440200805664
4021,161.132,379.77398681640625,109.20868682861328
4022,161.172,356.4056701660156,98.92173767089844
4023,161.212,410.5236511230469,136.46487426757812
4024,161.252,408.2666320800781,105.27278900146484
4025,161.292,402.4953308105469,112.98788452148438
4026,161.332,405.6211242675781,115.3272705078125
4027,161.372,407.8098449707031,128.6378173828125
4028,161.412,362.7692565917969,89.36296081542969
4029,161.452,326.0674133300781,21.902263641357422
4030,161.492,352.28668212890625,114.37422943115234
4031,161.532,381.28668212890625,144.49986267089844
4032,161.572,400.85638427734375,143.67552185058594
4033,161.612,402.59222412109375,147.2183074951172
4034,161.652,403.4338684082031,121.50639343261719
4035,161.693,399.5263671875,115.79637145996094
4036,161.733,400.65032958984375,117.66891479492188
4037,161.773,391.10223388671875,138.68649291992188
4038,161.813,387.7500305175781,143.07444763183594
4039,161.853,381.0691833496094,143.7056121826172
4040,161.893,380.3738708496094,143.6390380859375
4041,161.933,380.3430480957031,142.74581909179688
4042,161.973,381.4021911621094,142.606689453125
4043,162.013,378.6590576171875,141.72276306152344
4044,162.053,377.20703125,134.9977569580078
4045,162.093,378.7293701171875,136.09378051757812
4046,162.133,378.1081237792969,134.43711853027344
4047,162.173,375.0975036621094,112.16018676757812
4048,162.213,370.3740539550781,99.77320098876953
4049,162.254,352.5505676269531,112.48939514160156
4050,162.294,360.7737731933594,122.78473663330078
4051,162.334,359.6227722167969,123.1421127319336
4052,162.374,341.7460632324219,106.6717300415039
4053,162.414,342.7747497558594,105.07127380371094
4054,162.454,365.9571838378906,101.8936538696289
4055,162.494,387.9473571777344,97.29754638671875
4056,162.534,344.22491455078125,25.723880767822266
4057,162.574,333.6087341308594,43.31634521484375
4058,162.614,343.9958801269531,80.80696868896484
4059,162.654,345.59063720703125,83.04369354248047
4060,162.694,346.4547119140625,96.33830261230469
4061,162.734,347.392822265625,95.69435119628906
4062,162.775,341.1252746582031,89.2384262084961
4063,162.815,337.6902770996094,88.7675552368164
4064,162.855,336.40087890625,88.63712310791016
4065,162.895,315.91864013671875,53.99169158935547
4066,162.935,345.4667053222656,87.63674926757812
4067,162.975,339.85137939453125,80.3360824584961
4068,163.015,342.9903259277344,92.0240249633789
4069,163.055,343.63433837890625,97.21436309814453
4070,163.095,386.7159729003906,99.6668472290039
4071,163.135,358.9022521972656,70.34039306640625
4072,163.175,465.9100646972656,51.75366973876953
4073,163.215,nan,nan
4074,163.255,433.5931396484375,43.59147644042969
4075,163.295,435.1678161621094,61.9888916015625
4076,163.336,419.29949951171875,41.45415496826172
4077,163.376,420.3691101074219,30.405290603637695
4078,163.416,409.0759582519531,29.642980575561523
4079,163.456,432.9684143066406,88.24346923828125
4080,163.496,422.741455078125,84.5384750366211
4081,163.536,427.8362121582031,93.02371215820312
4082,163.576,435.80584716796875,99.44922637939453
4083,163.616,421.817626953125,96.84272003173828
4084,163.656,431.80419921875,90.44937896728516
4085,163.696,414.4495849609375,63.785926818847656
4086,163.736,417.3380432128906,78.07225799560547
4087,163.776,420.2265319824219,59.798309326171875
4088,163.816,430.3282775878906,87.65127563476562
4089,163.856,546.8139038085938,47.63515853881836
4090,163.897,530.4901733398438,54.193016052246094
4091,163.937,555.8093872070312,80.20706939697266
4092,163.977,511.3179016113281,122.33964538574219
4093,164.017,503.1482238769531,130.2135772705078
4094,164.057,493.9375,137.07687377929688
4095,164.097,471.8555908203125,104.23555755615234
4096,164.137,481.1958923339844,132.70277404785156
4097,164.177,483.5518798828125,146.7210235595703
4098,164.217,471.0567626953125,162.97984313964844
4099,164.257,468.20416259765625,163.35418701171875
4100,164.297,463.6248474121094,167.3189697265625
4101,164.337,458.5986328125,172.1620330810547
4102,164.377,457.6298522949219,172.51589965820312
4103,164.417,456.71197509765625,181.79818725585938
4104,164.458,455.151123046875,186.91171264648438
4105,164.498,449.73004150390625,194.25778198242188
4106,164.538,446.277587890625,191.7589111328125
4107,164.578,445.1038818359375,190.8024139404297
4108,164.618,440.9172668457031,197.36050415039062
4109,164.658,437.89825439453125,200.89500427246094
4110,164.698,434.48114013671875,203.1839141845703
4111,164.738,431.7844543457031,203.2276153564453
4112,164.778,426.928466796875,202.93992614746094
4113,164.818,428.11077880859375,203.65916442871094
4114,164.858,410.2016906738281,195.9865264892578
4115,164.898,447.6266784667969,141.21163940429688
4116,164.938,413.4602966308594,199.37025451660156
4117,164.978,420.6072082519531,189.63067626953125
4118,165.019,411.93328857421875,195.3735809326172
4119,165.059,413.6185607910156,194.51754760742188
4120,165.099,414.95819091796875,192.64239501953125
4121,165.139,465.79522705078125,187.32582092285156
4122,165.179,466.036865234375,181.6306610107422
4123,165.219,464.96685791015625,182.922119140625
4124,165.259,465.1943359375,180.6125030517578
4125,165.299,465.6076354980469,179.06777954101562
4126,165.339,472.7619934082031,179.72654724121094
4127,165.379,469.24090576171875,177.788818359375
4128,165.419,468.34576416015625,176.39675903320312
4129,165.459,470.22882080078125,170.9917449951172
4130,165.499,471.9942321777344,168.678955078125
4131,165.54,471.6665344238281,167.58705139160156
4132,165.58,470.9839172363281,162.12916564941406
4133,165.62,466.9936828613281,165.02313232421875
4134,165.66,467.26361083984375,164.17628479003906
4135,165.7,466.0574035644531,165.31109619140625
4136,165.74,464.60736083984375,164.48973083496094
4137,165.78,484.8149108886719,158.91127014160156
4138,165.82,485.0173645019531,158.05386352539062
4139,165.86,484.36260986328125,158.19020080566406
4140,165.9,485.6560974121094,157.7568359375
4141,165.94,483.6281433105469,158.2205352783203
4142,165.98,482.8103942871094,157.36148071289062
4143,166.02,482.90594482421875,156.26895141601562
4144,166.06,482.90435791015625,156.3511199951172
4145,166.101,484.2026062011719,157.2740478515625
4146,166.141,485.6593017578125,158.20346069335938
4147,166.181,517.5883178710938,133.84439086914062
4148,166.221,497.20233154296875,149.02464294433594
4149,166.261,485.6053161621094,159.52796936035156
4150,166.301,471.1015319824219,152.15826416015625
4151,166.341,458.4564208984375,144.26321411132812
4152,166.381,462.3750305175781,141.908203125
4153,166.421,460.2088623046875,142.4755401611328
4154,166.461,457.2826843261719,142.96267700195312
4155,166.501,456.6937255859375,141.14414978027344
4156,166.541,456.2038269042969,140.0756072998047
4157,166.581,455.5730895996094,140.5588836669922
4158,166.621,454.94525146484375,140.57876586914062
4159,166.662,453.35443115234375,139.8783416748047
4160,166.702,429.89208984375,142.33975219726562
4161,166.742,400.10052490234375,153.1089630126953
4162,166.782,402.9753723144531,152.43031311035156
4163,166.822,405.1181335449219,150.07423400878906
4164,166.862,409.97833251953125,151.9122772216797
4165,166.902,450.7342529296875,140.5548553466797
4166,166.942,459.2265319824219,138.6006622314453
4167,166.982,472.2068176269531,128.93978881835938
4168,167.022,426.52410888671875,149.6781463623047
4169,167.062,453.6688232421875,144.80433654785156
4170,167.102,454.6825256347656,142.3250732421875
4171,167.142,455.5765686035156,140.93211364746094
4172,167.182,456.2839660644531,138.8492431640625
4173,167.223,456.54180908203125,137.3908233642578
4174,167.263,456.7554931640625,134.414794921875
4175,167.303,457.0491943359375,133.57070922851562
4176,167.343,456.940673828125,135.21067810058594
4177,167.383,456.46710205078125,134.86672973632812
4178,167.423,455.0540771484375,133.77259826660156
4179,167.463,440.65277099609375,125.48531341552734
4180,167.503,428.2626647949219,118.68663787841797
4181,167.543,450.2724609375,116.52008819580078
4182,167.583,455.8474426269531,120.1806869506836
4183,167.623,454.0405578613281,119.250244140625
4184,167.663,448.17022705078125,111.67724609375
4185,167.703,444.4230041503906,108.12147521972656
4186,167.743,445.63995361328125,108.12531280517578
4187,167.784,459.61627197265625,91.43418884277344
4188,167.824,479.2488098144531,158.9510955810547
4189,167.864,477.1861267089844,160.0289764404297
4190,167.904,475.17437744140625,163.55670166015625
4191,167.944,428.184326171875,281.924072265625
4192,167.984,nan,nan
4193,168.024,nan,nan
4194,168.064,nan,nan
4195,168.104,nan,nan
4196,168.144,nan,nan
4197,168.184,nan,nan
4198,168.224,503.5826721191406,359.3888854980469
4199,168.264,515.8658447265625,96.42935180664062
4200,168.305,518.4027709960938,94.43949890136719
4201,168.345,522.5197143554688,75.42578887939453
4202,168.385,581.499267578125,97.5595703125
4203,168.425,515.3906860351562,130.10235595703125
4204,168.465,518.695068359375,183.81394958496094
4205,168.505,324.06201171875,374.7769470214844
4206,168.545,nan,nan
4207,168.585,nan,nan
4208,168.625,nan,nan
4209,168.665,nan,nan
4210,168.705,nan,nan
4211,168.745,nan,nan
4212,168.785,nan,nan
4213,168.825,nan,nan
4214,168.866,nan,nan
4215,168.906,nan,nan
4216,168.946,nan,nan
4217,168.986,nan,nan
4218,169.026,nan,nan
4219,169.066,nan,nan
4220,169.106,nan,nan
4221,169.146,398.6707763671875,591.6360473632812
4222,169.186,471.1884460449219,508.08349609375
4223,169.226,474.0857238769531,503.24560546875
4224,169.266,473.0052185058594,494.8267822265625
4225,169.306,470.05267333984375,490.10504150390625
4226,169.346,452.73297119140625,483.0819396972656
4227,169.386,440.33966064453125,488.5251159667969
4228,169.427,468.2437438964844,487.9184265136719
4229,169.467,556.6785278320312,494.4222717285156
4230,169.507,638.1881103515625,492.1429138183594
4231,169.547,560.4407958984375,507.61431884765625
4232,169.587,556.085693359375,510.2983093261719
4233,169.627,558.0145263671875,510.8321838378906
4234,169.667,549.6388549804688,499.3288879394531
4235,169.707,543.7667236328125,493.10235595703125
4236,169.747,537.6482543945312,504.6596374511719
4237,169.787,541.08056640625,492.71392822265625
4238,169.827,539.9139404296875,493.5213623046875
4239,169.867,553.3089599609375,475.888671875
4240,169.907,527.4767456054688,473.05615234375
4241,169.947,526.980712890625,472.2917785644531
4242,169.988,538.8756103515625,483.98907470703125
4243,170.028,nan,nan
4244,170.068,nan,nan
4245,170.108,nan,nan
4246,170.148,nan,nan
4247,170.188,nan,nan
4248,170.228,nan,nan
4249,170.268,555.3670654296875,585.2373046875
4250,170.308,nan,nan
4251,170.348,nan,nan
4252,170.388,nan,nan
4253,170.428,nan,nan
4254,170.468,nan,nan
4255,170.508,nan,nan
4256,170.549,nan,nan
4257,170.589,nan,nan
4258,170.629,322.36614990234375,585.1991577148438
4259,170.669,321.3968505859375,571.1439208984375
4260,170.709,332.9464111328125,573.9932861328125
4261,170.749,359.05517578125,582.9434814453125
4262,170.789,421.38128662109375,450.6642150878906
4263,170.829,433.7779846191406,436.393310546875
4264,170.869,439.69720458984375,437.7445068359375
4265,170.909,444.5328063964844,439.114990234375
4266,170.949,445.8228454589844,442.88238525390625
4267,170.989,445.4693298339844,441.47833251953125
4268,171.029,444.8221435546875,441.76824951171875
4269,171.07,444.424072265625,440.2145080566406
4270,171.11,446.0313415527344,439.16864013671875
4271,171.15,455.9493103027344,407.599365234375
4272,171.19,450.9869079589844,422.2643737792969
4273,171.23,391.71728515625,520.5123291015625
4274,171.27,nan,nan
4275,171.31,nan,nan
4276,171.35,nan,nan
4277,171.39,nan,nan
4278,171.43,nan,nan
4279,171.47,nan,nan
4280,171.51,nan,nan
4281,171.55,nan,nan
4282,171.59,453.7157287597656,475.4305419921875
4283,171.631,436.4789733886719,427.5079650878906
4284,171.671,430.76519775390625,424.650390625
4285,171.711,434.66033935546875,433.254150390625
4286,171.751,438.90948486328125,424.33673095703125
4287,171.791,441.31640625,426.71771240234375
4288,171.831,439.8580627441406,430.1868896484375
4289,171.871,420.6932067871094,492.7090148925781
4290,171.911,379.64471435546875,524.6746826171875
4291,171.951,402.24169921875,491.366455078125
4292,171.991,393.43994140625,519.3279418945312
4293,172.031,362.109130859375,499.8146057128906
4294,172.071,360.94818115234375,500.4657897949219
4295,172.111,371.9578552246094,493.577392578125
4296,172.151,350.1902770996094,499.7788391113281
4297,172.192,351.8135070800781,486.9903869628906
4298,172.232,357.6943359375,487.430908203125
4299,172.272,363.372802734375,481.76934814453125
4300,172.312,380.2747497558594,484.462646484375
4301,172.352,377.7191467285156,473.4976806640625
4302,172.392,381.356689453125,469.6608581542969
4303,172.432,382.3000183105469,468.0303039550781
4304,172.472,383.5643615722656,466.09942626953125
4305,172.512,386.27752685546875,464.0322265625
4306,172.552,387.95013427734375,464.9045104980469
4307,172.592,388.1697692871094,465.9687805175781
4308,172.632,387.9147644042969,468.85333251953125
4309,172.672,388.10443115234375,470.13299560546875
4310,172.712,389.4368591308594,470.8694152832031
4311,172.753,391.446044921875,471.75958251953125
4312,172.793,394.2762756347656,468.7529296875
4313,172.833,402.6653747558594,449.7233581542969
4314,172.873,405.9575500488281,457.16131591796875
4315,172.913,401.09906005859375,459.3155517578125
4316,172.953,420.23370361328125,461.2839050292969
4317,172.993,400.8797607421875,473.3739318847656
4318,173.033,400.69586181640625,473.35467529296875
4319,173.073,399.8143310546875,473.2098388671875
4320,173.113,396.29168701171875,473.64654541015625
4321,173.153,391.18896484375,489.3995666503906
4322,173.193,393.8509521484375,489.9936828613281
4323,173.233,389.5752258300781,480.7884521484375
4324,173.274,390.2335205078125,491.0056457519531
4325,173.314,387.2192687988281,491.5782775878906
4326,173.354,386.9333190917969,495.9461669921875
4327,173.394,496.30908203125,545.1085815429688
4328,173.434,nan,nan
4329,173.474,nan,nan
4330,173.514,nan,nan
4331,173.554,nan,nan
4332,173.594,nan,nan
4333,173.634,nan,nan
4334,173.674,nan,nan
4335,173.714,667.613037109375,35.36967086791992
4336,173.754,597.348876953125,72.9388656616211
4337,173.794,571.080322265625,171.65330505371094
4338,173.835,545.8330078125,223.16513061523438
4339,173.875,530.4356079101562,257.9138488769531
4340,173.915,533.6686401367188,268.3948974609375
4341,173.955,559.4554443359375,252.80409240722656
4342,173.995,547.1220092773438,268.5919189453125
4343,174.035,547.8604736328125,240.1725616455078
4344,174.075,519.876953125,252.0298309326172
4345,174.115,511.65008544921875,267.6959533691406
4346,174.155,468.7239685058594,162.9722137451172
4347,174.195,469.5111389160156,169.2509765625
4348,174.235,465.6534118652344,171.49383544921875
4349,174.275,455.1539306640625,178.7817840576172
4350,174.315,422.3163757324219,183.88796997070312
4351,174.355,407.9996643066406,185.72850036621094
4352,174.396,406.1957092285156,190.99098205566406
4353,174.436,411.93475341796875,194.24229431152344
4354,174.476,410.753173828125,204.03636169433594
4355,174.516,425.9766540527344,206.85511779785156
4356,174.556,481.8945007324219,200.4882049560547
4357,174.596,476.2611999511719,202.32022094726562
4358,174.636,473.5564270019531,209.35919189453125
4359,174.676,468.32257080078125,204.57333374023438
4360,174.716,468.769287109375,202.8682403564453
4361,174.756,476.37286376953125,206.24114990234375
4362,174.796,470.75439453125,200.334716796875
4363,174.836,462.4204406738281,212.26348876953125
4364,174.876,471.8228759765625,214.82461547851562
4365,174.916,462.77996826171875,242.93353271484375
4366,174.957,466.87286376953125,255.61972045898438
4367,174.997,471.0162353515625,255.888427734375
4368,175.037,468.31903076171875,251.33253479003906
4369,175.077,467.74822998046875,234.66549682617188
4370,175.117,466.2085876464844,208.2242889404297
4371,175.157,461.1278076171875,193.03395080566406
4372,175.197,457.585693359375,171.0556182861328
4373,175.237,463.1387634277344,161.40121459960938
4374,175.277,471.7306823730469,159.70718383789062
4375,175.317,469.5393371582031,176.2200927734375
4376,175.357,471.4611511230469,167.9398193359375
4377,175.397,485.8553161621094,165.00755310058594
4378,175.437,496.5096435546875,157.94480895996094
4379,175.477,492.96539306640625,161.4254913330078
4380,175.518,502.5708312988281,152.45697021484375
4381,175.558,518.2791748046875,145.51666259765625
4382,175.598,517.9041137695312,147.67132568359375
4383,175.638,522.6298828125,137.25344848632812
4384,175.678,518.3704223632812,139.40879821777344
4385,175.718,530.5307006835938,141.89132690429688
4386,175.758,531.304931640625,150.5292510986328
4387,175.798,530.52880859375,152.4352264404297
4388,175.838,529.68212890625,160.80921936035156
4389,175.878,528.345947265625,156.7173614501953
4390,175.918,530.2821655273438,158.88624572753906
4391,175.958,533.8588256835938,157.6822052001953
4392,175.998,542.2999877929688,157.2163543701172
4393,176.039,513.5115356445312,237.14080810546875
4394,176.079,nan,nan
4395,176.119,416.32080078125,235.06398010253906
4396,176.159,448.9296569824219,174.23733520507812
4397,176.199,431.7392578125,189.72039794921875
4398,176.239,435.63134765625,197.777099609375
4399,176.279,424.31292724609375,196.62811279296875
4400,176.319,413.5448913574219,181.52178955078125
4401,176.359,400.3387756347656,160.3901824951172
4402,176.399,404.01702880859375,139.0255584716797
4403,176.439,367.65234375,136.10321044921875
4404,176.479,366.5327453613281,130.0543670654297
4405,176.519,365.0545654296875,127.5390853881836
4406,176.559,421.71722412109375,190.2803192138672
4407,176.6,418.0458068847656,186.80166625976562
4408,176.64,414.0404357910156,185.3267059326172
4409,176.68,430.8778991699219,176.06675720214844
4410,176.72,405.9043884277344,168.60899353027344
4411,176.76,385.8226623535156,184.91293334960938
4412,176.8,388.44329833984375,176.21482849121094
4413,176.84,413.58489990234375,178.62452697753906
4414,176.88,420.2286376953125,178.18719482421875
4415,176.92,422.5203857421875,178.6887664794922
4416,176.96,426.37469482421875,176.80006408691406
4417,177.0,423.67083740234375,177.42323303222656
4418,177.04,435.1271057128906,176.65756225585938
4419,177.08,426.17718505859375,177.15695190429688
4420,177.12,425.56829833984375,167.44256591796875
4421,177.161,412.2669372558594,173.24569702148438
4422,177.201,418.27032470703125,181.0550994873047
4423,177.241,418.9168701171875,166.9576416015625
4424,177.281,420.77056884765625,178.0281219482422
4425,177.321,422.5223083496094,182.70101928710938
4426,177.361,425.3636169433594,181.3018035888672
4427,177.401,428.07354736328125,190.5734100341797
4428,177.441,430.9280700683594,186.42051696777344
4429,177.481,429.2837829589844,181.6783905029297
4430,177.521,440.0664978027344,184.49740600585938
4431,177.561,342.7059631347656,330.98193359375
4432,177.601,310.7345275878906,470.4649963378906
4433,177.641,311.82208251953125,471.9143981933594
4434,177.681,325.3626708984375,428.6775207519531
4435,177.722,352.0392150878906,381.52471923828125
4436,177.762,nan,nan
4437,177.802,nan,nan
4438,177.842,nan,nan
4439,177.882,nan,nan
4440,177.922,nan,nan
4441,177.962,nan,nan
4442,178.002,449.7743225097656,3.656116485595703
4443,178.042,407.97650146484375,23.686769485473633
4444,178.082,403.13720703125,32.537925720214844
4445,178.122,410.0863037109375,169.97703552246094
4446,178.162,405.94415283203125,188.41305541992188
4447,178.202,401.6986389160156,197.1855010986328
4448,178.242,394.8890686035156,210.78741455078125
4449,178.283,465.6535949707031,194.68792724609375
4450,178.323,468.1066589355469,198.16305541992188
4451,178.363,494.15625,178.18994140625
4452,178.403,485.2192687988281,191.08880615234375
4453,178.443,485.2844543457031,191.47145080566406
4454,178.483,482.2288818359375,183.44886779785156
4455,178.523,482.3331298828125,177.22857666015625
4456,178.563,481.6355895996094,179.10186767578125
4457,178.603,480.3559265136719,171.52081298828125
4458,178.643,477.96673583984375,162.62232971191406
4459,178.683,474.4043884277344,157.71746826171875
4460,178.723,486.6247863769531,149.65972900390625
4461,178.763,480.8623962402344,171.3867645263672
4462,178.804,483.3592224121094,154.5539093017578
4463,178.844,487.8551940917969,171.56884765625
4464,178.884,484.2127380371094,181.96328735351562
4465,178.924,450.67388916015625,196.17868041992188
4466,178.964,441.26104736328125,185.9349365234375
4467,179.004,443.1556701660156,154.77601623535156
4468,179.044,419.5442199707031,176.99205017089844
4469,179.084,431.42706298828125,147.3571319580078
4470,179.124,445.6620788574219,215.71884155273438
4471,179.164,455.3428039550781,206.0731658935547
4472,179.204,438.1609802246094,180.9838409423828
4473,179.244,433.3564453125,192.8867950439453
4474,179.284,429.5,188.9096221923828
4475,179.324,426.296142578125,194.06576538085938
4476,179.365,431.4093322753906,183.11825561523438
4477,179.405,440.37445068359375,169.98745727539062
4478,179.445,440.48614501953125,168.18795776367188
4479,179.485,437.2558898925781,164.59393310546875
4480,179.525,436.1055908203125,163.11012268066406
4481,179.565,439.2587585449219,161.434814453125
4482,179.605,492.5538635253906,191.90281677246094
4483,179.645,491.94586181640625,191.78732299804688
4484,179.685,491.07427978515625,178.77801513671875
4485,179.725,491.1502990722656,178.12936401367188
4486,179.765,490.0089416503906,178.01913452148438
4487,179.805,486.67584228515625,183.61146545410156
4488,179.845,484.9287109375,185.67051696777344
4489,179.885,490.593505859375,184.76068115234375
4490,179.926,489.9909973144531,164.59976196289062
4491,179.966,492.7068176269531,171.5269775390625
4492,180.006,492.84234619140625,170.93544006347656
4493,180.046,491.63330078125,170.13731384277344
4494,180.086,492.5323486328125,169.49227905273438
4495,180.126,492.6852111816406,169.17076110839844
4496,180.166,490.33123779296875,168.62210083007812
4497,180.206,513.4420776367188,158.8415985107422
4498,180.246,524.8096923828125,156.43666076660156
4499,180.286,522.6260375976562,148.8666229248047
4500,180.326,523.4618530273438,148.23019409179688
4501,180.366,524.1591186523438,145.518798828125
4502,180.406,523.9404296875,145.21116638183594
4503,180.446,526.2317504882812,147.04595947265625
4504,180.487,525.6951904296875,149.23207092285156
4505,180.527,525.1821899414062,152.13314819335938
4506,180.567,525.647705078125,163.30836486816406
4507,180.607,526.12353515625,165.19175720214844
4508,180.647,511.1779479980469,175.16468811035156
4509,180.687,440.1714172363281,376.5732727050781
4510,180.727,442.09906005859375,553.1422729492188
4511,180.767,nan,nan
4512,180.807,nan,nan
4513,180.847,nan,nan
4514,180.887,nan,nan
4515,180.927,nan,nan
4516,180.967,nan,nan
4517,181.007,nan,nan
4518,181.048,nan,nan
4519,181.088,nan,nan
4520,181.128,nan,nan
4521,181.168,nan,nan
4522,181.208,nan,nan
4523,181.248,nan,nan
4524,181.288,nan,nan
4525,181.328,nan,nan
4526,181.368,nan,nan
4527,181.408,476.32012939453125,23.691402435302734
4528,181.448,460.7629089355469,40.58541488647461
4529,181.488,461.8644104003906,95.23551177978516
4530,181.528,466.2513427734375,109.81816101074219
4531,181.569,467.95672607421875,110.92311096191406
4532,181.609,461.1882629394531,111.88932800292969
4533,181.649,456.97296142578125,107.84424591064453
4534,181.689,456.4625244140625,104.98290252685547
4535,181.729,453.56292724609375,106.66703796386719
4536,181.769,452.3006591796875,112.00401306152344
4537,181.809,448.0293884277344,117.00015258789062
4538,181.849,452.51348876953125,121.37866973876953
4539,181.889,469.94903564453125,127.73313903808594
4540,181.929,483.30755615234375,130.11245727539062
4541,181.969,501.8672790527344,173.6920623779297
4542,182.009,502.65716552734375,176.4906005859375
4543,182.049,498.4670104980469,179.79776000976562
4544,182.089,495.1626892089844,180.2919464111328
4545,182.13,496.07623291015625,180.79156494140625
4546,182.17,496.951171875,182.19119262695312
4547,182.21,491.9424743652344,183.73516845703125
4548,182.25,489.7099609375,181.77239990234375
4549,182.29,479.10211181640625,175.47999572753906
4550,182.33,467.4833679199219,168.695068359375
4551,182.37,456.77093505859375,157.2779998779297
4552,182.41,427.7781677246094,148.08706665039062
4553,182.45,417.6074523925781,146.81381225585938
4554,182.49,418.64044189453125,143.76206970214844
4555,182.53,425.41082763671875,145.594970703125
4556,182.57,444.694091796875,147.30307006835938
4557,182.61,459.6120300292969,142.70993041992188
4558,182.65,470.7201232910156,146.2985382080078
4559,182.691,474.43682861328125,146.18443298339844
4560,182.731,475.8029479980469,147.27593994140625
4561,182.771,477.0406188964844,145.25347900390625
4562,182.811,476.99737548828125,144.35623168945312
4563,182.851,475.6972351074219,143.8258819580078
4564,182.891,476.18994140625,144.3978729248047
4565,182.931,482.6539001464844,143.83770751953125
4566,182.971,485.4996643066406,143.61793518066406
4567,183.011,488.8327331542969,144.07135009765625
4568,183.051,500.0414733886719,143.3498992919922
4569,183.091,508.6122131347656,141.42855834960938
4570,183.131,511.9892883300781,140.09478759765625
4571,183.171,514.805908203125,140.23878479003906
4572,183.211,515.80712890625,140.96275329589844
4573,183.252,522.1434936523438,138.62892150878906
4574,183.292,532.0961303710938,135.38812255859375
4575,183.332,534.5045776367188,132.55123901367188
4576,183.372,528.5015869140625,132.47129821777344
4577,183.412,364.2246398925781,173.2555694580078
4578,183.452,nan,nan
4579,183.492,nan,nan
4580,183.532,nan,nan
4581,183.572,nan,nan
4582,183.612,nan,nan
4583,183.652,nan,nan
4584,183.692,36.891658782958984,378.5028381347656
4585,183.732,55.13998794555664,374.5442199707031
4586,183.772,69.98907470703125,367.0787353515625
4587,183.813,20.065017700195312,411.00885009765625
4588,183.853,49.90559005737305,430.21807861328125
4589,183.893,55.27251434326172,416.3652038574219
4590,183.933,77.05524444580078,436.079833984375
4591,183.973,130.18609619140625,402.21600341796875
4592,184.013,183.42849731445312,374.29754638671875
4593,184.053,110.57622528076172,367.1188659667969
4594,184.093,127.03355407714844,363.47723388671875
4595,184.133,133.0560302734375,351.6669921875
4596,184.173,139.06321716308594,343.2261962890625
4597,184.213,136.08428955078125,341.9195556640625
4598,184.253,132.13059997558594,339.8269348144531
4599,184.293,129.72909545898438,333.86285400390625
4600,184.334,134.0675506591797,319.2516174316406
4601,184.374,128.13690185546875,304.0726013183594
4602,184.414,125.82418060302734,304.524658203125
4603,184.454,118.58487701416016,307.5806579589844
4604,184.494,115.62921142578125,310.90582275390625
4605,184.534,114.16478729248047,312.26263427734375
4606,184.574,109.61901092529297,313.9154968261719
4607,184.614,109.8287124633789,305.794921875
4608,184.654,145.79759216308594,288.7347412109375
4609,184.694,131.8117218017578,264.0988464355469
4610,184.734,136.89743041992188,360.7057189941406
4611,184.774,72.93225860595703,393.28692626953125
4612,184.814,88.20865631103516,335.45849609375
4613,184.854,50.16229248046875,333.96148681640625
4614,184.895,31.26447105407715,306.2878112792969
4615,184.935,44.57698440551758,324.08123779296875
4616,184.975,60.23016357421875,329.2620544433594
4617,185.015,73.44534301757812,326.9822692871094
4618,185.055,156.07235717773438,319.7962646484375
4619,185.095,99.61360168457031,313.9428405761719
4620,185.135,139.69888305664062,327.30072021484375
4621,185.175,153.94894409179688,340.30523681640625
4622,185.215,155.3992156982422,336.6302185058594
4623,185.255,161.84942626953125,336.4035949707031
4624,185.295,167.61602783203125,331.35870361328125
4625,185.335,172.67152404785156,330.0013732910156
4626,185.375,179.4960479736328,328.319091796875
4627,185.415,181.3116912841797,327.8794860839844
4628,185.456,183.52049255371094,328.09661865234375
4629,185.496,185.73330688476562,327.5357971191406
4630,185.536,186.3678741455078,326.81573486328125
4631,185.576,189.56529235839844,327.8034973144531
4632,185.616,195.30467224121094,328.20294189453125
4633,185.656,222.45278930664062,382.17962646484375
4634,185.696,224.90768432617188,387.1047058105469
4635,185.736,227.18846130371094,387.5107727050781
4636,185.776,229.6055908203125,387.1359558105469
4637,185.816,227.4138641357422,387.77752685546875
4638,185.856,207.59555053710938,394.376708984375
4639,185.896,190.0889434814453,398.00848388671875
4640,185.936,188.22784423828125,400.8774719238281
4641,185.976,191.9859619140625,460.38812255859375
4642,186.017,nan,nan
4643,186.057,154.80014038085938,354.544921875
4644,186.097,164.38038635253906,385.07366943359375
4645,186.137,194.6103515625,415.46844482421875
4646,186.177,nan,nan
4647,186.217,nan,nan
4648,186.257,nan,nan
4649,186.297,nan,nan
4650,186.337,nan,nan
4651,186.377,nan,nan
4652,186.417,nan,nan
4653,186.457,nan,nan
4654,186.497,nan,nan
4655,186.538,nan,nan
4656,186.578,nan,nan
4657,186.618,nan,nan
4658,186.658,nan,nan
4659,186.698,nan,nan
4660,186.738,nan,nan
4661,186.778,nan,nan
4662,186.818,nan,nan
4663,186.858,nan,nan
4664,186.898,nan,nan
4665,186.938,nan,nan
4666,186.978,nan,nan
4667,187.018,nan,nan
4668,187.058,nan,nan
4669,187.099,nan,nan
4670,187.139,nan,nan
4671,187.179,nan,nan
4672,187.219,105.82772064208984,463.8295593261719
4673,187.259,97.10794067382812,405.0753173828125
4674,187.299,174.30128479003906,357.8349609375
4675,187.339,212.32691955566406,335.42218017578125
4676,187.379,206.614501953125,362.0484313964844
4677,187.419,166.03964233398438,420.3967590332031
4678,187.459,215.18576049804688,411.4593505859375
4679,187.499,128.4259490966797,443.4172668457031
4680,187.539,197.72410583496094,401.8096923828125
4681,187.579,203.64736938476562,392.209228515625
4682,187.619,228.9955596923828,396.2043151855469
4683,187.66,233.6068572998047,400.49713134765625
4684,187.7,244.72091674804688,388.90570068359375
4685,187.74,243.86314392089844,377.72637939453125
4686,187.78,250.14324951171875,360.61859130859375
4687,187.82,247.79147338867188,367.6603698730469
4688,187.86,62.24545669555664,463.4364013671875
4689,187.9,18.16693878173828,496.9685974121094
4690,187.94,34.48819351196289,490.8604736328125
4691,187.98,50.097164154052734,481.9033203125
4692,188.02,nan,nan
4693,188.06,17.864612579345703,489.3086242675781
4694,188.1,97.46297454833984,469.6773986816406
4695,188.14,107.6666488647461,464.2983093261719
4696,188.18,119.59549713134766,450.087890625
4697,188.221,108.93025970458984,444.8465881347656
4698,188.261,nan,nan
4699,188.301,nan,nan
4700,188.341,nan,nan
4701,188.381,nan,nan
4702,188.421,nan,nan
4703,188.461,nan,nan
4704,188.501,nan,nan
4705,188.541,nan,nan
4706,188.581,nan,nan
4707,188.621,nan,nan
4708,188.661,nan,nan
4709,188.701,nan,nan
4710,188.741,nan,nan
4711,188.782,nan,nan
4712,188.822,nan,nan
4713,188.862,nan,nan
4714,188.902,nan,nan
4715,188.942,nan,nan
4716,188.982,nan,nan
4717,189.022,0.6102592945098877,272.1088562011719
4718,189.062,nan,nan
4719,189.102,nan,nan
4720,189.142,nan,nan
4721,189.182,nan,nan
4722,189.222,nan,nan
4723,189.262,26.033693313598633,354.740966796875
4724,189.303,nan,nan
4725,189.343,nan,nan
4726,189.383,7.8363847732543945,293.8771057128906
4727,189.423,19.242359161376953,277.3558349609375
4728,189.463,84.01271057128906,324.7120666503906
4729,189.503,115.50465393066406,360.52838134765625
4730,189.543,111.13139343261719,320.23736572265625
4731,189.583,111.56450653076172,323.1745300292969
4732,189.623,31.816652297973633,335.07769775390625
4733,189.663,25.441577911376953,230.18734741210938
4734,189.703,105.71100616455078,304.8351135253906
4735,189.743,97.07144927978516,301.2840881347656
4736,189.783,90.19127655029297,294.7282409667969
4737,189.823,81.70030212402344,263.3446960449219
4738,189.864,80.80562591552734,260.2872314453125
4739,189.904,73.40040588378906,257.8096618652344
4740,189.944,63.16522979736328,260.47088623046875
4741,189.984,55.942134857177734,262.2673645019531
4742,190.024,46.74360656738281,260.6358337402344
4743,190.064,nan,nan
4744,190.104,nan,nan
4745,190.144,nan,nan
4746,190.184,nan,nan
4747,190.224,nan,nan
4748,190.264,nan,nan
4749,190.304,nan,nan
4750,190.344,nan,nan
4751,190.384,382.6295166015625,252.42677307128906
4752,190.425,457.2889709472656,207.22450256347656
4753,190.465,336.86572265625,270.2513732910156
4754,190.505,313.4942321777344,270.7587890625
4755,190.545,nan,nan
4756,190.585,nan,nan
4757,190.625,nan,nan
4758,190.665,nan,nan
4759,190.705,nan,nan
4760,190.745,662.8599853515625,599.1971435546875
4761,190.785,nan,nan
4762,190.825,nan,nan
4763,190.865,nan,nan
4764,190.905,nan,nan
4765,190.945,nan,nan
4766,190.986,nan,nan
4767,191.026,nan,nan
4768,191.066,nan,nan
4769,191.106,nan,nan
4770,191.146,nan,nan
4771,191.186,nan,nan
4772,191.226,nan,nan
4773,191.266,nan,nan
4774,191.306,nan,nan
4775,191.346,nan,nan
4776,191.386,nan,nan
4777,191.426,nan,nan
4778,191.466,nan,nan
4779,191.506,nan,nan
4780,191.547,nan,nan
4781,191.587,nan,nan
4782,191.627,nan,nan
4783,191.667,nan,nan
4784,191.707,nan,nan
4785,191.747,nan,nan
4786,191.787,567.4127197265625,30.039794921875
4787,191.827,552.7203979492188,68.17852020263672
4788,191.867,545.6782836914062,119.39867401123047
4789,191.907,540.773193359375,142.14283752441406
4790,191.947,541.8720092773438,155.07960510253906
4791,191.987,545.1943359375,161.19105529785156
4792,192.027,544.1734008789062,167.43026733398438
4793,192.068,540.8084106445312,167.536376953125
4794,192.108,536.37939453125,171.39956665039062
4795,192.148,532.073974609375,172.82748413085938
4796,192.188,528.686279296875,177.40292358398438
4797,192.228,524.5260620117188,186.21014404296875
4798,192.268,524.3338623046875,184.60562133789062
4799,192.308,531.4055786132812,147.11141967773438
4800,192.348,528.2622680664062,124.12547302246094
4801,192.388,522.6785278320312,117.12201690673828
4802,192.428,519.8702392578125,117.38450622558594
4803,192.468,517.2001953125,121.41027069091797
4804,192.508,522.395751953125,130.24752807617188
4805,192.548,521.4894409179688,143.7642364501953
4806,192.588,516.142578125,158.1494140625
4807,192.629,512.2985229492188,163.33395385742188
4808,192.669,506.1463623046875,170.4562530517578
4809,192.709,501.75604248046875,173.16006469726562
4810,192.749,498.862060546875,168.49818420410156
4811,192.789,501.0899963378906,158.77049255371094
4812,192.829,498.6619567871094,159.43148803710938
4813,192.869,495.2244873046875,157.54600524902344
4814,192.909,493.1346740722656,156.6138916015625
4815,192.949,488.0204162597656,155.4842987060547
4816,192.989,484.77069091796875,154.00466918945312
4817,193.029,484.5021057128906,153.02935791015625
4818,193.069,477.69482421875,154.51075744628906
4819,193.109,474.5098876953125,150.7317352294922
4820,193.149,470.59747314453125,150.21998596191406
4821,193.19,465.1651306152344,148.81790161132812
4822,193.23,460.65972900390625,151.15969848632812
4823,193.27,527.6224975585938,151.02975463867188
4824,193.31,526.1812133789062,149.36306762695312
4825,193.35,524.7897338867188,149.11624145507812
4826,193.39,525.97119140625,148.47659301757812
4827,193.43,526.8307495117188,145.81793212890625
4828,193.47,528.9364013671875,142.6945037841797
4829,193.51,530.5761108398438,139.69288635253906
4830,193.55,526.4271850585938,138.3931884765625
4831,193.59,524.4649047851562,137.45663452148438
4832,193.63,494.3478698730469,122.1920394897461
4833,193.67,488.93280029296875,126.89038848876953
4834,193.71,490.4193420410156,126.05570983886719
4835,193.751,491.79486083984375,127.89339447021484
4836,193.791,492.5450744628906,129.09645080566406
4837,193.831,491.08685302734375,130.55300903320312
4838,193.871,489.6536865234375,131.6012725830078
4839,193.911,454.7214050292969,122.82147979736328
4840,193.951,452.30230712890625,127.03803253173828
4841,193.991,450.5210266113281,127.96757507324219
4842,194.031,450.9168701171875,127.42374420166016
4843,194.071,451.7899169921875,126.54634857177734
4844,194.111,454.018798828125,125.21012878417969
4845,194.151,455.0665283203125,126.64060974121094
4846,194.191,457.1114196777344,128.9819793701172
4847,194.231,462.6529846191406,124.8496322631836
4848,194.271,461.7520751953125,126.23490142822266
4849,194.312,462.65496826171875,123.77892303466797
4850,194.352,461.9703369140625,124.88494110107422
4851,194.392,458.87786865234375,127.78794860839844
4852,194.432,459.9473876953125,127.0877456665039
4853,194.472,460.3604736328125,126.529052734375
4854,194.512,460.94927978515625,128.0623779296875
4855,194.552,461.72198486328125,128.02867126464844
4856,194.592,462.0721130371094,128.35690307617188
4857,194.632,461.799560546875,129.09490966796875
4858,194.672,461.6115417480469,128.58929443359375
4859,194.712,460.3258361816406,127.87391662597656
4860,194.752,458.47113037109375,128.3708038330078
4861,194.792,458.0992736816406,127.41087341308594
4862,194.833,470.38629150390625,122.9973373413086
4863,194.873,478.34710693359375,129.0843048095703
4864,194.913,479.36822509765625,128.3899688720703
4865,194.953,480.3748779296875,127.1934814453125
4866,194.993,478.93243408203125,126.36799621582031
4867,195.033,476.89208984375,128.02935791015625
4868,195.073,474.68695068359375,128.13040161132812
4869,195.113,473.2244873046875,127.47450256347656
4870,195.153,471.028076171875,129.28309631347656
4871,195.193,473.66693115234375,127.32191467285156
4872,195.233,474.51458740234375,125.821044921875
4873,195.273,474.69683837890625,126.0452880859375
4874,195.313,474.3079833984375,129.38836669921875
4875,195.353,473.20330810546875,133.0348358154297
4876,195.394,472.9522705078125,131.95069885253906
4877,195.434,472.4600830078125,129.84713745117188
4878,195.474,473.87152099609375,127.65570831298828
4879,195.514,475.99169921875,129.26702880859375
4880,195.554,476.12884521484375,130.84686279296875
4881,195.594,474.60369873046875,130.75318908691406
4882,195.634,473.58599853515625,132.33120727539062
4883,195.674,474.818359375,130.08131408691406
4884,195.714,476.58538818359375,130.69076538085938
4885,195.754,473.3697509765625,133.3016357421875
4886,195.794,473.28436279296875,132.34573364257812
4887,195.834,472.2107238769531,132.47528076171875
4888,195.874,472.2972717285156,133.83255004882812
4889,195.914,469.1529235839844,135.333251953125
4890,195.955,467.88751220703125,135.43667602539062
4891,195.995,467.4303894042969,133.78956604003906
4892,196.035,467.3100280761719,133.76055908203125
4893,196.075,467.0993347167969,133.08241271972656
4894,196.115,457.27801513671875,138.17555236816406
4895,196.155,453.6959228515625,137.397705078125
4896,196.195,453.9660339355469,135.1584014892578
4897,196.235,454.2219543457031,134.5045623779297
4898,196.275,454.4124450683594,132.60899353027344
4899,196.315,451.6032409667969,130.02220153808594
4900,196.355,448.697509765625,118.06814575195312
4901,196.395,451.1606140136719,115.88365936279297
4902,196.435,455.32733154296875,110.85115814208984
4903,196.475,455.8095397949219,108.71174621582031
4904,196.516,451.07855224609375,112.81363677978516
4905,196.556,450.20880126953125,113.05453491210938
4906,196.596,447.798828125,111.85639953613281
4907,196.636,448.9365234375,106.2473373413086
4908,196.676,448.638671875,104.71270751953125
4909,196.716,479.4087829589844,97.97724151611328
4910,196.756,480.1679992675781,97.55773162841797
4911,196.796,480.43634033203125,97.18592834472656
4912,196.836,479.0381164550781,96.93402862548828
4913,196.876,478.3803405761719,96.45208740234375
4914,196.916,477.7310485839844,96.14398193359375
4915,196.956,477.4933166503906,94.92506408691406
4916,196.996,476.7896728515625,93.83009338378906
4917,197.036,474.54913330078125,92.93943786621094
4918,197.077,474.56097412109375,93.09667205810547
4919,197.117,475.4324035644531,94.61591339111328
4920,197.157,476.1727600097656,96.0759506225586
4921,197.197,476.7302551269531,97.292724609375
4922,197.237,477.00018310546875,98.7515869140625
4923,197.277,477.0675048828125,99.64629364013672
4924,197.317,477.4735107421875,102.97478485107422
4925,197.357,437.4162292480469,104.79808044433594
4926,197.397,457.6177673339844,115.07439422607422
4927,197.437,461.1571960449219,111.78376770019531
4928,197.477,464.6950378417969,109.22551727294922
4929,197.517,460.1243591308594,113.13816833496094
4930,197.557,459.5625305175781,111.18965148925781
4931,197.598,430.60601806640625,105.60875701904297
4932,197.638,441.8819274902344,104.72467803955078
4933,197.678,444.3161315917969,108.87090301513672
4934,197.718,469.35162353515625,117.56661224365234
4935,197.758,507.7378845214844,120.75845336914062
4936,197.798,471.9111633300781,270.9090576171875
4937,197.838,500.3819274902344,470.89141845703125
4938,197.878,nan,nan
4939,197.918,nan,nan
4940,197.958,nan,nan
4941,197.998,nan,nan
4942,198.038,nan,nan
4943,198.078,nan,nan
4944,198.118,nan,nan
4945,198.159,nan,nan
4946,198.199,nan,nan
4947,198.239,nan,nan
4948,198.279,nan,nan
4949,198.319,467.7486572265625,62.17578125
4950,198.359,455.9266357421875,110.33460998535156
4951,198.399,456.83831787109375,127.8753890991211
4952,198.439,454.33538818359375,137.7374725341797
4953,198.479,454.9954833984375,141.40283203125
4954,198.519,458.0070495605469,146.069580078125
4955,198.559,469.87945556640625,140.00576782226562
4956,198.599,482.34478759765625,134.86094665527344
4957,198.639,482.1402282714844,135.97267150878906
4958,198.679,485.2739562988281,136.16006469726562
4959,198.72,485.68505859375,137.51918029785156
4960,198.76,483.4484558105469,136.68304443359375
4961,198.8,485.00689697265625,133.2718048095703
4962,198.84,486.0569152832031,134.071533203125
4963,198.88,486.4734191894531,133.32684326171875
4964,198.92,488.1293640136719,130.60218811035156
4965,198.96,490.3306884765625,128.6536865234375
4966,199.0,462.80889892578125,122.97254180908203
4967,199.04,459.1192932128906,119.18708801269531
4968,199.08,447.1611633300781,115.42961120605469
4969,199.12,445.069091796875,112.72700500488281
4970,199.16,446.6566162109375,111.44109344482422
4971,199.2,446.4056091308594,109.9601058959961
4972,199.24,447.5882263183594,106.7656021118164
4973,199.281,448.09136962890625,105.2942886352539
4974,199.321,491.8337097167969,100.21893310546875
4975,199.361,452.8876953125,102.86654663085938
4976,199.401,468.2422180175781,102.70360565185547
4977,199.441,578.9684448242188,134.43624877929688
4978,199.481,620.756591796875,103.0996322631836
4979,199.521,618.8906860351562,102.94066619873047
4980,199.561,602.8746948242188,125.89273071289062
4981,199.601,611.4632568359375,114.5060043334961
4982,199.641,609.061279296875,118.77952575683594
4983,199.681,494.5350341796875,105.81857299804688
4984,199.721,523.3030395507812,54.804710388183594
4985,199.761,524.7058715820312,53.41690444946289
4986,199.801,507.0181579589844,84.91421508789062
4987,199.842,501.8139343261719,93.55809020996094
4988,199.882,495.25543212890625,105.50838470458984
4989,199.922,507.40234375,79.01394653320312
4990,199.962,511.7734069824219,71.86602020263672
4991,200.002,519.2393798828125,58.70476150512695
4992,200.042,471.3820495605469,90.46009063720703
4993,200.082,471.62652587890625,98.03858947753906
4994,200.122,481.8553466796875,98.88359832763672
4995,200.162,492.2048645019531,101.91015625
4996,200.202,496.7184753417969,106.13323211669922
4997,200.242,481.35821533203125,104.88787078857422
4998,200.282,493.9043884277344,109.60887908935547
4999,200.322,492.88330078125,111.40522003173828
5000,200.363,492.3692932128906,114.45880889892578
5001,200.403,491.8088684082031,115.33222198486328
5002,200.443,490.44354248046875,115.86941528320312
5003,200.483,480.53546142578125,134.01950073242188
5004,200.523,480.50830078125,143.7843017578125
5005,200.563,484.0074768066406,146.31240844726562
5006,200.603,484.5390625,149.13429260253906
5007,200.643,484.32452392578125,152.31187438964844
5008,200.683,484.5795593261719,153.9263153076172
5009,200.723,486.03338623046875,156.57278442382812
5010,200.763,485.9528503417969,157.51275634765625
5011,200.803,485.6611633300781,159.61338806152344
5012,200.843,489.3646240234375,161.02862548828125
5013,200.883,490.8067321777344,163.04705810546875
5014,200.924,506.3320617675781,159.5094757080078
5015,200.964,506.6514587402344,162.4884490966797
5016,201.004,507.2024230957031,163.99673461914062
5017,201.044,509.48114013671875,166.29302978515625
5018,201.084,510.520263671875,165.865234375
5019,201.124,511.31689453125,164.33599853515625
5020,201.164,511.8428955078125,162.89031982421875
5021,201.204,511.59893798828125,165.68922424316406
5022,201.244,511.54437255859375,165.2794952392578
5023,201.284,511.8681640625,165.58761596679688
5024,201.324,513.3368530273438,165.04930114746094
5025,201.364,515.8194580078125,166.00274658203125
5026,201.404,514.8325805664062,166.59397888183594
5027,201.444,514.8267211914062,166.7827911376953
5028,201.485,514.8026123046875,166.3494110107422
5029,201.525,514.6160888671875,165.75270080566406
5030,201.565,514.4210205078125,165.23626708984375
5031,201.605,516.191650390625,164.6735076904297
5032,201.645,516.4806518554688,164.03472900390625
5033,201.685,515.4677124023438,162.55958557128906
5034,201.725,518.852294921875,149.7113037109375
5035,201.765,519.8622436523438,148.94847106933594
5036,201.805,519.8679809570312,145.04736328125
5037,201.845,521.9668579101562,142.3249053955078
5038,201.885,523.37841796875,134.183837890625
5039,201.925,524.7247314453125,126.89593505859375
5040,201.965,528.2249755859375,120.35809326171875
5041,202.005,530.4984130859375,116.5743637084961
5042,202.046,531.6823120117188,115.61470031738281
5043,202.086,533.0416870117188,113.41573333740234
5044,202.126,534.3114624023438,109.79457092285156
5045,202.166,532.7532348632812,107.090087890625
5046,202.206,535.7376708984375,106.99939727783203
5047,202.246,525.487548828125,77.39441680908203
5048,202.286,535.3041381835938,103.9049072265625
5049,202.326,534.169189453125,100.83452606201172
5050,202.366,534.6268920898438,99.5889663696289
5051,202.406,537.9506225585938,97.44654846191406
5052,202.446,539.5562744140625,96.55587768554688
5053,202.486,540.4378051757812,95.9638442993164
5054,202.526,541.6751708984375,94.58379364013672
5055,202.567,538.699951171875,94.87820434570312
5056,202.607,543.6576538085938,107.80824279785156
5057,202.647,540.0147705078125,113.77569580078125
5058,202.687,540.728515625,113.04724884033203
5059,202.727,540.6937866210938,112.68021392822266
5060,202.767,540.5084228515625,112.18802642822266
5061,202.807,543.5552368164062,111.11346435546875
5062,202.847,626.7759399414062,77.18745422363281
5063,202.887,601.922119140625,91.93817138671875
5064,202.927,600.597412109375,91.10539245605469
5065,202.967,608.022705078125,85.12625885009766
5066,203.007,646.100341796875,61.99052047729492
5067,203.047,614.37744140625,81.51578521728516
5068,203.087,570.2848510742188,77.90132904052734
5069,203.128,575.239990234375,76.35026550292969
5070,203.168,554.64892578125,100.07515716552734
5071,203.208,552.9237060546875,101.02516174316406
5072,203.248,553.2329711914062,101.90786743164062
5073,203.288,554.1444702148438,102.36927795410156
5074,203.328,552.0374145507812,117.2668228149414
5075,203.368,553.2080078125,118.96686553955078
5076,203.408,550.6058959960938,111.81864929199219
5077,203.448,550.8021850585938,107.8743896484375
5078,203.488,547.6722412109375,111.13174438476562
5079,203.528,548.34228515625,116.27448272705078
5080,203.568,547.3673095703125,115.0524673461914
5081,203.608,546.8512573242188,114.2300033569336
5082,203.648,547.5797729492188,114.16883087158203
5083,203.689,546.0269775390625,98.50885009765625
5084,203.729,555.0490112304688,83.29254150390625
5085,203.769,551.3530883789062,80.17191314697266
5086,203.809,577.2803344726562,48.23890686035156
5087,203.849,569.326904296875,65.00830841064453
5088,203.889,562.7484130859375,74.3969497680664
5089,203.929,573.5020751953125,55.62818145751953
5090,203.969,570.250732421875,60.49437713623047
5091,204.009,586.1567993164062,29.46310806274414
5092,204.049,579.173583984375,31.06214714050293
5093,204.089,578.6257934570312,38.40350341796875
5094,204.129,491.05413818359375,58.49497604370117
5095,204.169,492.57183837890625,61.169979095458984
5096,204.209,506.2728576660156,68.65447998046875
5097,204.25,509.76031494140625,81.0435791015625
5098,204.29,519.1382446289062,89.1584701538086
5099,204.33,533.6812744140625,103.91635131835938
5100,204.37,579.7406616210938,93.81206512451172
5101,204.41,613.44140625,29.268421173095703
5102,204.45,611.389892578125,37.589393615722656
5103,204.49,607.0333251953125,30.242887496948242
5104,204.53,579.0833129882812,91.79256439208984
5105,204.57,578.9268188476562,53.313812255859375
5106,204.61,578.2040405273438,51.084388732910156
5107,204.65,557.8355712890625,49.94002914428711
5108,204.69,570.4951782226562,52.28807830810547
5109,204.73,611.3107299804688,28.924396514892578
5110,204.77,648.8324584960938,48.02711486816406
5111,204.811,631.565673828125,48.33677673339844
5112,204.851,613.2525024414062,104.24256134033203
5113,204.891,610.2428588867188,96.90399169921875
5114,204.931,595.5894165039062,76.80316925048828
5115,204.971,660.9718017578125,51.943382263183594
5116,205.011,696.8209228515625,44.64617919921875
5117,205.051,672.3733520507812,51.359413146972656
5118,205.091,662.4239501953125,56.877777099609375
5119,205.131,636.7656860351562,70.7824478149414
5120,205.171,623.8818359375,100.51701354980469
5121,205.211,606.8201293945312,96.3796615600586
5122,205.251,607.148193359375,93.59867858886719
5123,205.291,641.4437255859375,84.17048645019531
5124,205.332,609.2181396484375,84.51813507080078
5125,205.372,608.5112915039062,85.78888702392578
5126,205.412,608.861083984375,86.4522476196289
5127,205.452,608.7548217773438,87.08140563964844
5128,205.492,619.2581176757812,91.96336364746094
5129,205.532,nan,nan
5130,205.572,630.2600708007812,44.29231643676758
5131,205.612,602.926025390625,73.53165435791016
5132,205.652,579.8822631835938,100.58584594726562
5133,205.692,579.9223022460938,108.10551452636719
5134,205.732,589.3460083007812,118.80609893798828
5135,205.772,567.19677734375,70.39901733398438
5136,205.812,486.5013427734375,87.73538970947266
5137,205.852,470.15460205078125,92.15372467041016
5138,205.893,497.1859436035156,15.176826477050781
5139,205.933,545.8408203125,8.023874282836914
5140,205.973,502.9833068847656,19.394731521606445
5141,206.013,480.511962890625,93.31067657470703
5142,206.053,484.982421875,83.98114776611328
5143,206.093,478.91204833984375,80.60355377197266
5144,206.133,489.2371826171875,75.80240631103516
5145,206.173,481.3577575683594,75.07434844970703
5146,206.213,519.9921264648438,107.10216522216797
5147,206.253,566.1095581054688,73.73723602294922
5148,206.293,572.6815185546875,76.95564270019531
5149,206.333,544.1881713867188,114.26484680175781
5150,206.373,515.6694946289062,98.0198745727539
5151,206.413,510.2744445800781,117.05964660644531
5152,206.454,521.2952880859375,117.79218292236328
5153,206.494,523.7491455078125,134.78564453125
5154,206.534,523.765380859375,141.22323608398438
5155,206.574,520.36328125,144.62596130371094
5156,206.614,515.3619384765625,147.07180786132812
5157,206.654,511.1070251464844,144.4827423095703
5158,206.694,500.4841613769531,151.23800659179688
5159,206.734,501.41094970703125,152.02166748046875
5160,206.774,498.3184509277344,152.67108154296875
5161,206.814,498.1169738769531,152.17840576171875
5162,206.854,497.01776123046875,151.56326293945312
5163,206.894,496.68719482421875,151.05624389648438
5164,206.934,495.5493469238281,158.76229858398438
5165,206.974,477.3461608886719,204.57537841796875
5166,207.015,475.56109619140625,203.9623260498047
5167,207.055,473.41522216796875,208.28082275390625
5168,207.095,473.2173156738281,211.41676330566406
5169,207.135,474.3253173828125,211.65118408203125
5170,207.175,479.3092346191406,205.89845275878906
5171,207.215,479.7541809082031,205.7810516357422
5172,207.255,478.28912353515625,206.4929962158203
5173,207.295,479.20880126953125,206.97059631347656
5174,207.335,490.3935852050781,198.08038330078125
5175,207.375,502.427734375,179.52308654785156
5176,207.415,507.1798095703125,177.9469451904297
5177,207.455,506.79638671875,174.59783935546875
5178,207.495,506.147216796875,173.1034698486328
5179,207.535,506.09881591796875,171.36727905273438
5180,207.576,508.13739013671875,171.294677734375
5181,207.616,509.5564270019531,172.23623657226562
5182,207.656,508.8358154296875,172.54849243164062
5183,207.696,504.94818115234375,172.92152404785156
5184,207.736,502.0828552246094,173.66188049316406
5185,207.776,500.3523864746094,173.08262634277344
5186,207.816,504.6159973144531,173.5511474609375
5187,207.856,506.29833984375,175.7182159423828
5188,207.896,506.9978332519531,176.9893035888672
5189,207.936,504.4584655761719,175.1011505126953
5190,207.976,495.81927490234375,205.66912841796875
5191,208.016,487.3715515136719,210.4313507080078
5192,208.056,487.541015625,210.70599365234375
5193,208.097,483.2757263183594,212.6769561767578
5194,208.137,481.0254211425781,214.0865478515625
5195,208.177,488.1575012207031,213.8572235107422
5196,208.217,490.6848449707031,212.59918212890625
5197,208.257,490.20098876953125,209.8143310546875
5198,208.297,489.20458984375,208.2059783935547
5199,208.337,490.52410888671875,208.189453125
5200,208.377,491.6126708984375,208.02072143554688
5201,208.417,492.54425048828125,210.12936401367188
5202,208.457,487.8501281738281,213.07472229003906
5203,208.497,480.9556579589844,217.99154663085938
5204,208.537,487.6974792480469,211.88470458984375
5205,208.577,495.8598327636719,204.63894653320312
5206,208.617,496.99822998046875,197.40457153320312
5207,208.658,493.93157958984375,195.15896606445312
5208,208.698,494.51556396484375,193.89186096191406
5209,208.738,499.6942443847656,193.60093688964844
5210,208.778,496.6385803222656,187.24551391601562
5211,208.818,496.96075439453125,167.7242889404297
5212,208.858,498.3548278808594,165.4414825439453
5213,208.898,495.04620361328125,164.6465301513672
5214,208.938,493.4302062988281,163.8704376220703
5215,208.978,492.14727783203125,163.26907348632812
5216,209.018,491.7129821777344,161.19252014160156
5217,209.058,491.7054443359375,160.99977111816406
5218,209.098,491.18621826171875,162.5968780517578
5219,209.138,492.1468505859375,163.33531188964844
5220,209.178,490.68048095703125,162.50904846191406
5221,209.219,490.75799560546875,158.06211853027344
5222,209.259,489.629150390625,154.56642150878906
5223,209.299,492.5715026855469,152.92103576660156
5224,209.339,494.9748840332031,153.2727508544922
5225,209.379,496.1316223144531,152.48870849609375
5226,209.419,498.6815490722656,151.10459899902344
5227,209.459,498.83197021484375,151.9495849609375
5228,209.499,505.15240478515625,151.39646911621094
5229,209.539,515.2647705078125,150.25411987304688
5230,209.579,518.778076171875,149.01116943359375
5231,209.619,511.0599365234375,149.4196319580078
5232,209.659,591.2464599609375,160.47242736816406
5233,209.699,558.8729248046875,161.34027099609375
5234,209.739,526.8568115234375,164.24053955078125
5235,209.78,507.0798645019531,167.05780029296875
5236,209.82,502.1801452636719,168.74046325683594
5237,209.86,502.7861633300781,168.4393768310547
5238,209.9,507.3178405761719,168.4574737548828
5239,209.94,508.56732177734375,168.35939025878906
5240,209.98,507.690185546875,168.94813537597656
5241,210.02,503.75396728515625,166.61875915527344
5242,210.06,504.65191650390625,166.6388397216797
5243,210.1,506.160400390625,166.7846221923828
5244,210.14,510.0013122558594,168.40992736816406
5245,210.18,518.4151611328125,200.08631896972656
5246,210.22,517.5050048828125,200.43765258789062
5247,210.26,517.3502197265625,200.2613983154297
5248,210.3,517.5872192382812,199.7227783203125
5249,210.341,518.7881469726562,199.0189666748047
5250,210.381,519.7009887695312,199.13021850585938
5251,210.421,520.3130493164062,199.0918426513672
5252,210.461,520.3175048828125,199.08883666992188
5253,210.501,519.2608032226562,199.18048095703125
5254,210.541,518.314697265625,196.263916015625
5255,210.581,516.4950561523438,194.162841796875
5256,210.621,517.4823608398438,195.409423828125
5257,210.661,517.67236328125,196.18959045410156
5258,210.701,518.70458984375,197.61822509765625
5259,210.741,518.7301635742188,198.1431884765625
5260,210.781,518.1409301757812,198.45542907714844
5261,210.821,518.4818725585938,198.8589630126953
5262,210.862,519.5436401367188,199.40631103515625
5263,210.902,520.9979858398438,200.3592529296875
5264,210.942,521.8173828125,201.00448608398438
5265,210.982,520.482177734375,201.637939453125
5266,211.022,519.353515625,202.59927368164062
5267,211.062,519.1949462890625,202.79000854492188
5268,211.102,520.2535400390625,202.71975708007812
5269,211.142,522.8472290039062,200.50538635253906
5270,211.182,525.0299072265625,199.1398468017578
5271,211.222,529.132080078125,192.8092498779297
5272,211.262,532.7314453125,189.1487274169922
5273,211.302,534.7588500976562,187.0494384765625
5274,211.342,536.035888671875,186.0745849609375
5275,211.382,536.3110961914062,185.710693359375
5276,211.423,537.43310546875,185.97967529296875
5277,211.463,540.007080078125,184.19705200195312
5278,211.503,543.3378295898438,185.61212158203125
5279,211.543,543.8765869140625,186.71847534179688
5280,211.583,546.5054931640625,175.541259765625
5281,211.623,545.6453247070312,170.2262420654297
5282,211.663,556.8812255859375,168.60073852539062
5283,211.703,557.1864624023438,169.26492309570312
5284,211.743,559.3031005859375,169.888916015625
5285,211.783,556.949462890625,170.65953063964844
5286,211.823,558.913330078125,168.9542236328125
5287,211.863,561.2384033203125,167.4041748046875
5288,211.903,576.070068359375,147.8482208251953
5289,211.943,561.5576171875,131.5976104736328
5290,211.984,571.3790283203125,130.68765258789062
5291,212.024,556.99365234375,129.2507781982422
5292,212.064,538.6138305664062,157.94009399414062
5293,212.104,539.9943237304688,155.0003204345703
5294,212.144,542.87060546875,152.8912811279297
5295,212.184,552.56396484375,161.36863708496094
5296,212.224,553.7522583007812,182.7356414794922
5297,212.264,557.0062866210938,191.00807189941406
5298,212.304,557.2099609375,194.3314208984375
5299,212.344,558.2503662109375,193.99478149414062
5300,212.384,558.8446044921875,193.69541931152344
5301,212.424,558.4629516601562,192.2355194091797
5302,212.464,558.6992797851562,191.5901336669922
5303,212.504,558.7055053710938,191.4827423095703
5304,212.545,558.844970703125,191.2989501953125
5305,212.585,558.8825073242188,191.82571411132812
5306,212.625,558.4545288085938,192.37779235839844
5307,212.665,558.4338989257812,191.956787109375
5308,212.705,557.6842041015625,189.93849182128906
5309,212.745,558.6361694335938,188.8867645263672
5310,212.785,559.3177490234375,187.48606872558594
5311,212.825,564.1336059570312,185.38336181640625
5312,212.865,567.14306640625,183.82980346679688
5313,212.905,569.8853149414062,183.6357421875
5314,212.945,574.655029296875,180.3014678955078
5315,212.985,574.750732421875,181.35398864746094
5316,213.025,574.626953125,181.6217803955078
5317,213.065,563.0935668945312,163.2473907470703
5318,213.106,575.8850708007812,164.78787231445312
5319,213.146,578.3453369140625,156.92742919921875
5320,213.186,533.2802124023438,162.08706665039062
5321,213.226,531.496826171875,161.12608337402344
5322,213.266,557.62646484375,159.3978271484375
5323,213.306,563.5133666992188,157.49777221679688
5324,213.346,575.5685424804688,156.6081085205078
5325,213.386,551.2536010742188,154.62551879882812
5326,213.426,544.1608276367188,152.78460693359375
5327,213.466,553.3349609375,156.12571716308594
5328,213.506,576.7396240234375,151.66900634765625
5329,213.546,602.4160766601562,120.40693664550781
5330,213.586,586.7576904296875,145.53610229492188
5331,213.627,584.5559692382812,188.27542114257812
5332,213.667,583.9038696289062,191.5249481201172
5333,213.707,571.035400390625,169.86337280273438
5334,213.747,566.7510986328125,163.3740692138672
5335,213.787,559.311279296875,152.6837615966797
5336,213.827,558.713134765625,153.26995849609375
5337,213.867,553.6302490234375,168.62229919433594
5338,213.907,560.2980346679688,160.53419494628906
5339,213.947,561.378173828125,158.69442749023438
5340,213.987,560.3120727539062,158.6732940673828
5341,214.027,630.4625244140625,154.7150115966797
5342,214.067,598.3065185546875,148.02293395996094
5343,214.107,588.8047485351562,150.49923706054688
5344,214.147,578.625732421875,149.13522338867188
5345,214.188,576.4592895507812,149.00083923339844
5346,214.228,575.5044555664062,145.86199951171875
5347,214.268,579.6112060546875,148.38063049316406
5348,214.308,568.0799560546875,159.23915100097656
5349,214.348,608.22265625,104.39427185058594
5350,214.388,605.6232299804688,94.67535400390625
5351,214.428,602.0470581054688,93.90254211425781
5352,214.468,595.9593505859375,104.86503601074219
5353,214.508,578.01416015625,138.95953369140625
5354,214.548,574.2064208984375,146.4322052001953
5355,214.588,568.9603881835938,156.59226989746094
5356,214.628,578.8424072265625,151.7446746826172
5357,214.668,573.8043823242188,151.48928833007812
5358,214.708,573.8034057617188,151.66419982910156
5359,214.749,572.0213012695312,151.86997985839844
5360,214.789,571.8961181640625,152.67660522460938
5361,214.829,571.5846557617188,152.5136260986328
5362,214.869,571.8168334960938,153.73443603515625
5363,214.909,572.6452026367188,154.53338623046875
5364,214.949,571.3499755859375,155.6054229736328
5365,214.989,570.5140380859375,156.53038024902344
5366,215.029,569.5597534179688,156.08750915527344
5367,215.069,564.0538330078125,149.22669982910156
5368,215.109,629.974365234375,149.69253540039062
5369,215.149,580.939453125,131.83763122558594
5370,215.189,617.4852294921875,135.5105438232422
5371,215.229,594.574462890625,153.8148651123047
5372,215.269,585.6819458007812,143.91262817382812
5373,215.31,646.4506225585938,120.35488891601562
5374,215.35,585.6447143554688,152.11135864257812
5375,215.39,587.0142822265625,149.50001525878906
5376,215.43,579.5379638671875,150.06500244140625
5377,215.47,580.4727783203125,149.4331817626953
5378,215.51,579.2841796875,149.8741455078125
5379,215.55,584.461181640625,153.03720092773438
5380,215.59,589.072021484375,156.37013244628906
5381,215.63,600.2518310546875,126.35039520263672
5382,215.67,586.6870727539062,151.5244140625
5383,215.71,584.3867797851562,152.33753967285156
5384,215.75,582.5716552734375,159.35079956054688
5385,215.79,585.2618408203125,158.79013061523438
5386,215.831,586.9149780273438,158.3096466064453
5387,215.871,586.7012939453125,159.3979034423828
5388,215.911,591.4459228515625,145.60935974121094
5389,215.951,590.69287109375,143.33502197265625
5390,215.991,591.8201904296875,140.57940673828125
5391,216.031,589.0707397460938,154.1493377685547
5392,216.071,584.2705688476562,157.1362762451172
5393,216.111,583.5675048828125,156.1256103515625
5394,216.151,577.0969848632812,161.75900268554688
5395,216.191,583.9420166015625,153.9126434326172
5396,216.231,584.1912231445312,136.3167266845703
5397,216.271,586.409912109375,129.34861755371094
5398,216.311,580.567626953125,135.919677734375
5399,216.351,580.84375,137.95932006835938
5400,216.392,581.7172241210938,150.4873046875
5401,216.432,583.421142578125,150.2157745361328
5402,216.472,588.1221923828125,144.01048278808594
5403,216.512,586.4736328125,152.61610412597656
5404,216.552,585.9523315429688,151.63063049316406
5405,216.592,584.741943359375,149.5691375732422
5406,216.632,588.1437377929688,141.6741180419922
5407,216.672,587.330322265625,147.08287048339844
5408,216.712,588.6022338867188,133.7126922607422
5409,216.752,587.7236328125,138.35791015625
5410,216.792,586.7090454101562,143.3566131591797
5411,216.832,587.941650390625,149.69256591796875
5412,216.872,587.9586791992188,149.85824584960938
5413,216.912,588.6365966796875,150.77642822265625
5414,216.953,590.0420532226562,151.49383544921875
5415,216.993,590.0497436523438,157.40097045898438
5416,217.033,590.8572998046875,159.96377563476562
5417,217.073,591.9263305664062,159.9955596923828
5418,217.113,593.8817749023438,149.69720458984375
5419,217.153,594.3842163085938,152.5425567626953
5420,217.193,596.5321655273438,152.692138671875
5421,217.233,598.5728759765625,157.58738708496094
5422,217.273,620.38671875,148.02621459960938
5423,217.313,602.1185913085938,159.6635284423828
5424,217.353,600.4898071289062,160.23851013183594
5425,217.393,594.745849609375,160.93997192382812
5426,217.433,594.4928588867188,157.7333221435547
5427,217.473,596.832763671875,149.1400604248047
5428,217.514,597.9031372070312,136.68356323242188
5429,217.554,598.3853759765625,129.1072235107422
5430,217.594,596.7125244140625,137.25653076171875
5431,217.634,596.9410400390625,137.35313415527344
5432,217.674,596.6449584960938,141.3106231689453
5433,217.714,597.769287109375,134.81790161132812
5434,217.754,597.8722534179688,132.31832885742188
5435,217.794,602.1893920898438,129.2550506591797
5436,217.834,598.5171508789062,146.6168975830078
5437,217.874,597.0746459960938,154.96119689941406
5438,217.914,589.9005737304688,154.5084228515625
5439,217.954,588.5849609375,152.11080932617188
5440,217.994,635.3262939453125,127.942138671875
5441,218.034,666.310302734375,67.45935821533203
5442,218.075,668.2090454101562,97.6723403930664
5443,218.115,655.6172485351562,63.48033142089844
5444,218.155,668.6689453125,26.286962509155273
5445,218.195,673.0341186523438,13.675456047058105
5446,218.235,613.0509033203125,117.41311645507812
5447,218.275,623.3104858398438,142.68612670898438
5448,218.315,622.7791748046875,143.3179168701172
5449,218.355,622.7918701171875,143.3037872314453
5450,218.395,619.3689575195312,143.7397918701172
5451,218.435,560.5173950195312,139.8763427734375
5452,218.475,609.4458618164062,146.7688751220703
5453,218.515,600.1536865234375,130.489990234375
5454,218.555,599.4735107421875,139.13571166992188
5455,218.596,596.9066772460938,147.26861572265625
5456,218.636,596.70361328125,160.68682861328125
5457,218.676,601.8880615234375,165.6241912841797
5458,218.716,594.930908203125,164.95208740234375
5459,218.756,591.5263061523438,164.23199462890625
5460,218.796,585.6118774414062,164.82321166992188
5461,218.836,579.2954711914062,166.5177001953125
5462,218.876,580.9246215820312,165.88172912597656
5463,218.916,580.6863403320312,164.66246032714844
5464,218.956,581.154052734375,162.44395446777344
5465,218.996,580.7129516601562,160.98013305664062
5466,219.036,581.4204711914062,160.12962341308594
5467,219.076,585.4774780273438,159.759765625
5468,219.116,587.2579345703125,159.187744140625
5469,219.157,531.9279174804688,280.9871520996094
5470,219.197,500.9135437011719,453.6958312988281
5471,219.237,nan,nan
5472,219.277,nan,nan
5473,219.317,nan,nan
5474,219.357,nan,nan
5475,219.397,nan,nan
5476,219.437,nan,nan
5477,219.477,nan,nan
5478,219.517,nan,nan
5479,219.557,nan,nan
5480,219.597,nan,nan
5481,219.637,nan,nan
5482,219.677,nan,nan
5483,219.718,nan,nan
5484,219.758,nan,nan
5485,219.798,nan,nan
5486,219.838,nan,nan
5487,219.878,nan,nan
5488,219.918,nan,nan
5489,219.958,nan,nan
5490,219.998,nan,nan
5491,220.038,nan,nan
5492,220.078,nan,nan
5493,220.118,nan,nan
5494,220.158,nan,nan
5495,220.198,nan,nan
5496,220.238,nan,nan
5497,220.279,nan,nan
5498,220.319,nan,nan
5499,220.359,515.7199096679688,57.26238250732422
5500,220.399,485.04986572265625,103.12589263916016
5501,220.439,498.2052307128906,135.02899169921875
5502,220.479,498.9564514160156,153.74839782714844
5503,220.519,499.7551574707031,161.40567016601562
5504,220.559,499.32452392578125,167.95155334472656
5505,220.599,462.6160888671875,203.8856658935547
5506,220.639,463.4370422363281,202.7977294921875
5507,220.679,465.1322021484375,203.4861602783203
5508,220.719,467.32623291015625,204.1071319580078
5509,220.759,468.2154541015625,203.79226684570312
5510,220.799,470.6139831542969,200.9058380126953
5511,220.84,473.7294921875,202.72991943359375
5512,220.88,471.39532470703125,199.5706787109375
5513,220.92,470.4421691894531,193.8479461669922
5514,220.96,466.9326477050781,189.1348419189453
5515,221.0,471.0815734863281,171.3756866455078
5516,221.04,470.2217712402344,181.6396484375
5517,221.08,473.29022216796875,182.6501922607422
5518,221.12,477.202880859375,184.1300811767578
5519,221.16,479.4901428222656,184.58580017089844
5520,221.2,477.38067626953125,186.1348114013672
5521,221.24,481.4770812988281,189.34603881835938
5522,221.28,481.68377685546875,192.84765625
5523,221.32,485.17840576171875,195.33470153808594
5524,221.361,485.882568359375,196.87539672851562
5525,221.401,489.11651611328125,197.71481323242188
5526,221.441,491.5635986328125,197.61184692382812
5527,221.481,493.3827209472656,197.49497985839844
5528,221.521,493.33880615234375,196.36024475097656
5529,221.561,494.26904296875,194.440673828125
5530,221.601,498.2474060058594,198.3304443359375
5531,221.641,500.8521423339844,200.02072143554688
5532,221.681,502.66400146484375,202.28492736816406
5533,221.721,505.0605163574219,201.85147094726562
5534,221.761,505.1445617675781,200.36358642578125
5535,221.801,505.50634765625,198.7440643310547
5536,221.841,505.71356201171875,197.2350616455078
5537,221.881,505.0188903808594,195.69772338867188
5538,221.922,506.4459228515625,194.71408081054688
5539,221.962,506.674560546875,193.54409790039062
5540,222.002,509.009765625,191.9885711669922
5541,222.042,510.34112548828125,191.24990844726562
5542,222.082,510.6692810058594,191.39987182617188
5543,222.122,513.5221557617188,190.92855834960938
5544,222.162,515.94580078125,188.77479553222656
5545,222.202,517.441162109375,186.2003936767578
5546,222.242,517.3019409179688,183.47027587890625
5547,222.282,519.2990112304688,179.44906616210938
5548,222.322,515.985595703125,177.15382385253906
5549,222.362,517.2647094726562,173.788330078125
5550,222.402,520.5183715820312,174.091064453125
5551,222.442,519.6580200195312,173.34487915039062
5552,222.483,519.6790771484375,173.17852783203125
5553,222.523,519.3302612304688,172.8501434326172
5554,222.563,517.3364868164062,172.30014038085938
5555,222.603,502.3664245605469,168.55722045898438
5556,222.643,501.708984375,160.48553466796875
5557,222.683,505.33453369140625,158.38104248046875
5558,222.723,519.9232788085938,156.53961181640625
5559,222.763,518.9201049804688,155.21209716796875
5560,222.803,517.2884521484375,153.40953063964844
5561,222.843,517.65966796875,152.15032958984375
5562,222.883,516.869140625,151.8665008544922
5563,222.923,519.9964599609375,149.30596923828125
5564,222.963,519.4974975585938,148.02374267578125
5565,223.003,519.5054321289062,148.0047149658203
5566,223.044,518.578857421875,147.8130340576172
5567,223.084,520.240478515625,145.6063232421875
5568,223.124,519.2257080078125,149.7348175048828
5569,223.164,511.17877197265625,159.7058868408203
5570,223.204,510.9194030761719,165.0064697265625
5571,223.244,512.8485717773438,175.96438598632812
5572,223.284,500.751953125,167.25448608398438
5573,223.324,489.475830078125,163.8062744140625
5574,223.364,489.619140625,159.79542541503906
5575,223.404,502.8910217285156,161.44117736816406
5576,223.444,514.460693359375,160.6739959716797
5577,223.484,519.85888671875,160.1248779296875
5578,223.524,521.3765869140625,160.26162719726562
5579,223.564,520.6102294921875,160.15005493164062
5580,223.605,522.1622314453125,160.72955322265625
5581,223.645,521.8798828125,160.8426971435547
5582,223.685,524.9476928710938,161.58587646484375
5583,223.725,525.1089477539062,159.403564453125
5584,223.765,527.5225830078125,157.1390380859375
5585,223.805,528.0546264648438,153.45262145996094
5586,223.845,528.6721801757812,151.44261169433594
5587,223.885,529.1744995117188,149.8381805419922
5588,223.925,527.03759765625,147.73068237304688
5589,223.965,529.9370727539062,145.51283264160156
5590,224.005,530.17724609375,144.79031372070312
5591,224.045,533.17431640625,144.15296936035156
5592,224.085,534.1594848632812,143.11256408691406
5593,224.126,534.6244506835938,142.9943389892578
5594,224.166,534.768798828125,142.8888397216797
5595,224.206,523.1185913085938,151.548828125
5596,224.246,523.2693481445312,152.89971923828125
5597,224.286,522.191162109375,152.17381286621094
5598,224.326,524.2112426757812,150.6446075439453
5599,224.366,545.3565673828125,132.15928649902344
5600,224.406,573.4006958007812,103.27290344238281
5601,224.446,572.8264770507812,114.96246337890625
5602,224.486,586.7735595703125,77.2935562133789
5603,224.526,608.5936889648438,70.60819244384766
5604,224.566,613.052734375,80.94139099121094
5605,224.606,612.0372924804688,62.73902893066406
5606,224.646,599.208740234375,67.04046630859375
5607,224.687,644.6797485351562,49.236427307128906
5608,224.727,647.4425048828125,46.54594039916992
5609,224.767,594.8717651367188,75.44287872314453
5610,224.807,586.1939086914062,85.23035430908203
5611,224.847,567.02099609375,97.18647003173828
5612,224.887,540.2642211914062,98.84890747070312
5613,224.927,539.6361694335938,114.25454711914062
5614,224.967,547.5883178710938,122.15332794189453
5615,225.007,571.782958984375,110.9499740600586
5616,225.047,542.5075073242188,120.81936645507812
5617,225.087,598.25146484375,89.31629943847656
5618,225.127,523.07861328125,122.22032928466797
5619,225.167,542.9593505859375,124.98339080810547
5620,225.207,572.9758911132812,129.277587890625
5621,225.248,573.39892578125,148.7350616455078
5622,225.288,576.3046264648438,154.70901489257812
5623,225.328,578.8223876953125,157.9491424560547
5624,225.368,577.3934936523438,159.08749389648438
5625,225.408,578.8388061523438,158.23184204101562
5626,225.448,580.8445434570312,156.41786193847656
5627,225.488,610.8873291015625,115.70286560058594
5628,225.528,579.4157104492188,141.9237518310547
5629,225.568,538.7601318359375,149.34532165527344
5630,225.608,542.77490234375,153.3667449951172
5631,225.648,547.8306884765625,154.39373779296875
5632,225.688,567.25439453125,152.0824737548828
5633,225.728,563.5508422851562,152.59149169921875
5634,225.768,561.0516967773438,151.97511291503906
5635,225.809,562.71484375,152.36595153808594
5636,225.849,560.2001953125,152.5585174560547
5637,225.889,558.4017944335938,152.78131103515625
5638,225.929,553.0278930664062,154.13162231445312
5639,225.969,553.7357788085938,154.5016326904297
5640,226.009,553.8723754882812,153.6387481689453
5641,226.049,559.2386474609375,151.4999237060547
5642,226.089,551.6565551757812,154.3368377685547
5643,226.129,544.2557983398438,153.82077026367188
5644,226.169,539.103271484375,153.22738647460938
5645,226.209,542.0430908203125,151.70709228515625
5646,226.249,543.8564453125,151.65524291992188
5647,226.289,546.7357177734375,151.44677734375
5648,226.329,544.6934204101562,149.8721160888672
5649,226.37,531.1196899414062,154.0381622314453
5650,226.41,532.5753784179688,155.35430908203125
5651,226.45,531.4860229492188,154.48800659179688
5652,226.49,529.70458984375,153.37838745117188
5653,226.53,528.6400146484375,152.93418884277344
5654,226.57,531.1976928710938,153.0903778076172
5655,226.61,527.8984985351562,152.98260498046875
5656,226.65,528.48828125,153.20445251464844
5657,226.69,527.9955444335938,152.71629333496094
5658,226.73,526.9769287109375,152.60752868652344
5659,226.77,521.7034912109375,152.99200439453125
5660,226.81,520.0859985351562,152.506103515625
5661,226.85,525.3603515625,150.03787231445312
5662,226.891,525.2669677734375,148.72312927246094
5663,226.931,533.732421875,138.22850036621094
5664,226.971,532.7366943359375,138.69638061523438
5665,227.011,543.837158203125,145.1834716796875
5666,227.051,538.2695922851562,149.68161010742188
5667,227.091,538.04052734375,148.49510192871094
5668,227.131,542.0021362304688,131.31930541992188
5669,227.171,538.8872680664062,116.5937728881836
5670,227.211,539.7224731445312,129.4795684814453
5671,227.251,570.0982666015625,102.49616241455078
5672,227.291,578.90380859375,92.88296508789062
5673,227.331,590.6066284179688,79.32369232177734
5674,227.371,573.3641357421875,105.8873062133789
5675,227.411,557.6732177734375,129.95980834960938
5676,227.452,552.597900390625,114.4522705078125
5677,227.492,551.2184448242188,107.22844696044922
5678,227.532,565.1088256835938,62.45399856567383
5679,227.572,551.3350219726562,69.50885772705078
5680,227.612,555.8548583984375,58.754764556884766
5681,227.652,579.5138549804688,65.29367065429688
5682,227.692,547.3765869140625,76.13773345947266
5683,227.732,525.7994995117188,95.11746978759766
5684,227.772,526.0287475585938,92.64724731445312
5685,227.812,525.96142578125,95.55149841308594
5686,227.852,586.5755004882812,47.49287796020508
5687,227.892,584.4873657226562,49.336273193359375
5688,227.932,627.4744262695312,17.749359130859375
5689,227.972,525.0776977539062,98.71253204345703
5690,228.013,525.0829467773438,98.74699401855469
5691,228.053,571.230712890625,72.818115234375
5692,228.093,602.0113525390625,55.75050354003906
5693,228.133,627.3895263671875,1.8579671382904053
5694,228.173,624.19775390625,21.366329193115234
5695,228.213,nan,nan
5696,228.253,596.3744506835938,53.9422492980957
5697,228.293,nan,nan
5698,228.333,600.2259521484375,12.150022506713867
5699,228.373,nan,nan
5700,228.413,nan,nan
5701,228.453,nan,nan
5702,228.493,nan,nan
5703,228.533,nan,nan
5704,228.574,nan,nan
5705,228.614,nan,nan
5706,228.654,584.703857421875,1.9075919389724731
5707,228.694,681.6566772460938,45.528953552246094
5708,228.734,685.7199096679688,37.892333984375
5709,228.774,nan,nan
5710,228.814,nan,nan
5711,228.854,573.598876953125,39.69526672363281
5712,228.894,554.3075561523438,80.90851593017578
5713,228.934,596.574951171875,53.76968002319336
5714,228.974,560.8929443359375,62.300025939941406
5715,229.014,552.3128662109375,63.49821090698242
5716,229.054,510.4708557128906,60.39616394042969
5717,229.094,583.087158203125,73.9933090209961
5718,229.135,552.89501953125,81.05171966552734
5719,229.175,575.0496215820312,80.00514221191406
5720,229.215,577.8035888671875,68.37748718261719
5721,229.255,573.9503173828125,83.60049438476562
5722,229.295,573.3109130859375,91.26091003417969
5723,229.335,588.4196166992188,100.2003402709961
5724,229.375,568.96826171875,109.45755767822266
5725,229.415,553.9723510742188,89.79613494873047
5726,229.455,568.3903198242188,108.94449615478516
5727,229.495,558.5205078125,84.37413024902344
5728,229.535,565.5068969726562,105.01893615722656
5729,229.575,550.70458984375,76.58000183105469
5730,229.615,556.8237915039062,107.43893432617188
5731,229.656,540.030029296875,54.3869743347168
5732,229.696,541.2838745117188,64.92950439453125
5733,229.736,544.7820434570312,82.71963500976562
5734,229.776,546.930908203125,73.12721252441406
5735,229.816,540.1495361328125,79.3858413696289
5736,229.856,528.5887451171875,81.44898223876953
5737,229.896,557.5194091796875,85.53404998779297
5738,229.936,595.7255249023438,34.36328125
5739,229.976,627.0767822265625,11.311267852783203
5740,230.016,592.3651733398438,42.71419143676758
5741,230.056,623.3114013671875,33.106712341308594
5742,230.096,620.874267578125,17.701576232910156
5743,230.136,613.6248779296875,31.54524803161621
5744,230.176,618.1551513671875,31.97039794921875
5745,230.217,579.6270141601562,56.149051666259766
5746,230.257,nan,nan
5747,230.297,nan,nan
5748,230.337,nan,nan
5749,230.377,nan,nan
5750,230.417,nan,nan
5751,230.457,596.1514282226562,132.5564727783203
5752,230.497,560.3535766601562,26.1058292388916
5753,230.537,565.64404296875,84.47328186035156
5754,230.577,584.5230712890625,156.74916076660156
5755,230.617,574.103759765625,55.95191192626953
5756,230.657,531.66015625,75.46482849121094
5757,230.697,580.2388305664062,22.620145797729492
5758,230.737,502.3968200683594,66.95211029052734
5759,230.778,480.4204406738281,53.66146469116211
5760,230.818,489.2197265625,57.099544525146484
5761,230.858,499.6268310546875,75.23051452636719
5762,230.898,499.9980773925781,76.18814086914062
5763,230.938,500.52392578125,77.3552017211914
5764,230.978,500.82916259765625,77.50383758544922
5765,231.018,509.316162109375,82.09771728515625
5766,231.058,514.4307861328125,87.40764617919922
5767,231.098,532.6551513671875,93.50753784179688
5768,231.138,504.7020263671875,74.96916198730469
5769,231.178,511.9743347167969,81.53034973144531
5770,231.218,540.38671875,82.95174407958984
5771,231.258,580.7916259765625,32.031715393066406
5772,231.298,550.2838134765625,84.83340454101562
5773,231.339,555.3943481445312,44.66854476928711
5774,231.379,535.5790405273438,79.3864517211914
5775,231.419,530.206787109375,84.03902435302734
5776,231.459,527.529296875,91.09701538085938
5777,231.499,528.0800170898438,84.60748291015625
5778,231.539,530.3096923828125,105.05506134033203
5779,231.579,530.4277954101562,105.6491928100586
5780,231.619,508.0210266113281,100.92959594726562
5781,231.659,504.6307067871094,117.30477142333984
5782,231.699,503.73492431640625,117.37550354003906
5783,231.739,501.2572326660156,123.65773010253906
5784,231.779,501.06329345703125,117.90196228027344
5785,231.819,498.1558532714844,124.35676574707031
5786,231.86,497.7857360839844,130.4921875
5787,231.9,498.2812194824219,133.78965759277344
5788,231.94,499.5544128417969,136.99923706054688
5789,231.98,500.8492736816406,138.39788818359375
5790,232.02,502.3102111816406,139.66404724121094
5791,232.06,508.0781555175781,139.68734741210938
5792,232.1,526.9144287109375,138.6477508544922
5793,232.14,527.8748779296875,137.73165893554688
5794,232.18,530.5730590820312,137.19284057617188
5795,232.22,532.6614990234375,136.8644256591797
5796,232.26,529.8033447265625,128.53842163085938
5797,232.3,517.9110107421875,123.30116271972656
5798,232.34,518.4913940429688,109.86970520019531
5799,232.38,516.8557739257812,106.24694061279297
5800,232.421,529.1036987304688,114.43961334228516
5801,232.461,598.3289794921875,67.58130645751953
5802,232.501,553.1439819335938,141.381591796875
5803,232.541,556.8283081054688,151.44747924804688
5804,232.581,552.6705322265625,150.77880859375
5805,232.621,550.6463623046875,150.72166442871094
5806,232.661,551.0877075195312,150.77967834472656
5807,232.701,553.3048706054688,150.37557983398438
5808,232.741,556.0076293945312,149.55270385742188
5809,232.781,557.6666259765625,124.417236328125
5810,232.821,581.80419921875,94.32659912109375
5811,232.861,611.1856079101562,71.0378646850586
5812,232.901,635.5924682617188,97.87194061279297
5813,232.941,635.5527954101562,99.81758117675781
5814,232.982,632.0333251953125,102.76158905029297
5815,233.022,576.4959716796875,132.5634765625
5816,233.062,585.0460205078125,132.1377410888672
5817,233.102,583.5401611328125,93.06219482421875
5818,233.142,561.0169677734375,114.00103759765625
5819,233.182,572.0468139648438,103.87325286865234
5820,233.222,539.9032592773438,92.63532257080078
5821,233.262,575.5594482421875,92.76332092285156
5822,233.302,562.6136474609375,80.63117980957031
5823,233.342,573.1670532226562,69.38378143310547
5824,233.382,586.5558471679688,62.95866012573242
5825,233.422,572.4623413085938,66.26009368896484
5826,233.462,565.3683471679688,68.5934066772461
5827,233.502,548.4688110351562,97.87844848632812
5828,233.543,535.7467041015625,105.44007873535156
5829,233.583,541.015380859375,102.72848510742188
5830,233.623,595.34765625,128.31243896484375
5831,233.663,588.1578369140625,132.38278198242188
5832,233.703,641.7028198242188,108.93342590332031
5833,233.743,638.452392578125,115.32149505615234
5834,233.783,628.8482055664062,28.636091232299805
5835,233.823,621.9113159179688,24.698671340942383
5836,233.863,563.9006958007812,79.25102233886719
5837,233.903,525.5726928710938,107.22325897216797
5838,233.943,528.1782836914062,113.95285034179688
5839,233.983,594.5202026367188,75.97581481933594
5840,234.023,601.2684326171875,68.91150665283203
5841,234.063,617.6770629882812,52.69463348388672
5842,234.104,600.2525634765625,64.6603775024414
5843,234.144,594.8810424804688,67.01021575927734
5844,234.184,589.4640502929688,94.3735580444336
5845,234.224,602.933349609375,115.33258819580078
5846,234.264,593.6978149414062,90.79483795166016
5847,234.304,589.0326538085938,79.96991729736328
5848,234.344,585.9390258789062,55.30723190307617
5849,234.384,561.7565307617188,106.23021697998047
5850,234.424,586.3538818359375,62.87144088745117
5851,234.464,577.8702392578125,63.636802673339844
5852,234.504,589.6571044921875,47.24034118652344
5853,234.544,592.055419921875,64.9532470703125
5854,234.584,577.4530639648438,77.65453338623047
5855,234.625,621.7490234375,42.4482421875
5856,234.665,618.6454467773438,43.93907165527344
5857,234.705,587.4608764648438,14.62644100189209
5858,234.745,580.302978515625,16.32220458984375
5859,234.785,641.3953857421875,12.888449668884277
5860,234.825,593.40869140625,82.00119018554688
5861,234.865,600.4476318359375,20.07352066040039
5862,234.905,639.8997192382812,16.947433471679688
5863,234.945,644.451171875,25.761852264404297
5864,234.985,580.367431640625,86.63629150390625
5865,235.025,582.7343139648438,89.21949768066406
5866,235.065,nan,nan
5867,235.105,nan,nan
5868,235.145,606.4829711914062,26.20223045349121
5869,235.186,nan,nan
5870,235.226,556.6539306640625,25.396507263183594
5871,235.266,nan,nan
5872,235.306,nan,nan
5873,235.346,503.34783935546875,29.63414192199707
5874,235.386,501.0176086425781,40.55062484741211
5875,235.426,515.17529296875,40.602325439453125
5876,235.466,512.0770874023438,40.82816696166992
5877,235.506,607.3553466796875,47.71719741821289
5878,235.546,602.6348266601562,46.290740966796875
5879,235.586,nan,nan
5880,235.626,nan,nan
5881,235.666,650.7044677734375,22.01990509033203
5882,235.706,nan,nan
5883,235.747,522.7453002929688,50.717430114746094
5884,235.787,534.7791748046875,31.620014190673828
5885,235.827,538.8952026367188,9.715953826904297
5886,235.867,nan,nan
5887,235.907,530.1360473632812,28.520158767700195
5888,235.947,529.432861328125,29.525026321411133
5889,235.987,538.0213012695312,64.96687316894531
5890,236.027,542.9768676757812,49.50051498413086
5891,236.067,548.5939331054688,67.79314422607422
5892,236.107,552.0259399414062,91.24661254882812
5893,236.147,586.195068359375,121.08702850341797
5894,236.187,627.435791015625,85.68116760253906
5895,236.227,647.7870483398438,85.83112335205078
5896,236.267,598.8540649414062,80.8280258178711
5897,236.308,628.6380615234375,49.18777084350586
5898,236.348,600.8248901367188,64.22431182861328
5899,236.388,561.881103515625,130.2567901611328
5900,236.428,573.3378295898438,191.31954956054688
5901,236.468,570.7208251953125,194.74354553222656
5902,236.508,569.3438720703125,194.78834533691406
5903,236.548,521.5567016601562,207.65283203125
5904,236.588,539.6253051757812,195.54164123535156
5905,236.628,518.291748046875,195.64002990722656
5906,236.668,543.6362915039062,195.8401641845703
5907,236.708,549.20654296875,197.97103881835938
5908,236.748,558.1871337890625,199.479736328125
5909,236.788,559.297607421875,197.9083251953125
5910,236.828,559.1383666992188,197.36550903320312
5911,236.869,558.952880859375,197.22860717773438
5912,236.909,524.9044799804688,168.80642700195312
5913,236.949,546.4049682617188,171.0652313232422
5914,236.989,548.5115356445312,170.32835388183594
5915,237.029,551.2959594726562,170.89646911621094
5916,237.069,551.4169921875,170.45419311523438
5917,237.109,552.1085815429688,169.53480529785156
5918,237.149,552.7980346679688,168.78060913085938
5919,237.189,552.2968139648438,167.761474609375
5920,237.229,553.0438842773438,167.63047790527344
5921,237.269,534.4058227539062,166.56503295898438
5922,237.309,543.0967407226562,154.62217712402344
5923,237.349,541.2614135742188,153.0395050048828
5924,237.39,538.3580932617188,160.70208740234375
5925,237.43,532.0637817382812,164.721923828125
5926,237.47,528.3418579101562,164.75685119628906
5927,237.51,537.0353393554688,163.94639587402344
5928,237.55,537.7034912109375,166.02987670898438
5929,237.59,539.0191040039062,167.13778686523438
5930,237.63,537.8685913085938,168.09466552734375
5931,237.67,535.2230834960938,169.159423828125
5932,237.71,533.87744140625,169.69480895996094
5933,237.75,534.3381958007812,170.6342315673828
5934,237.79,524.76904296875,156.75262451171875
5935,237.83,522.3997192382812,144.46124267578125
5936,237.87,523.0576171875,131.25636291503906
5937,237.91,525.36962890625,123.22040557861328
5938,237.951,528.9600830078125,120.32575225830078
5939,237.991,531.737060546875,133.34359741210938
5940,238.031,573.03173828125,82.8742904663086
5941,238.071,571.3563842773438,86.0986557006836
5942,238.111,568.575927734375,92.9295654296875
5943,238.151,569.2025146484375,87.13225555419922
5944,238.191,549.0770263671875,119.1600570678711
5945,238.231,576.6166381835938,85.182861328125
5946,238.271,567.5608520507812,89.3674545288086
5947,238.311,646.7156982421875,63.5841178894043
5948,238.351,636.367431640625,31.38629913330078
5949,238.391,634.984375,61.64923858642578
5950,238.431,621.15966796875,44.42997360229492
5951,238.471,571.5217895507812,87.4763412475586
5952,238.512,615.01171875,56.07669448852539
5953,238.552,570.8545532226562,100.21510314941406
5954,238.592,563.92333984375,105.13290405273438
5955,238.632,537.4580078125,123.88072204589844
5956,238.672,590.15478515625,106.40290069580078
5957,238.712,611.1891479492188,72.23363494873047
5958,238.752,610.1077270507812,61.07184600830078
5959,238.792,579.7222900390625,95.76311492919922
5960,238.832,653.5897216796875,64.4374771118164
5961,238.872,662.8466796875,59.52235794067383
5962,238.912,648.9189453125,79.72238159179688
5963,238.952,638.8054809570312,83.12244415283203
5964,238.992,568.1813354492188,96.73042297363281
5965,239.032,605.98828125,94.59159851074219
5966,239.073,629.7911987304688,78.66512298583984
5967,239.113,576.0842895507812,99.2947998046875
5968,239.153,561.7621459960938,103.3619155883789
5969,239.193,536.8636474609375,109.07353973388672
5970,239.233,537.74267578125,111.83779907226562
5971,239.273,539.42236328125,114.14419555664062
5972,239.313,540.8710327148438,115.3543930053711
5973,239.353,583.4508056640625,66.359130859375
5974,239.393,627.245361328125,53.51010513305664
5975,239.433,550.1468505859375,72.08599853515625
5976,239.473,655.35791015625,55.91561508178711
5977,239.513,660.8731689453125,63.273231506347656
5978,239.553,667.7501220703125,39.25404739379883
5979,239.593,679.2310791015625,23.487422943115234
5980,239.634,583.158447265625,76.58633422851562
5981,239.674,600.869873046875,53.03705978393555
5982,239.714,602.9710693359375,96.49970245361328
5983,239.754,568.8743286132812,111.81148529052734
5984,239.794,563.4107666015625,114.9080581665039
5985,239.834,564.1943969726562,118.11968994140625
5986,239.874,594.195068359375,136.49343872070312
5987,239.914,604.87939453125,124.04061889648438
5988,239.954,604.3519287109375,116.25725555419922
5989,239.994,609.4514770507812,85.33143615722656
5990,240.034,592.6527099609375,103.75790405273438
5991,240.074,595.3355712890625,91.4025650024414
5992,240.114,571.2838745117188,66.05738830566406
5993,240.155,549.1323852539062,127.79481506347656
5994,240.195,579.0888061523438,120.14017486572266
5995,240.235,581.7269897460938,121.63969421386719
5996,240.275,583.7843017578125,106.59563446044922
5997,240.315,543.3046875,46.881282806396484
5998,240.355,nan,nan
5999,240.395,596.7901000976562,44.50004959106445
6000,240.435,577.3451538085938,36.33068084716797
6001,240.475,589.64404296875,47.94072723388672
6002,240.515,542.2440795898438,61.875755310058594
6003,240.555,583.806640625,92.84413146972656
6004,240.595,604.7192993164062,95.15892791748047
6005,240.635,618.7019653320312,94.1195297241211
6006,240.675,632.0708618164062,86.10999298095703
6007,240.716,650.4666748046875,70.1934585571289
6008,240.756,650.7166137695312,69.04119110107422
6009,240.796,654.49658203125,50.13600158691406
6010,240.836,657.5419311523438,29.217849731445312
6011,240.876,657.0328979492188,17.11248207092285
6012,240.916,654.3689575195312,15.888609886169434
6013,240.956,645.5154418945312,36.42192077636719
6014,240.996,613.657470703125,83.6652603149414
6015,241.036,592.646484375,95.23348999023438
6016,241.076,631.4469604492188,85.0984878540039
6017,241.116,649.3895263671875,62.49807357788086
6018,241.156,659.7818603515625,38.66716003417969
6019,241.196,653.6627197265625,30.330333709716797
6020,241.236,675.4874877929688,83.48912048339844
6021,241.277,561.0228881835938,71.74006652832031
6022,241.317,562.7608032226562,73.01235961914062
6023,241.357,590.6840209960938,98.2801284790039
6024,241.397,633.9850463867188,80.61921691894531
6025,241.437,614.3108520507812,110.06499481201172
6026,241.477,612.166015625,113.26802825927734
6027,241.517,598.9478149414062,123.69058227539062
6028,241.557,639.5314331054688,101.34939575195312
6029,241.597,618.1397094726562,101.91783142089844
6030,241.637,584.8851928710938,106.63782501220703
6031,241.677,590.0485229492188,111.78760528564453
6032,241.717,585.0108032226562,116.80416870117188
6033,241.757,604.9464721679688,97.0966567993164
6034,241.797,599.0309448242188,105.72557830810547
6035,241.838,593.792236328125,112.23319244384766
6036,241.878,592.4708862304688,115.31591033935547
6037,241.918,593.9429931640625,114.86414337158203
6038,241.958,639.0822143554688,88.00313568115234
6039,241.998,612.4710693359375,113.39572143554688
6040,242.038,595.6145629882812,13.66883659362793
6041,242.078,571.2421264648438,42.534732818603516
6042,242.118,572.7257080078125,47.45070266723633
6043,242.158,588.6844482421875,46.710514068603516
6044,242.198,572.8988647460938,39.570011138916016
6045,242.238,595.1051025390625,34.86343765258789
6046,242.278,597.4216918945312,55.803619384765625
6047,242.318,601.9365844726562,71.10136413574219
6048,242.358,555.65283203125,65.25623321533203
6049,242.399,544.6607666015625,83.46286010742188
6050,242.439,625.7752685546875,64.17890930175781
6051,242.479,604.1454467773438,73.98519134521484
6052,242.519,594.1201782226562,77.37991333007812
6053,242.559,599.1182861328125,67.73808288574219
6054,242.599,588.3984375,101.69712829589844
6055,242.639,595.01318359375,94.06884002685547
6056,242.679,621.350830078125,81.90449523925781
6057,242.719,684.2103881835938,91.17958068847656
6058,242.759,665.6568603515625,75.20928192138672
6059,242.799,714.9095458984375,53.85707473754883
6060,242.839,662.5944213867188,47.89990997314453
6061,242.879,520.4254760742188,125.94677734375
6062,242.92,559.9271850585938,141.84188842773438
6063,242.96,492.06622314453125,187.4801788330078
6064,243.0,478.8905334472656,193.7256317138672
6065,243.04,478.1066589355469,208.64268493652344
6066,243.08,471.247802734375,213.5802001953125
6067,243.12,471.3039855957031,241.3731231689453
6068,243.16,476.80303955078125,238.79425048828125
6069,243.2,475.1368713378906,244.40057373046875
6070,243.24,451.94244384765625,233.52127075195312
6071,243.28,454.7972717285156,248.16635131835938
6072,243.32,448.4502258300781,272.44775390625
6073,243.36,516.8173828125,259.177978515625
6074,243.4,538.2581176757812,254.4853515625
6075,243.44,519.7615356445312,263.3072204589844
6076,243.481,520.4380493164062,262.62841796875
6077,243.521,515.5262451171875,265.19171142578125
6078,243.561,510.9726257324219,264.04681396484375
6079,243.601,511.39813232421875,270.2339782714844
6080,243.641,507.2250061035156,273.4197998046875
6081,243.681,497.04986572265625,357.85308837890625
6082,243.721,475.4987487792969,403.78070068359375
6083,243.761,481.217041015625,418.2054748535156
6084,243.801,476.9987487792969,414.5320739746094
6085,243.841,480.0068359375,398.1656799316406
6086,243.881,503.6520690917969,322.7209167480469
6087,243.921,502.3279724121094,309.5714111328125
6088,243.961,502.4412841796875,310.0892333984375
6089,244.001,506.7044677734375,309.0820007324219
6090,244.042,502.9049072265625,309.9770202636719
6091,244.082,501.33636474609375,312.81427001953125
6092,244.122,502.66302490234375,270.00579833984375
6093,244.162,490.2017517089844,272.3962097167969
6094,244.202,487.2532653808594,278.1982421875
6095,244.242,485.5963439941406,280.9792175292969
6096,244.282,484.8693542480469,284.02618408203125
6097,244.322,496.4327697753906,282.4869689941406
6098,244.362,519.37646484375,283.5024108886719
6099,244.402,524.9840698242188,267.87664794921875
6100,244.442,479.63763427734375,254.6926727294922
6101,244.482,479.809814453125,248.52423095703125
6102,244.522,481.5095520019531,255.95986938476562
6103,244.562,481.9097900390625,256.1003723144531
6104,244.603,481.3019104003906,261.4763488769531
6105,244.643,487.9374694824219,265.9438171386719
6106,244.683,480.98223876953125,259.0284423828125
6107,244.723,494.516845703125,246.48184204101562
6108,244.763,488.710205078125,249.66758728027344
6109,244.803,485.0452880859375,251.4920196533203
6110,244.843,487.619140625,250.18746948242188
6111,244.883,490.1614685058594,243.5477752685547
6112,244.923,499.6100769042969,235.1195831298828
6113,244.963,522.1406860351562,230.83702087402344
6114,245.003,543.926513671875,242.4676513671875
6115,245.043,476.7028503417969,251.90530395507812
6116,245.083,465.2166442871094,268.70220947265625
6117,245.123,470.7498474121094,259.3219909667969
6118,245.164,446.3922424316406,275.28619384765625
6119,245.204,461.13836669921875,267.0946044921875
6120,245.244,460.3838195800781,258.4434509277344
6121,245.284,477.0609130859375,246.35569763183594
6122,245.324,485.1726379394531,248.52920532226562
6123,245.364,481.1059875488281,251.86346435546875
6124,245.404,481.80377197265625,276.35009765625
6125,245.444,473.9635925292969,280.5593566894531
6126,245.484,472.5581970214844,226.37860107421875
6127,245.524,472.5023498535156,233.29171752929688
6128,245.564,521.1980590820312,252.04771423339844
6129,245.604,526.9478149414062,253.76344299316406
6130,245.644,527.6261596679688,257.4034729003906
6131,245.685,526.436279296875,258.12591552734375
6132,245.725,519.7824096679688,257.0728454589844
6133,245.765,516.959228515625,258.72467041015625
6134,245.805,517.0977783203125,258.038330078125
6135,245.845,514.5442504882812,263.8619079589844
6136,245.885,513.3167724609375,264.6269226074219
6137,245.925,510.1849670410156,263.5473937988281
6138,245.965,465.5954895019531,290.7671813964844
6139,246.005,404.3919372558594,297.76171875
6140,246.045,417.80767822265625,288.9443359375
6141,246.085,417.1241455078125,271.6538391113281
6142,246.125,416.2477722167969,282.65960693359375
6143,246.165,422.2537536621094,271.1688232421875
6144,246.205,425.4749450683594,280.5136413574219
6145,246.246,425.9090881347656,285.09783935546875
6146,246.286,431.8197021484375,290.69525146484375
6147,246.326,444.4673156738281,264.16400146484375
6148,246.366,440.5921630859375,266.2208557128906
6149,246.406,441.1604919433594,278.27825927734375
6150,246.446,434.2425842285156,242.9293670654297
6151,246.486,435.52294921875,244.5286865234375
6152,246.526,492.704345703125,266.4506530761719
6153,246.566,460.3984680175781,256.63006591796875
6154,246.606,452.341552734375,260.3486633300781
6155,246.646,433.90203857421875,264.8022766113281
6156,246.686,427.8287048339844,265.98883056640625
6157,246.726,420.8456115722656,255.89523315429688
6158,246.766,424.7715148925781,251.46795654296875
6159,246.807,435.8362731933594,253.35728454589844
6160,246.847,442.6447448730469,244.53379821777344
6161,246.887,436.3563537597656,236.9483642578125
6162,246.927,422.5826721191406,247.75942993164062
6163,246.967,423.95849609375,248.21981811523438
6164,247.007,419.446044921875,243.337158203125
6165,247.047,422.5962219238281,247.88233947753906
6166,247.087,419.9922790527344,260.87847900390625
6167,247.127,490.3340759277344,243.8130340576172
6168,247.167,480.8607177734375,257.3972473144531
6169,247.207,489.2180480957031,255.2814178466797
6170,247.247,486.67901611328125,251.58270263671875
6171,247.287,485.3880310058594,247.1468505859375
6172,247.327,505.8143005371094,236.8767852783203
6173,247.368,456.4342956542969,309.7848205566406
6174,247.408,321.94171142578125,363.481201171875
6175,247.448,222.21095275878906,495.8733215332031
6176,247.488,nan,nan
6177,247.528,nan,nan
6178,247.568,nan,nan
6179,247.608,nan,nan
6180,247.648,nan,nan
6181,247.688,nan,nan
6182,247.728,nan,nan
6183,247.768,nan,nan
6184,247.808,nan,nan
6185,247.848,nan,nan
6186,247.889,nan,nan
6187,247.929,nan,nan
6188,247.969,nan,nan
6189,248.009,471.509521484375,560.5697631835938
6190,248.049,462.6341857910156,531.632568359375
6191,248.089,461.7044372558594,511.2282409667969
6192,248.129,456.5830078125,518.3159790039062
6193,248.169,442.3616638183594,505.55438232421875
6194,248.209,454.78656005859375,479.5722351074219
6195,248.249,450.547119140625,461.7064514160156
6196,248.289,386.6915283203125,490.8419189453125
6197,248.329,395.4698791503906,483.2678527832031
6198,248.369,399.3695068359375,492.4589538574219
6199,248.409,405.5005798339844,492.29730224609375
6200,248.45,412.588623046875,478.2261962890625
6201,248.49,408.07098388671875,449.4424743652344
6202,248.53,442.09222412109375,467.6523742675781
6203,248.57,446.01837158203125,468.5988464355469
6204,248.61,454.907958984375,464.9904479980469
6205,248.65,474.2737731933594,474.9333190917969
6206,248.69,488.7105712890625,445.3613586425781
6207,248.73,485.7518005371094,460.3948059082031
6208,248.77,489.41943359375,436.6878967285156
6209,248.81,484.5450134277344,440.2497863769531
6210,248.85,482.4090576171875,436.7605895996094
6211,248.89,479.2054138183594,447.06396484375
6212,248.93,481.69378662109375,442.93719482421875
6213,248.97,483.0575866699219,446.66168212890625
6214,249.011,481.8979797363281,452.1793212890625
6215,249.051,483.9871826171875,442.2938537597656
6216,249.091,480.6180114746094,440.9862976074219
6217,249.131,478.2532958984375,441.1876525878906
6218,249.171,475.65008544921875,418.7605895996094
6219,249.211,461.1996765136719,428.14495849609375
6220,249.251,467.8064270019531,422.4000549316406
6221,249.291,472.09149169921875,433.88525390625
6222,249.331,nan,nan
6223,249.371,nan,nan
6224,249.411,nan,nan
6225,249.451,nan,nan
6226,249.491,nan,nan
6227,249.531,nan,nan
6228,249.572,581.7598876953125,561.9866333007812
6229,249.612,601.6957397460938,528.651123046875
6230,249.652,520.73388671875,472.9325866699219
6231,249.692,556.0427856445312,512.8931274414062
6232,249.732,575.931884765625,316.3352966308594
6233,249.772,543.2091674804688,380.53955078125
6234,249.812,537.4312133789062,365.3732604980469
6235,249.852,526.1170043945312,383.8002014160156
6236,249.892,530.3143920898438,378.9772644042969
6237,249.932,534.8255004882812,371.8857116699219
6238,249.972,536.6016235351562,368.5859680175781
6239,250.012,566.1753540039062,413.4708251953125
6240,250.052,563.7612915039062,426.54852294921875
6241,250.092,535.6683959960938,421.8956604003906
6242,250.133,545.2474975585938,418.7184143066406
6243,250.173,531.4107055664062,423.2791748046875
6244,250.213,503.57952880859375,381.0589294433594
6245,250.253,514.5310668945312,399.429443359375
6246,250.293,566.3491821289062,452.1475830078125
6247,250.333,546.9111938476562,434.1985778808594
6248,250.373,517.4912719726562,519.1683959960938
6249,250.413,nan,nan
6250,250.453,nan,nan
6251,250.493,nan,nan
6252,250.533,nan,nan
6253,250.573,nan,nan
6254,250.613,nan,nan
6255,250.654,nan,nan
6256,250.694,nan,nan
6257,250.734,nan,nan
6258,250.774,nan,nan
6259,250.814,511.72198486328125,605.3922729492188
6260,250.854,nan,nan
6261,250.894,501.20904541015625,595.6790161132812
6262,250.934,501.34503173828125,545.2425537109375
6263,250.974,506.3544006347656,567.4120483398438
6264,251.014,489.82452392578125,575.59326171875
6265,251.054,482.2096862792969,582.2661743164062
6266,251.094,477.0023193359375,596.6033325195312
6267,251.134,475.7054138183594,587.1534423828125
6268,251.174,nan,nan
6269,251.215,nan,nan
6270,251.255,nan,nan
6271,251.295,389.11309814453125,460.10009765625
6272,251.335,375.2409362792969,465.4552917480469
6273,251.375,405.1562194824219,466.0643615722656
6274,251.415,410.7321472167969,467.1310729980469
6275,251.455,446.7354736328125,436.91571044921875
6276,251.495,457.1704406738281,445.91534423828125
6277,251.535,516.4886474609375,464.0022277832031
6278,251.575,517.54736328125,441.4259338378906
6279,251.615,516.7348022460938,436.2294616699219
6280,251.655,511.4361877441406,452.8416748046875
6281,251.695,413.1076965332031,481.7745361328125
6282,251.735,419.28692626953125,462.8741455078125
6283,251.776,437.0001525878906,464.20721435546875
6284,251.816,440.2235412597656,445.8381042480469
6285,251.856,440.05682373046875,425.3403625488281
6286,251.896,443.2493896484375,446.7781677246094
6287,251.936,447.087158203125,445.5595397949219
6288,251.976,449.358642578125,459.49871826171875
6289,252.016,478.1177673339844,436.4783630371094
6290,252.056,481.0671691894531,436.01416015625
6291,252.096,477.9914855957031,436.1351318359375
6292,252.136,458.4755554199219,446.02362060546875
6293,252.176,402.524169921875,457.76947021484375
6294,252.216,463.1263122558594,432.50494384765625
6295,252.256,457.2385559082031,433.4402770996094
6296,252.296,446.2987365722656,433.5349426269531
6297,252.337,437.1875915527344,420.81317138671875
6298,252.377,427.90948486328125,417.3685607910156
6299,252.417,374.8795471191406,407.7734680175781
6300,252.457,381.7247314453125,399.15142822265625
6301,252.497,377.5398254394531,401.8332214355469
6302,252.537,379.708740234375,399.5258483886719
6303,252.577,401.8671875,412.646484375
6304,252.617,363.5877685546875,402.08148193359375
6305,252.657,353.6119079589844,397.0968933105469
6306,252.697,299.88812255859375,416.4096984863281
6307,252.737,407.0933837890625,372.10687255859375
6308,252.777,386.0524597167969,408.2789611816406
6309,252.817,384.5528564453125,406.584228515625
6310,252.857,382.3341064453125,406.8782043457031
6311,252.898,379.74432373046875,406.22186279296875
6312,252.938,380.152099609375,405.5298767089844
6313,252.978,356.81463623046875,401.48028564453125
6314,253.018,355.7771301269531,408.30450439453125
6315,253.058,356.0464172363281,408.5379333496094
6316,253.098,355.0304870605469,409.3882751464844
6317,253.138,347.02545166015625,393.324462890625
6318,253.178,361.9168395996094,380.7269287109375
6319,253.218,361.1090087890625,410.5453186035156
6320,253.258,359.662109375,415.0811767578125
6321,253.298,356.20697021484375,423.7354736328125
6322,253.338,413.1985168457031,449.01654052734375
6323,253.378,501.52130126953125,476.0176086425781
6324,253.419,512.5787353515625,501.0200500488281
6325,253.459,457.5192565917969,493.42919921875
6326,253.499,455.357421875,517.1122436523438
6327,253.539,433.4903869628906,520.6661376953125
6328,253.579,416.7775573730469,559.36083984375
6329,253.619,409.0986633300781,583.42626953125
6330,253.659,406.8970031738281,578.355224609375
6331,253.699,419.40283203125,577.1156616210938
6332,253.739,422.8587951660156,576.5125732421875
6333,253.779,429.78436279296875,583.0031127929688
6334,253.819,427.27252197265625,566.3842163085938
6335,253.859,443.10546875,577.2391967773438
6336,253.899,nan,nan
6337,253.939,nan,nan
6338,253.98,nan,nan
6339,254.02,nan,nan
6340,254.06,nan,nan
6341,254.1,nan,nan
6342,254.14,nan,nan
6343,254.18,nan,nan
6344,254.22,nan,nan
6345,254.26,nan,nan
6346,254.3,nan,nan
6347,254.34,nan,nan
6348,254.38,nan,nan
6349,254.42,nan,nan
6350,254.46,nan,nan
6351,254.5,nan,nan
6352,254.541,nan,nan
6353,254.581,nan,nan
6354,254.621,nan,nan
6355,254.661,513.6578979492188,73.64020538330078
6356,254.701,502.64996337890625,143.0686798095703
6357,254.741,496.0225830078125,190.43515014648438
6358,254.781,478.3528747558594,226.54742431640625
6359,254.821,490.31011962890625,247.35910034179688
6360,254.861,487.3706359863281,261.8929748535156
6361,254.901,482.91131591796875,267.6234130859375
6362,254.941,499.45172119140625,259.785888671875
6363,254.981,515.8518676757812,262.08294677734375
6364,255.021,500.8189697265625,265.064697265625
6365,255.061,489.0372314453125,272.7132263183594
6366,255.102,484.3661804199219,276.08282470703125
6367,255.142,493.4588623046875,273.2754821777344
6368,255.182,472.4638977050781,292.56707763671875
6369,255.222,453.8304748535156,429.08526611328125
6370,255.262,411.79620361328125,594.162841796875
6371,255.302,nan,nan
6372,255.342,nan,nan
6373,255.382,nan,nan
6374,255.422,nan,nan
6375,255.462,nan,nan
6376,255.502,nan,nan
6377,255.542,nan,nan
6378,255.582,nan,nan
6379,255.622,530.9364624023438,108.03021240234375
6380,255.663,529.4050903320312,140.43017578125
6381,255.703,512.1659545898438,196.41323852539062
6382,255.743,502.80560302734375,231.41444396972656
6383,255.783,484.7194519042969,261.4468078613281
6384,255.823,506.93280029296875,264.40606689453125
6385,255.863,515.2025756835938,244.4434356689453
6386,255.903,517.4989624023438,253.1195526123047
6387,255.943,507.7559509277344,268.0303649902344
6388,255.983,504.8904724121094,277.4474792480469
6389,256.023,516.72900390625,276.0782470703125
6390,256.063,525.1951293945312,270.96380615234375
6391,256.103,526.814453125,275.5180969238281
6392,256.143,537.15771484375,273.0954895019531
6393,256.184,518.4508056640625,255.6683807373047
6394,256.224,527.7840576171875,258.23681640625
6395,256.264,514.5795288085938,263.71661376953125
6396,256.304,516.4078979492188,253.81060791015625
6397,256.344,516.6410522460938,247.51255798339844
6398,256.384,522.9778442382812,239.4151153564453
6399,256.424,522.7572021484375,232.8834991455078
6400,256.464,522.4385986328125,231.67462158203125
6401,256.504,517.377197265625,205.92755126953125
6402,256.544,518.415771484375,196.70083618164062
6403,256.584,516.4412231445312,194.5361328125
6404,256.624,517.9141845703125,230.00082397460938
6405,256.664,511.74725341796875,233.0466766357422
6406,256.704,511.2920227050781,227.45315551757812
6407,256.745,507.1938781738281,228.67764282226562
6408,256.785,508.25958251953125,226.89297485351562
6409,256.825,508.6968688964844,227.1300048828125
6410,256.865,510.4904479980469,225.97738647460938
6411,256.905,510.98065185546875,229.80279541015625
6412,256.945,509.2610778808594,229.37049865722656
6413,256.985,510.9307556152344,231.88201904296875
6414,257.025,545.774658203125,215.2047882080078
6415,257.065,569.9736938476562,203.00393676757812
6416,257.105,565.0465087890625,213.84600830078125
6417,257.145,563.4132690429688,209.20655822753906
6418,257.185,561.9747924804688,209.89541625976562
6419,257.225,490.6860656738281,188.2911376953125
6420,257.265,490.0250244140625,185.7239227294922
6421,257.306,495.4890441894531,183.62945556640625
6422,257.346,496.5892333984375,182.4165496826172
6423,257.386,495.83428955078125,180.3843536376953
6424,257.426,518.9241943359375,163.3099365234375
6425,257.466,520.4733276367188,163.09210205078125
6426,257.506,519.7887573242188,162.0645751953125
6427,257.546,525.5718383789062,158.64198303222656
6428,257.586,528.239013671875,157.7711944580078
6429,257.626,529.9489135742188,156.29336547851562
6430,257.666,528.7214965820312,153.51866149902344
6431,257.706,526.5882568359375,150.89585876464844
6432,257.746,526.7894897460938,150.02438354492188
6433,257.786,526.1362915039062,149.1540985107422
6434,257.826,527.792236328125,147.75042724609375
6435,257.867,560.765625,159.71987915039062
6436,257.907,568.5658569335938,158.45863342285156
6437,257.947,571.8289184570312,139.82296752929688
6438,257.987,579.2127685546875,129.73529052734375
6439,258.027,573.8516235351562,142.64141845703125
6440,258.067,562.9177856445312,150.04379272460938
6441,258.107,549.4658813476562,162.47714233398438
6442,258.147,547.4778442382812,164.2666778564453
6443,258.187,549.6871337890625,156.66549682617188
6444,258.227,525.9161987304688,138.0289764404297
6445,258.267,521.2896118164062,137.60897827148438
6446,258.307,519.7347412109375,136.8214874267578
6447,258.347,517.706298828125,134.4349365234375
6448,258.387,515.5709838867188,133.11573791503906
6449,258.428,515.8803100585938,131.48231506347656
6450,258.468,515.912353515625,129.5660858154297
6451,258.508,516.9485473632812,126.94390106201172
6452,258.548,530.13623046875,85.39109802246094
6453,258.588,532.0930786132812,79.15592956542969
6454,258.628,531.857421875,78.39808654785156
6455,258.668,530.9028930664062,77.48941040039062
6456,258.708,529.9954223632812,76.00202941894531
6457,258.748,528.6525268554688,78.81336975097656
6458,258.788,526.72998046875,92.79939270019531
6459,258.828,526.0327758789062,99.42620086669922
6460,258.868,525.6971435546875,100.35846710205078
6461,258.908,538.684814453125,145.76307678222656
6462,258.949,536.4436645507812,144.71034240722656
6463,258.989,535.0139770507812,144.02926635742188
6464,259.029,533.2061767578125,142.3509521484375
6465,259.069,533.7323608398438,141.69761657714844
6466,259.109,534.5987548828125,140.46177673339844
6467,259.149,535.397705078125,138.89569091796875
6468,259.189,532.4326171875,136.71484375
6469,259.229,530.5302734375,131.8546600341797
6470,259.269,531.913818359375,128.0676727294922
6471,259.309,533.1538696289062,126.75056457519531
6472,259.349,533.9730834960938,126.05081176757812
6473,259.389,534.1728515625,125.62511444091797
6474,259.429,526.4149780273438,129.89463806152344
6475,259.469,506.73052978515625,134.90658569335938
6476,259.51,507.1856384277344,132.07968139648438
6477,259.55,507.45550537109375,129.53041076660156
6478,259.59,507.7640075683594,126.65850067138672
6479,259.63,508.09552001953125,123.52692413330078
6480,259.67,507.88043212890625,121.2751693725586
6481,259.71,507.90380859375,119.62715911865234
6482,259.75,507.4483947753906,118.34835052490234
6483,259.79,509.27142333984375,117.74222564697266
6484,259.83,507.4692687988281,118.06613159179688
6485,259.87,543.1884155273438,149.2575225830078
6486,259.91,543.404296875,149.0718231201172
6487,259.95,545.8033447265625,150.73789978027344
6488,259.99,544.3488159179688,151.71975708007812
6489,260.03,541.5274658203125,151.34988403320312
6490,260.071,540.8831787109375,151.6357879638672
6491,260.111,539.4404907226562,151.11334228515625
6492,260.151,525.7318725585938,154.7681121826172
6493,260.191,481.99884033203125,175.06509399414062
6494,260.231,478.24969482421875,173.33665466308594
6495,260.271,477.4952697753906,174.56935119628906
6496,260.311,475.8186950683594,175.81520080566406
6497,260.351,475.7044372558594,176.9563446044922
6498,260.391,475.7273254394531,178.10728454589844
6499,260.431,475.75726318359375,177.95697021484375
6500,260.471,509.93133544921875,176.6889190673828
6501,260.511,510.8757019042969,176.33522033691406
6502,260.551,511.8919372558594,174.6852264404297
6503,260.591,512.4730224609375,175.45477294921875
6504,260.632,515.7742919921875,173.37799072265625
6505,260.672,496.81231689453125,177.1590576171875
6506,260.712,540.251708984375,192.49276733398438
6507,260.752,506.931884765625,167.79251098632812
6508,260.792,503.55596923828125,162.58482360839844
6509,260.832,495.5466003417969,166.9129638671875
6510,260.872,524.1205444335938,146.7406768798828
6511,260.912,526.0955200195312,145.09439086914062
6512,260.952,527.6668090820312,144.36947631835938
6513,260.992,527.3035278320312,145.30010986328125
6514,261.032,526.1100463867188,145.0853729248047
6515,261.072,524.0031127929688,145.04953002929688
6516,261.112,522.8334350585938,144.47669982910156
6517,261.153,523.4375,143.04055786132812
6518,261.193,523.9502563476562,142.47900390625
6519,261.233,523.4794921875,142.681884765625
6520,261.273,523.9524536132812,143.86595153808594
6521,261.313,525.2156982421875,143.4093780517578
6522,261.353,526.008544921875,141.65463256835938
6523,261.393,525.661865234375,142.25086975097656
6524,261.433,597.9437255859375,138.02134704589844
6525,261.473,642.9876708984375,137.51292419433594
6526,261.513,639.3104248046875,138.18728637695312
6527,261.553,616.5995483398438,147.045166015625
6528,261.593,629.610107421875,118.85108184814453
6529,261.633,584.1666870117188,145.54295349121094
6530,261.673,589.41845703125,153.03097534179688
6531,261.714,573.02783203125,150.74127197265625
6532,261.754,573.4990844726562,152.71971130371094
6533,261.794,560.8858642578125,149.4514923095703
6534,261.834,555.3145141601562,150.25872802734375
6535,261.874,544.6378173828125,155.6527557373047
6536,261.914,526.543212890625,156.65892028808594
6537,261.954,521.9601440429688,165.860107421875
6538,261.994,521.6016845703125,160.85113525390625
6539,262.034,518.9547119140625,147.33535766601562
6540,262.074,514.5789794921875,152.9016876220703
6541,262.114,486.6368408203125,184.07327270507812
6542,262.154,481.0093078613281,189.7847900390625
6543,262.194,480.17364501953125,191.89654541015625
6544,262.234,480.71539306640625,193.9313507080078
6545,262.275,477.8332214355469,195.05117797851562
6546,262.315,477.5234069824219,193.98699951171875
6547,262.355,476.1525573730469,192.29635620117188
6548,262.395,475.0621643066406,190.05397033691406
6549,262.435,473.80413818359375,187.79150390625
6550,262.475,473.7388610839844,186.6100616455078
6551,262.515,474.2606201171875,186.13059997558594
6552,262.555,474.1156005859375,186.02334594726562
6553,262.595,465.76739501953125,180.52980041503906
6554,262.635,436.70721435546875,170.81866455078125
6555,262.675,434.5648498535156,171.074951171875
6556,262.715,444.1811218261719,148.5214080810547
6557,262.755,436.72344970703125,159.90826416015625
6558,262.795,434.92181396484375,168.2057342529297
6559,262.836,441.3191223144531,172.06101989746094
6560,262.876,445.1787109375,173.73377990722656
6561,262.916,450.6065979003906,172.57901000976562
6562,262.956,452.1424560546875,174.2217254638672
6563,262.996,452.9602355957031,175.0335693359375
6564,263.036,455.53131103515625,173.97030639648438
6565,263.076,479.2447509765625,190.029541015625
6566,263.116,469.64044189453125,204.6085662841797
6567,263.156,477.4112548828125,198.92330932617188
6568,263.196,477.677001953125,198.16650390625
6569,263.236,481.907958984375,196.4824676513672
6570,263.276,481.27685546875,195.44554138183594
6571,263.316,482.5994873046875,195.92355346679688
6572,263.356,483.9332275390625,196.42678833007812
6573,263.397,484.6616516113281,196.85647583007812
6574,263.437,484.8619689941406,196.10902404785156
6575,263.477,487.4477844238281,177.86697387695312
6576,263.517,487.10589599609375,172.72360229492188
6577,263.557,486.302490234375,170.21926879882812
6578,263.597,486.85137939453125,172.3068389892578
6579,263.637,486.8291320800781,173.8037567138672
6580,263.677,484.2772521972656,168.46484375
6581,263.717,477.421630859375,155.80487060546875
6582,263.757,482.16900634765625,158.41749572753906
6583,263.797,483.8325500488281,157.56283569335938
6584,263.837,487.74346923828125,155.03834533691406
6585,263.877,491.4288330078125,151.55763244628906
6586,263.918,491.82275390625,151.17788696289062
6587,263.958,472.3196105957031,152.42633056640625
6588,263.998,472.31695556640625,152.24134826660156
6589,264.038,471.33831787109375,151.52210998535156
6590,264.078,472.2762145996094,151.17918395996094
6591,264.118,472.4939270019531,150.57106018066406
6592,264.158,472.94647216796875,150.55023193359375
6593,264.198,473.0437316894531,149.82223510742188
6594,264.238,481.2698059082031,168.42385864257812
6595,264.278,481.0040283203125,171.52542114257812
6596,264.318,481.0854187011719,173.5470733642578
6597,264.358,480.8690490722656,174.0610809326172
6598,264.398,481.4217224121094,173.2447052001953
6599,264.438,481.4603271484375,172.88624572753906
6600,264.479,480.110107421875,172.7320556640625
6601,264.519,481.7234802246094,172.9253692626953
6602,264.559,482.3315734863281,173.42660522460938
6603,264.599,482.9518737792969,172.9697265625
6604,264.639,483.4022216796875,173.1878662109375
6605,264.679,481.8973083496094,173.0169219970703
6606,264.719,466.1508483886719,165.84315490722656
6607,264.759,467.3596496582031,165.603759765625
6608,264.799,466.2635192871094,164.68519592285156
6609,264.839,467.475830078125,163.2277069091797
6610,264.879,466.90625,161.4918670654297
6611,264.919,467.84716796875,159.90406799316406
6612,264.959,466.75799560546875,158.71896362304688
6613,264.999,466.9977111816406,157.9539337158203
6614,265.04,466.9633483886719,156.79495239257812
6615,265.08,465.82586669921875,154.916259765625
6616,265.12,465.8727722167969,152.6412353515625
6617,265.16,465.4082946777344,151.6727294921875
6618,265.2,466.1177062988281,150.6060333251953
6619,265.24,464.6529235839844,150.26016235351562
6620,265.28,465.1593933105469,149.70448303222656
6621,265.32,465.40496826171875,148.84500122070312
6622,265.36,466.1103515625,142.3913116455078
6623,265.4,465.1243591308594,145.94891357421875
6624,265.44,464.35546875,147.3932647705078
6625,265.48,436.83514404296875,160.45193481445312
6626,265.52,456.6155090332031,155.0225067138672
6627,265.56,464.4094543457031,159.59115600585938
6628,265.601,464.9367980957031,160.02874755859375
6629,265.641,464.0788269042969,159.58982849121094
6630,265.681,464.8026428222656,158.5204620361328
6631,265.721,464.5851135253906,157.77587890625
6632,265.761,464.6947326660156,156.73147583007812
6633,265.801,465.14764404296875,155.36280822753906
6634,265.841,464.3673400878906,154.2172393798828
6635,265.881,463.9426574707031,153.9811553955078
6636,265.921,464.544189453125,153.69528198242188
6637,265.961,501.6893310546875,161.2388458251953
6638,266.001,506.1578674316406,160.7999725341797
6639,266.041,507.9405212402344,159.37196350097656
6640,266.081,511.8757629394531,145.04469299316406
6641,266.121,505.56085205078125,158.31419372558594
6642,266.162,503.3475341796875,150.24429321289062
6643,266.202,500.74713134765625,143.8310546875
6644,266.242,503.0956726074219,142.06488037109375
6645,266.282,503.2855224609375,141.660400390625
6646,266.322,506.85638427734375,139.3945770263672
6647,266.362,509.083984375,138.41259765625
6648,266.402,511.29046630859375,137.5836639404297
6649,266.442,513.7545776367188,137.04966735839844
6650,266.482,513.04052734375,138.55545043945312
6651,266.522,511.3037414550781,138.97894287109375
6652,266.562,512.3690185546875,138.75234985351562
6653,266.602,514.3775024414062,138.2781219482422
6654,266.642,486.9367980957031,157.00132751464844
6655,266.683,489.5543518066406,159.66213989257812
6656,266.723,489.4309997558594,159.48245239257812
6657,266.763,488.8168029785156,159.50973510742188
6658,266.803,488.1753234863281,159.7914581298828
6659,266.843,488.6759338378906,160.8241729736328
6660,266.883,489.10284423828125,161.04470825195312
6661,266.923,488.7925720214844,161.193359375
6662,266.963,489.5704650878906,159.59664916992188
6663,267.003,492.1394348144531,154.83642578125
6664,267.043,492.4465026855469,153.84979248046875
6665,267.083,507.49627685546875,151.75042724609375
6666,267.123,508.352294921875,151.29208374023438
6667,267.163,508.0869140625,149.50010681152344
6668,267.203,506.0552673339844,148.48306274414062
6669,267.244,500.95965576171875,143.92279052734375
6670,267.284,498.9595947265625,142.6805877685547
6671,267.324,494.6236572265625,143.53155517578125
6672,267.364,493.5519714355469,143.7657470703125
6673,267.404,492.9344787597656,143.7041778564453
6674,267.444,494.35223388671875,143.06643676757812
6675,267.484,496.3778381347656,142.6630401611328
6676,267.524,496.5735168457031,142.24853515625
6677,267.564,495.9388732910156,141.142822265625
6678,267.604,493.5887451171875,141.92013549804688
6679,267.644,491.5992431640625,143.86509704589844
6680,267.684,489.27325439453125,143.7330322265625
6681,267.724,493.7838439941406,148.4707489013672
6682,267.764,492.0595397949219,147.67669677734375
6683,267.805,491.43316650390625,149.2810516357422
6684,267.845,491.7618408203125,148.87249755859375
6685,267.885,493.4232177734375,148.9667510986328
6686,267.925,505.6307373046875,146.66854858398438
6687,267.965,512.0848999023438,137.6132049560547
6688,268.005,512.42724609375,137.85472106933594
6689,268.045,512.1886596679688,144.90650939941406
6690,268.085,521.6284790039062,142.7076416015625
6691,268.125,519.6126708984375,127.79402160644531
6692,268.165,517.6392822265625,124.8155746459961
6693,268.205,511.90863037109375,117.73693084716797
6694,268.245,513.1592407226562,119.77631378173828
6695,268.285,514.7153930664062,139.38304138183594
6696,268.325,517.3857421875,138.58645629882812
6697,268.366,507.8113708496094,134.9170379638672
6698,268.406,506.66558837890625,134.17660522460938
6699,268.446,504.1922912597656,133.28463745117188
6700,268.486,504.3678283691406,134.35498046875
6701,268.526,503.75006103515625,134.6429901123047
6702,268.566,502.07904052734375,136.0421600341797
6703,268.606,501.1526184082031,136.21405029296875
6704,268.646,502.95220947265625,136.24322509765625
6705,268.686,503.38311767578125,136.6316680908203
6706,268.726,502.98406982421875,136.15594482421875
6707,268.766,513.5028686523438,142.10455322265625
6708,268.806,516.1524658203125,143.12564086914062
6709,268.846,517.6592407226562,144.5956268310547
6710,268.886,517.8662109375,144.19557189941406
6711,268.927,518.2965698242188,144.42381286621094
6712,268.967,518.5741577148438,144.70787048339844
6713,269.007,517.531005859375,134.31727600097656
6714,269.047,517.4548950195312,130.97772216796875
6715,269.087,510.3220520019531,130.09613037109375
6716,269.127,506.0615539550781,130.2224578857422
6717,269.167,505.3727722167969,143.65501403808594
6718,269.207,521.1911010742188,154.1278839111328
6719,269.247,521.532470703125,152.62808227539062
6720,269.287,526.5803833007812,151.68678283691406
6721,269.327,528.2972412109375,151.41806030273438
6722,269.367,528.4097900390625,150.81495666503906
6723,269.407,511.0536193847656,141.4803466796875
6724,269.448,522.2019653320312,114.86617279052734
6725,269.488,523.0767211914062,127.66346740722656
6726,269.528,522.9832763671875,127.15473937988281
6727,269.568,523.4592895507812,126.93988800048828
6728,269.608,523.2196655273438,124.98011779785156
6729,269.648,520.3582763671875,129.9850311279297
6730,269.688,518.2592163085938,120.56694793701172
6731,269.728,515.734130859375,119.93447875976562
6732,269.768,515.74755859375,119.67771911621094
6733,269.808,516.4181518554688,121.9656753540039
6734,269.848,511.4017639160156,133.8731689453125
6735,269.888,510.5010681152344,140.8056182861328
6736,269.928,513.2486572265625,140.24700927734375
6737,269.968,515.3884887695312,139.08448791503906
6738,270.009,515.6460571289062,136.50396728515625
6739,270.049,515.226318359375,136.22169494628906
6740,270.089,515.1019897460938,136.05055236816406
6741,270.129,516.2423095703125,135.0634765625
6742,270.169,516.7351684570312,133.3376922607422
6743,270.209,518.1871337890625,132.433349609375
6744,270.249,518.7775268554688,131.26004028320312
6745,270.289,517.8350219726562,130.1954803466797
6746,270.329,517.1475830078125,128.1006317138672
6747,270.369,515.8217163085938,126.37171936035156
6748,270.409,514.6315307617188,126.05918884277344
6749,270.449,514.6808471679688,125.5475845336914
6750,270.489,515.4005737304688,122.93241119384766
6751,270.529,515.314208984375,120.96666717529297
6752,270.57,516.583984375,118.90853881835938
6753,270.61,517.4957885742188,117.42161560058594
6754,270.65,517.4739990234375,116.36334991455078
6755,270.69,516.6695556640625,115.30828857421875
6756,270.73,517.8783569335938,115.4338607788086
6757,270.77,521.0360107421875,107.93820190429688
6758,270.81,524.7688598632812,102.77124786376953
6759,270.85,525.6253051757812,102.09696960449219
6760,270.89,526.1346435546875,101.33807373046875
6761,270.93,527.332275390625,101.38273620605469
6762,270.97,527.3460693359375,101.2065658569336
6763,271.01,526.9874267578125,101.96863555908203
6764,271.05,525.902587890625,100.80088806152344
6765,271.09,524.0682373046875,99.63453674316406
6766,271.131,523.2132568359375,94.88318634033203
6767,271.171,522.1171264648438,99.41295623779297
6768,271.211,523.3640747070312,101.90840148925781
6769,271.251,522.0697021484375,105.62144470214844
6770,271.291,521.060791015625,106.73619079589844
6771,271.331,520.9248046875,107.860595703125
6772,271.371,521.5255126953125,109.33055114746094
6773,271.411,521.2991333007812,110.09237670898438
6774,271.451,520.7864379882812,109.26629638671875
6775,271.491,521.243896484375,109.05021667480469
6776,271.531,522.172607421875,108.8746566772461
6777,271.571,523.3656005859375,109.01424407958984
6778,271.611,522.6830444335938,109.80906677246094
6779,271.651,517.0831909179688,114.7204360961914
6780,271.692,514.7415771484375,116.4029541015625
6781,271.732,513.1968383789062,118.32953643798828
6782,271.772,513.0368041992188,118.24280548095703
6783,271.812,513.0368041992188,118.15763092041016
6784,271.852,513.9428100585938,118.1626205444336
6785,271.892,514.4268188476562,117.95687103271484
6786,271.932,514.6671142578125,117.11019897460938
6787,271.972,515.30322265625,115.33068084716797
6788,272.012,515.212890625,114.7970199584961
6789,272.052,518.2826538085938,119.95581817626953
6790,272.092,520.45361328125,123.23530578613281
6791,272.132,520.357666015625,127.72616577148438
6792,272.172,521.0231323242188,127.01736450195312
6793,272.213,520.841796875,127.43473052978516
6794,272.253,521.8230590820312,126.59744262695312
6795,272.293,521.556884765625,126.46760559082031
6796,272.333,521.671630859375,125.2414779663086
6797,272.373,522.0025024414062,124.92573547363281
6798,272.413,522.5596313476562,125.42285919189453
6799,272.453,522.5145874023438,125.76693725585938
6800,272.493,523.0263061523438,126.61349487304688
6801,272.533,525.1138305664062,126.8473129272461
6802,272.573,526.0877685546875,126.42266082763672
6803,272.613,526.146484375,125.81632995605469
6804,272.653,525.5765380859375,126.88951110839844
6805,272.693,526.2528686523438,125.81206512451172
6806,272.733,528.719482421875,116.81546020507812
6807,272.774,529.2222900390625,113.69697570800781
6808,272.814,529.9457397460938,108.1987075805664
6809,272.854,553.4140014648438,120.05098724365234
6810,272.894,556.038818359375,118.69391632080078
6811,272.934,556.8489379882812,117.88584899902344
6812,272.974,557.3530883789062,117.69298553466797
6813,273.014,549.3728637695312,115.4311752319336
6814,273.054,508.8355712890625,121.54640197753906
6815,273.094,507.8358154296875,122.78253936767578
6816,273.134,507.01220703125,122.42188262939453
6817,273.174,508.6979064941406,121.99185943603516
6818,273.214,506.30810546875,120.50850677490234
6819,273.254,505.6791076660156,120.78130340576172
6820,273.294,498.5922546386719,121.88699340820312
6821,273.335,469.307373046875,124.42041015625
6822,273.375,468.62017822265625,123.53864288330078
6823,273.415,467.2486267089844,123.83786010742188
6824,273.455,465.85552978515625,125.34268188476562
6825,273.495,466.74676513671875,128.09494018554688
6826,273.535,466.411376953125,130.067626953125
6827,273.575,466.9222412109375,132.15106201171875
6828,273.615,466.4945068359375,133.33541870117188
6829,273.655,456.55926513671875,143.0740203857422
6830,273.695,425.03033447265625,155.46585083007812
6831,273.735,423.94757080078125,157.77413940429688
6832,273.775,422.7659606933594,159.771240234375
6833,273.815,422.71417236328125,160.31033325195312
6834,273.855,435.61737060546875,140.0648956298828
6835,273.896,442.8332824707031,133.4333953857422
6836,273.936,442.1349792480469,134.50634765625
6837,273.976,443.4735107421875,134.56573486328125
6838,274.016,451.0003662109375,127.92119598388672
6839,274.056,528.8328247070312,101.6498031616211
6840,274.096,532.6322631835938,99.60385131835938
6841,274.136,534.0162963867188,99.56294250488281
6842,274.176,534.1444091796875,98.28556060791016
6843,274.216,534.5651245117188,100.04409790039062
6844,274.256,533.6740112304688,101.36349487304688
6845,274.296,533.0239868164062,103.48152923583984
6846,274.336,533.1661987304688,100.44392395019531
6847,274.376,531.4686279296875,100.94458770751953
6848,274.416,529.4784545898438,102.71633911132812
6849,274.457,528.1161499023438,103.99070739746094
6850,274.497,528.642333984375,101.7518081665039
6851,274.537,531.0712280273438,87.21443176269531
6852,274.577,531.4371948242188,82.3002700805664
6853,274.617,528.701416015625,92.77156066894531
6854,274.657,528.2650146484375,95.50867462158203
6855,274.697,527.1657104492188,100.131591796875
6856,274.737,529.2525024414062,86.04689025878906
6857,274.777,529.6245727539062,82.35292053222656
6858,274.817,529.28857421875,81.3296127319336
6859,274.857,528.4984741210938,94.50042724609375
6860,274.897,451.7505798339844,135.688720703125
6861,274.937,457.4833068847656,118.09634399414062
6862,274.978,462.81146240234375,132.2806396484375
6863,275.018,457.2088317871094,142.5101776123047
6864,275.058,501.8216857910156,112.06858825683594
6865,275.098,502.8604431152344,112.92330169677734
6866,275.138,504.27557373046875,113.94866180419922
6867,275.178,503.71484375,115.30001831054688
6868,275.218,503.7552490234375,116.00135040283203
6869,275.258,504.646484375,116.18821716308594
6870,275.298,505.7870178222656,116.57499694824219
6871,275.338,507.81817626953125,117.49717712402344
6872,275.378,510.979736328125,120.29560852050781
6873,275.418,510.3526916503906,122.23780059814453
6874,275.458,509.0042419433594,123.59630584716797
6875,275.498,507.70233154296875,124.42749786376953
6876,275.539,508.90130615234375,125.785400390625
6877,275.579,510.0513610839844,126.43480682373047
6878,275.619,510.75634765625,126.96128845214844
6879,275.659,511.4234924316406,126.24212646484375
6880,275.699,512.8284301757812,125.86666107177734
6881,275.739,516.235107421875,127.97821044921875
6882,275.779,519.0614013671875,129.34742736816406
6883,275.819,519.4130249023438,129.31063842773438
6884,275.859,519.3047485351562,129.0298309326172
6885,275.899,517.7359619140625,128.34280395507812
6886,275.939,516.027587890625,125.89546966552734
6887,275.979,514.2341918945312,124.17547607421875
6888,276.019,510.60296630859375,122.73050689697266
6889,276.059,509.1452941894531,122.39176940917969
6890,276.1,507.194580078125,122.08488464355469
6891,276.14,508.0354919433594,122.70838928222656
6892,276.18,507.8431396484375,124.52539825439453
6893,276.22,506.44287109375,124.898681640625
6894,276.26,508.4205322265625,126.08506774902344
6895,276.3,510.6487731933594,126.33412170410156
6896,276.34,513.5338745117188,127.78169250488281
6897,276.38,517.3836669921875,129.91424560546875
6898,276.42,517.2337036132812,130.11724853515625
6899,276.46,498.3258972167969,127.81302642822266
6900,276.5,497.7646789550781,114.25664520263672
6901,276.54,497.4761962890625,111.38609313964844
6902,276.58,499.1278381347656,108.69032287597656
6903,276.62,497.9249267578125,109.76028442382812
6904,276.661,498.4940490722656,110.08760070800781
6905,276.701,501.5323486328125,122.52132415771484
6906,276.741,502.8594970703125,125.72335815429688
6907,276.781,503.8887939453125,127.5503158569336
6908,276.821,504.2174987792969,127.21829986572266
6909,276.861,505.228271484375,127.66900634765625
6910,276.901,506.63555908203125,128.70359802246094
6911,276.941,505.428955078125,128.8421630859375
6912,276.981,504.408447265625,129.77957153320312
6913,277.021,504.9465026855469,130.2830047607422
6914,277.061,506.0682067871094,116.1139144897461
6915,277.101,488.21697998046875,124.44169616699219
6916,277.141,487.2507629394531,123.37254333496094
6917,277.182,487.74114990234375,111.80087280273438
6918,277.222,488.6673278808594,105.92273712158203
6919,277.262,491.8072509765625,112.5283203125
6920,277.302,493.21722412109375,112.64839172363281
6921,277.342,518.3845825195312,110.59741973876953
6922,277.382,519.691650390625,109.41339111328125
6923,277.422,520.5210571289062,109.8407211303711
6924,277.462,520.45751953125,110.79035949707031
6925,277.502,519.6698608398438,111.23123931884766
6926,277.542,519.29296875,111.98755645751953
6927,277.582,520.107666015625,111.20402526855469
6928,277.622,521.9757690429688,110.70999145507812
6929,277.662,522.868896484375,110.96102142333984
6930,277.702,522.3787841796875,111.18673706054688
6931,277.743,520.8762817382812,112.42723846435547
6932,277.783,500.91510009765625,118.16825103759766
6933,277.823,499.9037780761719,116.65377807617188
6934,277.863,500.95513916015625,116.67188262939453
6935,277.903,503.1922302246094,116.82095336914062
6936,277.943,503.9773864746094,116.83909606933594
6937,277.983,505.0108337402344,117.02561950683594
6938,278.023,505.1119384765625,115.98837280273438
6939,278.063,504.3453674316406,114.6713638305664
6940,278.103,504.0813903808594,115.77593231201172
6941,278.143,506.0762939453125,116.78189849853516
6942,278.183,509.58013916015625,120.36821746826172
6943,278.223,535.1842651367188,143.27684020996094
6944,278.263,537.1981811523438,144.51438903808594
6945,278.304,536.3486938476562,145.5870361328125
6946,278.344,536.1554565429688,146.0794219970703
6947,278.384,533.4193115234375,146.22940063476562
6948,278.424,533.4408569335938,145.88954162597656
6949,278.464,533.7775268554688,145.5626983642578
6950,278.504,535.1422729492188,145.45382690429688
6951,278.544,536.7803955078125,145.7166748046875
6952,278.584,535.5391845703125,146.09564208984375
6953,278.624,527.6886596679688,142.59689331054688
6954,278.664,523.3748168945312,140.82754516601562
6955,278.704,522.0734252929688,140.33155822753906
6956,278.744,519.0896606445312,140.00328063964844
6957,278.784,518.0725708007812,140.9559783935547
6958,278.824,519.8555908203125,140.88722229003906
6959,278.865,521.7598266601562,140.3054962158203
6960,278.905,521.3474731445312,139.60462951660156
6961,278.945,523.147705078125,141.3369903564453
6962,278.985,521.142333984375,143.23023986816406
6963,279.025,524.077392578125,144.07699584960938
6964,279.065,520.18212890625,142.88282775878906
6965,279.105,520.7109375,141.78097534179688
6966,279.145,520.5646362304688,138.45074462890625
6967,279.185,522.1298828125,139.53147888183594
6968,279.225,519.3252563476562,154.20712280273438
6969,279.265,517.6483764648438,173.87442016601562
6970,279.305,516.7981567382812,173.3391876220703
6971,279.345,523.7118530273438,169.4306182861328
6972,279.385,525.7117309570312,167.50540161132812
6973,279.426,527.2745971679688,165.64675903320312
6974,279.466,528.2100830078125,165.531494140625
6975,279.506,527.7171020507812,164.52333068847656
6976,279.546,527.6217651367188,164.0679931640625
6977,279.586,528.083740234375,162.36474609375
6978,279.626,527.8427734375,160.4790496826172
6979,279.666,529.4068603515625,159.66534423828125
6980,279.706,529.9700317382812,160.0825653076172
6981,279.746,527.5733032226562,160.41552734375
6982,279.786,524.0698852539062,160.4862060546875
6983,279.826,509.7592468261719,178.071533203125
6984,279.866,506.2378845214844,176.9858856201172
6985,279.906,507.2696228027344,177.19691467285156
6986,279.947,512.6400146484375,170.9102325439453
6987,279.987,516.3862915039062,168.44602966308594
6988,280.027,518.0655517578125,165.27438354492188
6989,280.067,514.6085815429688,163.02867126464844
6990,280.107,508.2442932128906,169.4783935546875
6991,280.147,506.2781982421875,169.54185485839844
6992,280.187,503.3734436035156,170.9185333251953
6993,280.227,506.1857604980469,170.245849609375
6994,280.267,507.3014831542969,169.56936645507812
6995,280.307,504.39727783203125,170.23464965820312
6996,280.347,504.25408935546875,169.7682342529297
6997,280.387,511.51507568359375,164.072509765625
6998,280.427,517.1312255859375,151.03529357910156
6999,280.467,522.243896484375,145.3394775390625
7000,280.508,520.4712524414062,139.98977661132812
7001,280.548,519.1840209960938,139.14553833007812
7002,280.588,513.193359375,146.95870971679688
7003,280.628,513.3741455078125,151.04367065429688
7004,280.668,511.0287780761719,150.2521209716797
7005,280.708,511.2057189941406,150.18299865722656
7006,280.748,505.5935974121094,141.4177703857422
7007,280.788,485.5430908203125,150.5836639404297
7008,280.828,488.0079650878906,147.22219848632812
7009,280.868,490.9609680175781,133.73056030273438
7010,280.908,492.2450866699219,140.02960205078125
7011,280.948,493.27593994140625,137.76663208007812
7012,280.988,492.1925048828125,137.90322875976562
7013,281.028,493.5572814941406,136.46746826171875
7014,281.069,502.44744873046875,109.07218933105469
7015,281.109,507.623779296875,102.15245056152344
7016,281.149,507.9458923339844,103.38455963134766
7017,281.189,505.87176513671875,106.5404052734375
7018,281.229,518.5167236328125,125.97985076904297
7019,281.269,517.7183227539062,129.82305908203125
7020,281.309,520.1383666992188,132.27679443359375
7021,281.349,520.3447875976562,131.9654998779297
7022,281.389,526.41259765625,125.7064208984375
7023,281.429,552.873779296875,125.95071411132812
7024,281.469,552.5042724609375,131.01280212402344
7025,281.509,550.7407836914062,133.656005859375
7026,281.549,549.168212890625,135.5070037841797
7027,281.589,549.2008056640625,138.19203186035156
7028,281.63,548.7105712890625,138.63705444335938
7029,281.67,548.69775390625,138.71847534179688
7030,281.71,538.0518188476562,139.74160766601562
7031,281.75,534.9432373046875,140.23208618164062
7032,281.79,532.6259765625,138.24853515625
7033,281.83,532.1014404296875,137.2952423095703
7034,281.87,534.0573120117188,136.87742614746094
7035,281.91,536.8890380859375,135.7805938720703
7036,281.95,539.3226318359375,135.5184783935547
7037,281.99,540.9299926757812,136.0235137939453
7038,282.03,542.548583984375,136.63885498046875
7039,282.07,543.9552001953125,137.75958251953125
7040,282.11,545.002197265625,137.87554931640625
7041,282.15,545.8118896484375,137.35476684570312
7042,282.191,546.2698364257812,135.92620849609375
7043,282.231,530.4589233398438,158.77003479003906
7044,282.271,521.993408203125,217.30601501464844
7045,282.311,531.4169921875,194.39810180664062
7046,282.351,533.407470703125,187.28431701660156
7047,282.391,521.8026123046875,193.9367218017578
7048,282.431,513.4083862304688,194.10531616210938
7049,282.471,510.7412109375,194.8001708984375
7050,282.511,508.51422119140625,194.2841033935547
7051,282.551,512.42919921875,194.17977905273438
7052,282.591,513.832275390625,193.98129272460938
7053,282.631,506.89581298828125,179.4735870361328
7054,282.671,512.9367065429688,191.04806518554688
7055,282.712,515.3403930664062,192.68992614746094
7056,282.752,515.8943481445312,190.820556640625
7057,282.792,516.5868530273438,186.54156494140625
7058,282.832,519.7372436523438,185.56118774414062
7059,282.872,525.9521484375,175.2419891357422
7060,282.912,524.8092041015625,181.05201721191406
7061,282.952,521.5315551757812,181.55137634277344
7062,282.992,522.4823608398438,182.8054962158203
7063,283.032,525.862548828125,182.0416259765625
7064,283.072,528.7332153320312,181.0268096923828
7065,283.112,561.4268188476562,182.85418701171875
7066,283.152,550.257080078125,186.71336364746094
7067,283.192,547.4832153320312,192.53746032714844
7068,283.232,542.099609375,196.22947692871094
7069,283.273,541.5422973632812,195.2904815673828
7070,283.313,544.5225219726562,194.21194458007812
7071,283.353,546.454345703125,193.41957092285156
7072,283.393,545.7161865234375,193.250732421875
7073,283.433,545.6151733398438,192.88426208496094
7074,283.473,545.9922485351562,191.85604858398438
7075,283.513,547.8714599609375,191.3540496826172
7076,283.553,549.7869262695312,190.58160400390625
7077,283.593,540.9949951171875,191.68492126464844
7078,283.633,542.4049682617188,195.81793212890625
7079,283.673,541.8037719726562,195.92800903320312
7080,283.713,539.4915771484375,195.33245849609375
7081,283.753,538.2656860351562,194.76303100585938
7082,283.793,537.8114624023438,195.05360412597656
7083,283.834,539.5227661132812,194.09896850585938
7084,283.874,539.1290283203125,192.4510040283203
7085,283.914,545.0996704101562,192.20103454589844
7086,283.954,536.3809814453125,193.56500244140625
7087,283.994,539.7645263671875,193.22299194335938
7088,284.034,537.6148681640625,193.6986541748047
7089,284.074,538.3519287109375,194.0557861328125
7090,284.114,537.25244140625,192.96412658691406
7091,284.154,538.74951171875,192.6580352783203
7092,284.194,540.3236694335938,192.39207458496094
7093,284.234,541.2026977539062,192.934326171875
7094,284.274,536.94189453125,191.41690063476562
7095,284.314,531.3658447265625,190.10206604003906
7096,284.354,530.599853515625,190.71144104003906
7097,284.395,533.5194091796875,192.00790405273438
7098,284.435,535.5556640625,192.8533477783203
7099,284.475,534.0745849609375,192.78443908691406
7100,284.515,534.0563354492188,192.78512573242188
7101,284.555,534.1195678710938,192.3475341796875
7102,284.595,533.0362548828125,192.40264892578125
7103,284.635,532.1857299804688,193.2804718017578
7104,284.675,531.8700561523438,193.4373016357422
7105,284.715,531.2914428710938,192.93276977539062
7106,284.755,531.400390625,191.87789916992188
7107,284.795,534.3660888671875,192.64089965820312
7108,284.835,533.6732788085938,192.03253173828125
7109,284.875,528.2662963867188,191.44955444335938
7110,284.915,529.1957397460938,191.28091430664062
7111,284.956,531.2957153320312,191.15553283691406
7112,284.996,535.4286499023438,190.3830108642578
7113,285.036,537.4122924804688,191.18801879882812
7114,285.076,537.5625610351562,195.11557006835938
7115,285.116,544.952392578125,194.77867126464844
7116,285.156,539.5650024414062,198.35658264160156
7117,285.196,536.6322631835938,199.35499572753906
7118,285.236,538.451171875,197.26797485351562
7119,285.276,540.3832397460938,194.73361206054688
7120,285.316,541.6883544921875,196.14523315429688
7121,285.356,536.2708129882812,196.71176147460938
7122,285.396,561.6787109375,188.2495880126953
7123,285.436,571.089111328125,184.76116943359375
7124,285.477,579.4686889648438,182.076171875
7125,285.517,580.4129028320312,181.91773986816406
7126,285.557,542.0464477539062,197.9068145751953
7127,285.597,543.0919189453125,196.44451904296875
7128,285.637,546.0975952148438,195.3393096923828
7129,285.677,543.9562377929688,196.2235565185547
7130,285.717,542.9618530273438,196.67332458496094
7131,285.757,541.1036987304688,197.18093872070312
7132,285.797,539.2572021484375,197.1747283935547
7133,285.837,538.3148193359375,197.60105895996094
7134,285.877,540.6237182617188,196.88331604003906
7135,285.917,542.0489501953125,196.41513061523438
7136,285.957,543.5940551757812,196.21615600585938
7137,285.997,541.2929077148438,196.50845336914062
7138,286.038,542.8329467773438,196.2252960205078
7139,286.078,543.8472290039062,194.91510009765625
7140,286.118,541.5518798828125,188.0401611328125
7141,286.158,534.534423828125,200.74972534179688
7142,286.198,542.6109008789062,192.22984313964844
7143,286.238,529.6188354492188,189.59173583984375
7144,286.278,532.4190673828125,187.9845733642578
7145,286.318,536.736083984375,188.89627075195312
7146,286.358,535.9805908203125,188.72299194335938
7147,286.398,534.937255859375,188.70144653320312
7148,286.438,531.309814453125,185.02420043945312
7149,286.478,518.919189453125,179.32180786132812
7150,286.518,518.5774536132812,178.05880737304688
7151,286.558,516.2715454101562,176.74746704101562
7152,286.599,518.0101318359375,174.7271728515625
7153,286.639,517.292724609375,169.9770050048828
7154,286.679,507.8672180175781,141.37442016601562
7155,286.719,508.3668212890625,139.38441467285156
7156,286.759,511.12469482421875,137.59197998046875
7157,286.799,511.67279052734375,135.52162170410156
7158,286.839,510.45440673828125,135.72361755371094
7159,286.879,508.60882568359375,135.96156311035156
7160,286.919,507.16534423828125,136.603271484375
7161,286.959,508.4214172363281,137.43609619140625
7162,286.999,508.9594421386719,138.20181274414062
7163,287.039,509.1542663574219,137.70477294921875
7164,287.079,531.25537109375,143.25662231445312
7165,287.119,533.25146484375,144.70693969726562
7166,287.16,533.8544921875,144.7748260498047
7167,287.2,533.5321655273438,145.007080078125
7168,287.24,532.9293823242188,144.9365692138672
7169,287.28,534.336181640625,145.88510131835938
7170,287.32,535.0718383789062,146.13587951660156
7171,287.36,534.8986206054688,146.47776794433594
7172,287.4,534.8848876953125,146.5670928955078
7173,287.44,536.151123046875,144.61154174804688
7174,287.48,539.5638427734375,141.6841278076172
7175,287.52,543.1194458007812,142.60191345214844
7176,287.56,548.8076171875,143.56492614746094
7177,287.6,550.9469604492188,144.8462371826172
7178,287.64,552.5299072265625,145.65042114257812
7179,287.68,551.808349609375,145.4815216064453
7180,287.721,551.4197387695312,146.23550415039062
7181,287.761,550.9837646484375,146.102783203125
7182,287.801,548.6588134765625,145.24185180664062
7183,287.841,575.1879272460938,159.87254333496094
7184,287.881,584.7322998046875,149.11798095703125
7185,287.921,576.3107299804688,165.4352569580078
7186,287.961,566.3444213867188,173.8763427734375
7187,288.001,567.9462280273438,189.96913146972656
7188,288.041,543.6786499023438,158.1278533935547
7189,288.081,544.77099609375,156.38308715820312
7190,288.121,544.928955078125,153.31741333007812
7191,288.161,544.7158813476562,152.5723876953125
7192,288.201,543.5180053710938,152.52572631835938
7193,288.242,542.1690063476562,152.29928588867188
7194,288.282,543.213134765625,152.41233825683594
7195,288.322,540.698486328125,150.8345489501953
7196,288.362,544.0208740234375,151.7001495361328
7197,288.402,557.5238647460938,169.44940185546875
7198,288.442,559.0487670898438,172.59132385253906
7199,288.482,557.8612670898438,173.8796844482422
7200,288.522,556.8093872070312,173.8701934814453
7201,288.562,542.7664184570312,182.1497039794922
7202,288.602,526.0404052734375,191.9142303466797
7203,288.642,532.120361328125,192.1336212158203
7204,288.682,535.3309936523438,191.95074462890625
7205,288.722,532.702880859375,191.21377563476562
7206,288.762,530.4754028320312,190.88363647460938
7207,288.803,531.6278686523438,191.27774047851562
7208,288.843,529.3646240234375,191.20506286621094
7209,288.883,531.9190063476562,191.4896697998047
7210,288.923,532.3160400390625,192.0606689453125
7211,288.963,532.0516357421875,191.765380859375
7212,289.003,528.5263671875,192.1808319091797
7213,289.043,524.8244018554688,192.74185180664062
7214,289.083,531.6712646484375,188.24293518066406
7215,289.123,529.4573974609375,192.80978393554688
7216,289.163,529.4013671875,193.78961181640625
7217,289.203,531.77099609375,194.04627990722656
7218,289.243,531.4827270507812,194.20083618164062
7219,289.283,530.7913208007812,193.57923889160156
7220,289.323,505.2650146484375,198.9834747314453
7221,289.364,505.9566955566406,192.0607147216797
7222,289.404,501.3948974609375,194.31092834472656
7223,289.444,499.4503173828125,187.04270935058594
7224,289.484,494.8108215332031,189.11256408691406
7225,289.524,486.5122375488281,169.55299377441406
7226,289.564,479.2301025390625,155.4068145751953
7227,289.604,480.21636962890625,146.6551513671875
7228,289.644,480.72955322265625,144.3343963623047
7229,289.684,486.79180908203125,142.02273559570312
7230,289.724,512.1505737304688,154.69992065429688
7231,289.764,548.5136108398438,165.33863830566406
7232,289.804,549.9059448242188,165.41934204101562
7233,289.844,551.7106323242188,165.5183868408203
7234,289.884,551.3921508789062,165.93409729003906
7235,289.925,554.022705078125,169.179931640625
7236,289.965,552.0037231445312,167.24154663085938
7237,290.005,523.3688354492188,198.5790252685547
7238,290.045,514.7828369140625,205.46908569335938
7239,290.085,515.7918701171875,204.5955810546875
7240,290.125,509.7685546875,211.44793701171875
7241,290.165,511.2545166015625,205.03871154785156
7242,290.205,511.1185302734375,201.4381866455078
7243,290.245,493.09002685546875,192.83895874023438
7244,290.285,486.8031311035156,192.36126708984375
7245,290.325,487.33251953125,190.2998809814453
7246,290.365,487.4637756347656,190.49459838867188
7247,290.405,493.22381591796875,185.53982543945312
7248,290.446,491.6003723144531,166.6126708984375
7249,290.486,490.67694091796875,169.02255249023438
7250,290.526,493.1473083496094,165.66127014160156
7251,290.566,505.3082275390625,164.06735229492188
7252,290.606,534.0686645507812,164.95620727539062
7253,290.646,533.5078125,164.33828735351562
7254,290.686,529.6882934570312,164.91897583007812
7255,290.726,530.1802368164062,166.87954711914062
7256,290.766,530.0361938476562,167.06732177734375
7257,290.806,525.6441650390625,165.9774932861328
7258,290.846,521.1282348632812,164.8663787841797
7259,290.886,479.0077819824219,169.91619873046875
7260,290.926,471.9797058105469,167.6697235107422
7261,290.966,473.64312744140625,170.6157989501953
7262,291.007,477.07275390625,169.5848388671875
7263,291.047,481.0987854003906,164.88519287109375
7264,291.087,505.1622619628906,161.3561248779297
7265,291.127,524.2688598632812,172.4973602294922
7266,291.167,525.3073120117188,165.6475372314453
7267,291.207,517.315673828125,164.3914337158203
7268,291.247,508.555419921875,166.20042419433594
7269,291.287,500.5210876464844,183.4693145751953
7270,291.327,499.5958557128906,182.24908447265625
7271,291.367,499.9468078613281,182.01815795898438
7272,291.407,498.8979797363281,181.4104766845703
7273,291.447,459.46142578125,167.2620391845703
7274,291.487,460.8410339355469,165.35125732421875
7275,291.527,460.79052734375,164.63186645507812
7276,291.568,461.9171447753906,162.53717041015625
7277,291.608,466.70404052734375,162.59962463378906
7278,291.648,468.8616638183594,162.83851623535156
7279,291.688,474.15130615234375,161.56019592285156
7280,291.728,501.2447814941406,156.8000946044922
7281,291.768,528.2158203125,130.71192932128906
7282,291.808,526.0220947265625,137.08010864257812
7283,291.848,527.240234375,135.76895141601562
7284,291.888,527.5735473632812,135.30039978027344
7285,291.928,485.3457946777344,155.65614318847656
7286,291.968,488.8180236816406,156.50038146972656
7287,292.008,494.2570495605469,143.0683135986328
7288,292.048,491.1576232910156,151.81251525878906
7289,292.088,495.90216064453125,149.07427978515625
7290,292.129,494.3877868652344,130.53968811035156
7291,292.169,490.977783203125,129.6365203857422
7292,292.209,498.3699951171875,118.77189636230469
7293,292.249,521.230224609375,99.05448913574219
7294,292.289,498.3072204589844,87.55447387695312
7295,292.329,486.4894714355469,76.04752349853516
7296,292.369,488.44512939453125,76.31768035888672
7297,292.409,479.12481689453125,74.3552474975586
7298,292.449,485.83062744140625,77.1912841796875
7299,292.489,505.4192810058594,103.87020111083984
7300,292.529,510.36529541015625,112.53857421875
7301,292.569,513.4237060546875,112.75837707519531
7302,292.609,549.0531616210938,137.1210174560547
7303,292.649,548.8054809570312,138.79196166992188
7304,292.69,549.5776977539062,139.07789611816406
7305,292.73,550.03076171875,140.43487548828125
7306,292.77,561.6778564453125,128.48892211914062
7307,292.81,555.3408813476562,134.73248291015625
7308,292.85,563.8486328125,121.9009780883789
7309,292.89,541.6419067382812,138.38296508789062
7310,292.93,487.8046569824219,113.03074645996094
7311,292.97,488.9081115722656,110.82542419433594
7312,293.01,486.7922058105469,110.50090789794922
7313,293.05,570.0143432617188,100.59589385986328
7314,293.09,550.138916015625,134.6231689453125
7315,293.13,542.948974609375,132.99908447265625
7316,293.17,538.5536499023438,131.83566284179688
7317,293.211,531.9772338867188,132.91664123535156
7318,293.251,528.9935913085938,131.82737731933594
7319,293.291,525.3400268554688,115.58675384521484
7320,293.331,549.7311401367188,80.78446197509766
7321,293.371,548.9653930664062,80.5385971069336
7322,293.411,547.5814208984375,91.03522491455078
7323,293.451,547.6858520507812,90.56900787353516
7324,293.491,545.7468872070312,91.1182632446289
7325,293.531,544.3986206054688,73.73452758789062
7326,293.571,535.4417114257812,76.25069427490234
7327,293.611,533.5923461914062,89.09159088134766
7328,293.651,533.4730834960938,93.31128692626953
7329,293.691,536.802001953125,74.01089477539062
7330,293.731,513.3873291015625,88.129150390625
7331,293.772,532.8043823242188,94.70298767089844
7332,293.812,531.6458129882812,152.55284118652344
7333,293.852,532.0601806640625,151.9136962890625
7334,293.892,533.4478149414062,152.92579650878906
7335,293.932,511.5173645019531,259.5095520019531
7336,293.972,436.4439392089844,413.8862609863281
7337,294.012,nan,nan
7338,294.052,nan,nan
7339,294.092,nan,nan
7340,294.132,nan,nan
7341,294.172,nan,nan
7342,294.212,nan,nan
7343,294.252,nan,nan
7344,294.292,nan,nan
7345,294.333,nan,nan
7346,294.373,nan,nan
7347,294.413,528.7540893554688,27.892858505249023
7348,294.453,520.1398315429688,75.71316528320312
7349,294.493,533.9714965820312,73.17691802978516
7350,294.533,506.73974609375,120.1350326538086
7351,294.573,499.9842834472656,135.81442260742188
7352,294.613,473.79168701171875,114.93904113769531
7353,294.653,468.3473205566406,117.77432250976562
7354,294.693,465.93170166015625,123.8807601928711
7355,294.733,461.8979187011719,133.70738220214844
7356,294.773,461.88739013671875,135.30667114257812
7357,294.813,462.4916076660156,138.00106811523438
7358,294.853,463.8078308105469,140.95010375976562
7359,294.894,462.50640869140625,140.75242614746094
7360,294.934,462.1995544433594,142.1282196044922
7361,294.974,464.3614501953125,145.7057647705078
7362,295.014,465.0687561035156,146.33309936523438
7363,295.054,465.42303466796875,147.25189208984375
7364,295.094,465.2925720214844,147.05850219726562
7365,295.134,465.46881103515625,148.13739013671875
7366,295.174,466.4422302246094,147.63504028320312
7367,295.214,468.7302551269531,145.94802856445312
7368,295.254,469.56890869140625,145.41299438476562
7369,295.294,470.0250549316406,143.9670867919922
7370,295.334,498.9421691894531,185.0489959716797
7371,295.374,497.7091369628906,229.60980224609375
7372,295.414,499.6201171875,226.3466033935547
7373,295.455,505.4169921875,230.2528076171875
7374,295.495,501.3504638671875,233.8539276123047
7375,295.535,498.46856689453125,237.4184112548828
7376,295.575,493.0840759277344,233.2775115966797
7377,295.615,492.4747314453125,236.39999389648438
7378,295.655,491.84613037109375,241.72006225585938
7379,295.695,494.18707275390625,238.66807556152344
7380,295.735,492.44122314453125,239.3779754638672
7381,295.775,496.3419494628906,232.47702026367188
7382,295.815,465.0763854980469,224.87545776367188
7383,295.855,457.50042724609375,218.625
7384,295.895,459.90087890625,224.0833740234375
7385,295.935,465.0989990234375,215.3968963623047
7386,295.976,487.1529846191406,213.09298706054688
7387,296.016,493.22259521484375,202.4119110107422
7388,296.056,474.1839599609375,214.44729614257812
7389,296.096,505.6920166015625,225.95387268066406
7390,296.136,507.1919250488281,216.4360809326172
7391,296.176,510.43115234375,212.0028076171875
7392,296.216,512.5712280273438,206.19659423828125
7393,296.256,509.7155456542969,203.29249572753906
7394,296.296,510.1199035644531,211.97976684570312
7395,296.336,509.2652893066406,222.08767700195312
7396,296.376,500.0071716308594,223.32582092285156
7397,296.416,477.7263488769531,192.59854125976562
7398,296.456,478.29248046875,174.72251892089844
7399,296.496,484.89080810546875,173.04710388183594
7400,296.537,483.989013671875,176.6287078857422
7401,296.577,488.07904052734375,172.05966186523438
7402,296.617,485.1911926269531,174.40972900390625
7403,296.657,485.03973388671875,174.4063720703125
7404,296.697,482.6138916015625,167.00294494628906
7405,296.737,473.0276794433594,162.6672821044922
7406,296.777,472.6756591796875,163.23838806152344
7407,296.817,472.127685546875,163.71820068359375
7408,296.857,490.41497802734375,186.77342224121094
7409,296.897,504.2099609375,178.58970642089844
7410,296.937,503.99029541015625,162.39390563964844
7411,296.977,504.5554504394531,161.3960723876953
7412,297.017,503.97607421875,161.01016235351562
7413,297.057,503.3390808105469,171.32888793945312
7414,297.098,503.560791015625,174.88807678222656
7415,297.138,503.6693115234375,175.3826904296875
7416,297.178,502.3799133300781,176.12986755371094
7417,297.218,501.2487487792969,178.20652770996094
7418,297.258,500.4859619140625,179.7132568359375
7419,297.298,500.5373840332031,180.5334014892578
7420,297.338,497.0084228515625,179.27423095703125
7421,297.378,472.14471435546875,185.9691619873047
7422,297.418,473.0443115234375,187.3243408203125
7423,297.458,474.0231018066406,189.5643768310547
7424,297.498,475.38958740234375,189.62876892089844
7425,297.538,471.2317810058594,196.00576782226562
7426,297.578,472.0692443847656,193.74546813964844
7427,297.618,466.7041015625,197.5800018310547
7428,297.659,465.73516845703125,195.7098388671875
7429,297.699,466.2975158691406,189.1024627685547
7430,297.739,466.364013671875,191.57872009277344
7431,297.779,457.127197265625,170.78369140625
7432,297.819,476.9708557128906,203.71054077148438
7433,297.859,471.72137451171875,192.26718139648438
7434,297.899,470.521728515625,194.00804138183594
7435,297.939,471.6396789550781,180.43661499023438
7436,297.979,478.5054626464844,160.1268310546875
7437,298.019,477.79595947265625,164.5091094970703
7438,298.059,479.84979248046875,163.7601318359375
7439,298.099,480.5724792480469,162.68753051757812
7440,298.139,481.95904541015625,161.16915893554688
7441,298.179,483.5179138183594,160.61428833007812
7442,298.22,484.3226623535156,160.35276794433594
7443,298.26,485.28277587890625,158.43524169921875
7444,298.3,485.9302673339844,156.8118896484375
7445,298.34,498.83905029296875,148.8975830078125
7446,298.38,499.3546142578125,146.16900634765625
7447,298.42,498.7607421875,145.75962829589844
7448,298.46,519.5888671875,196.33172607421875
7449,298.5,524.6915283203125,208.19186401367188
7450,298.54,525.898193359375,203.95103454589844
7451,298.58,529.9696044921875,201.0973358154297
7452,298.62,527.9267578125,202.99542236328125
7453,298.66,522.3204956054688,212.33265686035156
7454,298.7,515.6581420898438,208.4154052734375
7455,298.741,516.1000366210938,206.40594482421875
7456,298.781,521.1781005859375,199.1984100341797
7457,298.821,524.3535766601562,208.61854553222656
7458,298.861,530.287353515625,210.1634979248047
7459,298.901,522.1400756835938,211.14830017089844
7460,298.941,519.9146118164062,210.66342163085938
7461,298.981,514.7034912109375,209.74742126464844
7462,299.021,538.6326904296875,225.7323455810547
7463,299.061,543.0518188476562,213.5798797607422
7464,299.101,632.47021484375,112.61962890625
7465,299.141,544.598876953125,194.57122802734375
7466,299.181,547.6183471679688,189.2315216064453
7467,299.221,543.1702270507812,185.6287384033203
7468,299.261,540.541259765625,181.9069366455078
7469,299.302,536.01513671875,185.31475830078125
7470,299.342,472.3133850097656,207.3335723876953
7471,299.382,467.3493957519531,219.08612060546875
7472,299.422,475.9012145996094,221.5354766845703
7473,299.462,471.4842834472656,218.18374633789062
7474,299.502,471.072021484375,208.3109893798828
7475,299.542,471.2318115234375,204.56350708007812
7476,299.582,480.5487060546875,175.83468627929688
7477,299.622,466.60638427734375,195.9707794189453
7478,299.662,447.3252868652344,203.13998413085938
7479,299.702,473.1401672363281,202.09521484375
7480,299.742,533.27880859375,201.77142333984375
7481,299.782,535.7100830078125,163.17503356933594
7482,299.822,537.6627807617188,172.82664489746094
7483,299.863,531.1953125,176.5692901611328
7484,299.903,530.08154296875,181.55323791503906
7485,299.943,529.8758544921875,183.4551544189453
7486,299.983,591.6320190429688,170.264892578125
7487,300.023,590.3219604492188,169.52224731445312
7488,300.063,589.84033203125,169.38427734375
7489,300.103,587.964111328125,168.65830993652344
7490,300.143,589.24853515625,167.65292358398438
7491,300.183,548.6595458984375,174.92613220214844
7492,300.223,463.71893310546875,172.87632751464844
7493,300.263,464.9453430175781,165.5925750732422
7494,300.303,462.6826171875,163.86508178710938
7495,300.343,463.9483642578125,163.2726287841797
7496,300.383,466.34478759765625,163.44357299804688
7497,300.424,494.89825439453125,144.6071014404297
7498,300.464,514.3841552734375,129.71826171875
7499,300.504,514.9276733398438,130.3023681640625
7500,300.544,516.9771728515625,130.86306762695312
7501,300.584,516.5445556640625,131.9731903076172
7502,300.624,518.1710815429688,132.5012969970703
7503,300.664,488.5604248046875,148.10743713378906
7504,300.704,468.28546142578125,155.26036071777344
7505,300.744,466.61376953125,157.0119171142578
7506,300.784,469.35833740234375,157.04898071289062
7507,300.824,434.7148132324219,172.79461669921875
7508,300.864,438.60467529296875,178.656494140625
7509,300.904,438.2263488769531,179.29531860351562
7510,300.944,434.2938232421875,179.6715545654297
7511,300.985,433.60662841796875,176.17538452148438
7512,301.025,433.5968017578125,174.37754821777344
7513,301.065,433.23687744140625,173.51866149902344
7514,301.105,432.957275390625,173.219482421875
7515,301.145,433.5351257324219,173.20651245117188
7516,301.185,450.5478515625,197.3690185546875
7517,301.225,455.40777587890625,192.88902282714844
7518,301.265,452.3433532714844,187.23138427734375
7519,301.305,450.40252685546875,187.08689880371094
7520,301.345,453.1625061035156,185.79315185546875
7521,301.385,453.2901306152344,188.45370483398438
7522,301.425,455.2333068847656,188.76902770996094
7523,301.465,459.1719970703125,166.7678985595703
7524,301.506,459.43560791015625,176.5478973388672
7525,301.546,461.61376953125,177.43496704101562
7526,301.586,453.6549072265625,174.6966094970703
7527,301.626,457.847900390625,174.23179626464844
7528,301.666,456.9792175292969,171.77149963378906
7529,301.706,453.5224914550781,168.7133026123047
7530,301.746,453.06170654296875,165.6763153076172
7531,301.786,453.9718017578125,164.51083374023438
7532,301.826,456.1253662109375,155.9365692138672
7533,301.866,457.6915283203125,148.71482849121094
7534,301.906,458.36383056640625,145.3580322265625
7535,301.946,458.1161804199219,143.47474670410156
7536,301.986,477.3384094238281,133.55149841308594
7537,302.026,479.12359619140625,133.9358367919922
7538,302.067,480.8795471191406,131.6547393798828
7539,302.107,483.380859375,133.4297637939453
7540,302.147,483.7778015136719,125.95931243896484
7541,302.187,488.0821228027344,116.9288101196289
7542,302.227,489.601806640625,115.36320495605469
7543,302.267,491.13543701171875,113.87175750732422
7544,302.307,492.3650817871094,113.6355209350586
7545,302.347,493.3393249511719,112.96155548095703
7546,302.387,495.0406188964844,111.30838012695312
7547,302.427,494.9927062988281,108.93501281738281
7548,302.467,493.7748107910156,107.74329376220703
7549,302.507,493.3456115722656,105.94618225097656
7550,302.547,494.7181091308594,104.53546905517578
7551,302.587,495.3566589355469,105.53732299804688
7552,302.628,494.6739501953125,104.94805908203125
7553,302.668,493.63714599609375,103.35418701171875
7554,302.708,492.20037841796875,101.27157592773438
7555,302.748,491.7074890136719,100.15701293945312
7556,302.788,491.8525390625,100.17009735107422
7557,302.828,491.8863220214844,101.30178833007812
7558,302.868,490.4452209472656,102.11192321777344
7559,302.908,489.6476745605469,102.55122375488281
7560,302.948,488.04852294921875,103.4242935180664
7561,302.988,487.7403869628906,103.39875030517578
7562,303.028,485.8706359863281,105.29442596435547
7563,303.068,485.88824462890625,105.21388244628906
7564,303.108,487.1863098144531,105.52964782714844
7565,303.148,481.2952880859375,113.63941955566406
7566,303.189,484.1624755859375,129.44667053222656
7567,303.229,484.87841796875,129.9485626220703
7568,303.269,484.9279479980469,129.3639373779297
7569,303.309,484.8819580078125,129.87400817871094
7570,303.349,470.2602233886719,132.3408203125
7571,303.389,462.0252380371094,131.20944213867188
7572,303.429,461.1075134277344,130.12042236328125
7573,303.469,463.7198181152344,129.11111450195312
7574,303.509,464.220947265625,127.8319320678711
7575,303.549,480.9991760253906,117.0058822631836
7576,303.589,481.2815856933594,117.00151062011719
7577,303.629,481.24310302734375,115.58700561523438
7578,303.669,479.04241943359375,115.8443603515625
7579,303.709,478.3084716796875,117.80866241455078
7580,303.75,477.2558898925781,117.71556091308594
7581,303.79,476.5485534667969,118.86640167236328
7582,303.83,479.0255432128906,118.00018310546875
7583,303.87,481.1484069824219,116.17383575439453
7584,303.91,493.5572509765625,111.2225341796875
7585,303.95,492.55828857421875,110.51074981689453
7586,303.99,492.3064270019531,110.20926666259766
7587,304.03,488.5683288574219,106.23115539550781
7588,304.07,482.759521484375,100.68013763427734
7589,304.11,481.5207824707031,99.57496643066406
7590,304.15,480.2957763671875,99.69477844238281
7591,304.19,479.75872802734375,101.8211669921875
7592,304.23,479.3603820800781,104.14138793945312
7593,304.271,479.14263916015625,104.75728607177734
7594,304.311,478.7192077636719,104.44331359863281
7595,304.351,479.39141845703125,103.81491088867188
7596,304.391,479.66253662109375,104.01693725585938
7597,304.431,480.2515563964844,105.54730224609375
7598,304.471,478.6587829589844,114.62049865722656
7599,304.511,477.6508483886719,112.8096694946289
7600,304.551,477.7506408691406,114.50920104980469
7601,304.591,483.1055908203125,131.39964294433594
7602,304.631,481.877197265625,136.6800537109375
7603,304.671,481.39447021484375,136.9855194091797
7604,304.711,471.3307189941406,137.21299743652344
7605,304.751,469.85302734375,136.2701873779297
7606,304.791,467.1559143066406,135.7190399169922
7607,304.832,468.0714111328125,134.06358337402344
7608,304.872,470.46319580078125,134.30416870117188
7609,304.912,472.59130859375,134.1847381591797
7610,304.952,474.1212158203125,124.04873657226562
7611,304.992,474.1009826660156,128.94415283203125
7612,305.032,476.234375,128.3942413330078
7613,305.072,476.58123779296875,131.06491088867188
7614,305.112,478.0806884765625,129.67379760742188
7615,305.152,480.351806640625,131.2271270751953
7616,305.192,480.29840087890625,133.07846069335938
7617,305.232,480.08648681640625,133.67991638183594
7618,305.272,479.26739501953125,135.77806091308594
7619,305.312,479.3565673828125,136.1454315185547
7620,305.352,482.3805236816406,130.24424743652344
7621,305.393,478.485107421875,136.2186737060547
7622,305.433,476.72161865234375,142.0887908935547
7623,305.473,463.8880920410156,139.42164611816406
7624,305.513,469.6951904296875,147.31060791015625
7625,305.553,458.1879577636719,135.60951232910156
7626,305.593,458.96466064453125,132.35336303710938
7627,305.633,455.7894592285156,135.62921142578125
7628,305.673,466.1279602050781,144.99267578125
7629,305.713,472.93548583984375,152.24191284179688
7630,305.753,483.3228454589844,183.69607543945312
7631,305.793,484.8929138183594,186.23155212402344
7632,305.833,484.4790344238281,187.29721069335938
7633,305.873,484.0685119628906,188.2465057373047
7634,305.913,480.3080139160156,190.03042602539062
7635,305.954,451.3406982421875,192.62913513183594
7636,305.994,452.1609191894531,185.09658813476562
7637,306.034,453.6266784667969,182.42430114746094
7638,306.074,465.9072570800781,178.6949920654297
7639,306.114,464.66339111328125,181.12014770507812
7640,306.154,459.6702880859375,186.212890625
7641,306.194,487.2734375,177.0250244140625
7642,306.234,478.9996337890625,174.66213989257812
7643,306.274,477.2373352050781,165.25611877441406
7644,306.314,478.0649719238281,161.72886657714844
7645,306.354,482.44305419921875,168.27392578125
7646,306.394,484.58392333984375,169.04786682128906
7647,306.434,483.68017578125,170.56092834472656
7648,306.475,484.4885559082031,170.1869354248047
7649,306.515,484.1581115722656,170.2686309814453
7650,306.555,483.99896240234375,170.50421142578125
7651,306.595,480.7180480957031,165.47686767578125
7652,306.635,479.3753662109375,154.6044158935547
7653,306.675,478.6979064941406,146.55772399902344
7654,306.715,478.40887451171875,142.1446990966797
7655,306.755,476.9218444824219,141.9706573486328
7656,306.795,476.3143310546875,141.9022674560547
7657,306.835,476.2626037597656,142.33775329589844
7658,306.875,476.6979064941406,142.4730987548828
7659,306.915,476.34185791015625,141.6484375
7660,306.955,475.8728332519531,152.9667205810547
7661,306.995,475.67523193359375,156.1901092529297
7662,307.036,474.9044189453125,156.346435546875
7663,307.076,475.04400634765625,153.70132446289062
7664,307.116,475.07330322265625,151.9499969482422
7665,307.156,475.2521057128906,150.30116271972656
7666,307.196,477.6045227050781,148.05137634277344
7667,307.236,479.01824951171875,147.50852966308594
7668,307.276,480.6581115722656,147.80245971679688
7669,307.316,479.9173583984375,146.53334045410156
7670,307.356,478.0304870605469,147.12359619140625
7671,307.396,478.17742919921875,145.9324188232422
7672,307.436,479.8709716796875,144.07542419433594
7673,307.476,480.6548156738281,145.19305419921875
7674,307.516,480.07427978515625,143.55487060546875
7675,307.556,472.99822998046875,140.31365966796875
7676,307.597,469.8153381347656,137.1397247314453
7677,307.637,467.2976379394531,135.6436309814453
7678,307.677,468.0918273925781,135.01673889160156
7679,307.717,470.3083190917969,131.88807678222656
7680,307.757,473.8980712890625,127.82062530517578
7681,307.797,501.221435546875,134.3173370361328
7682,307.837,508.6770935058594,138.17909240722656
7683,307.877,511.5719909667969,137.7850341796875
7684,307.917,515.66259765625,138.5880584716797
7685,307.957,513.9884643554688,138.13211059570312
7686,307.997,513.0674438476562,139.43695068359375
7687,308.037,511.4831237792969,140.14932250976562
7688,308.077,511.57147216796875,142.18370056152344
7689,308.117,511.7102966308594,143.6976776123047
7690,308.158,511.4580993652344,144.73916625976562
7691,308.198,510.8825988769531,144.40966796875
7692,308.238,511.34906005859375,144.29421997070312
7693,308.278,510.274658203125,143.2078399658203
7694,308.318,509.98980712890625,142.82431030273438
7695,308.358,512.1453247070312,143.75262451171875
7696,308.398,513.11962890625,144.65184020996094
7697,308.438,512.724365234375,144.34707641601562
7698,308.478,508.3013916015625,136.51478576660156
7699,308.518,504.98175048828125,131.67408752441406
7700,308.558,502.8477783203125,131.82388305664062
7701,308.598,503.1459045410156,133.16357421875
7702,308.638,504.2703552246094,132.33778381347656
7703,308.678,505.9902648925781,131.81195068359375
7704,308.719,507.8007507324219,131.76473999023438
7705,308.759,509.8779296875,136.71292114257812
7706,308.799,511.8766174316406,137.7246856689453
7707,308.839,512.645751953125,139.04403686523438
7708,308.879,514.0142822265625,139.11190795898438
7709,308.919,514.2603149414062,139.5660858154297
7710,308.959,502.6220703125,138.9440155029297
7711,308.999,499.8455810546875,137.24400329589844
7712,309.039,496.7996826171875,134.7896270751953
7713,309.079,495.1659851074219,132.87246704101562
7714,309.119,494.6247253417969,133.47914123535156
7715,309.159,495.7178955078125,133.16241455078125
7716,309.199,498.8008728027344,132.54847717285156
7717,309.24,497.9154968261719,132.25311279296875
7718,309.28,500.2714538574219,132.94833374023438
7719,309.32,504.564453125,132.37486267089844
7720,309.36,506.03521728515625,131.47259521484375
7721,309.4,505.487548828125,131.22686767578125
7722,309.44,503.7795104980469,132.6857147216797
7723,309.48,504.7225646972656,132.48001098632812
7724,309.52,505.6590576171875,130.65545654296875
7725,309.56,508.09320068359375,129.30648803710938
7726,309.6,508.62774658203125,128.5002899169922
7727,309.64,512.7708740234375,130.96107482910156
7728,309.68,532.6807861328125,151.42507934570312
7729,309.72,533.6061401367188,150.32095336914062
7730,309.76,533.894287109375,150.3338165283203
7731,309.801,534.5389404296875,152.36834716796875
7732,309.841,548.9713745117188,182.66258239746094
7733,309.881,549.9010009765625,183.2200164794922
7734,309.921,548.79052734375,184.2611541748047
7735,309.961,546.5504760742188,185.24790954589844
7736,310.001,542.9404907226562,181.9373779296875
7737,310.041,532.3880004882812,157.26925659179688
7738,310.081,530.841796875,158.04246520996094
7739,310.121,530.0379028320312,158.31414794921875
7740,310.161,528.2498779296875,156.730224609375
7741,310.201,528.3557739257812,155.494384765625
7742,310.241,528.2190551757812,153.8922882080078
7743,310.281,511.9363098144531,140.20098876953125
7744,310.321,511.21844482421875,141.26651000976562
7745,310.362,509.31689453125,144.81051635742188
7746,310.402,511.18505859375,145.63815307617188
7747,310.442,514.259033203125,148.26234436035156
7748,310.482,519.3037719726562,149.81597900390625
7749,310.522,523.1482543945312,146.96266174316406
7750,310.562,526.043701171875,144.0957794189453
7751,310.602,528.8106079101562,142.0198211669922
7752,310.642,528.3140258789062,144.27371215820312
7753,310.682,526.9978637695312,143.95750427246094
7754,310.722,525.5938720703125,142.72933959960938
7755,310.762,523.87255859375,140.36575317382812
7756,310.802,523.217041015625,138.2037811279297
7757,310.842,521.7075805664062,139.4859161376953
7758,310.882,513.1417236328125,129.7900848388672
7759,310.923,508.7605285644531,124.52450561523438
7760,310.963,505.7642822265625,121.31768798828125
7761,311.003,504.3249206542969,119.42581176757812
7762,311.043,506.5255432128906,121.13910675048828
7763,311.083,507.05426025390625,123.28178405761719
7764,311.123,509.11578369140625,128.0480499267578
7765,311.163,529.5210571289062,157.31021118164062
7766,311.203,529.023193359375,163.5847625732422
7767,311.243,527.6181640625,164.14559936523438
7768,311.283,528.2933959960938,163.4408416748047
7769,311.323,527.2089233398438,163.57571411132812
7770,311.363,522.33251953125,171.08900451660156
7771,311.403,525.75390625,164.18521118164062
7772,311.443,525.0487060546875,164.0626220703125
7773,311.484,520.572021484375,162.84657287597656
7774,311.524,520.8232421875,160.87095642089844
7775,311.564,520.19189453125,157.01441955566406
7776,311.604,517.6327514648438,149.39901733398438
7777,311.644,504.0787048339844,137.4196319580078
7778,311.684,502.22552490234375,136.34063720703125
7779,311.724,500.82086181640625,113.84661102294922
7780,311.764,498.1520690917969,107.59284973144531
7781,311.804,499.9403076171875,109.27168273925781
7782,311.844,499.5771484375,108.30421447753906
7783,311.884,499.76348876953125,117.9276351928711
7784,311.924,453.2711181640625,125.44890594482422
7785,311.964,449.08514404296875,122.49798583984375
7786,312.005,475.5336608886719,131.0791778564453
7787,312.045,478.7691650390625,127.59239196777344
7788,312.085,492.2886047363281,105.27899932861328
7789,312.125,496.2606506347656,105.55530548095703
7790,312.165,461.619873046875,95.85335540771484
7791,312.205,457.7986145019531,95.6228256225586
7792,312.245,457.514892578125,94.01124572753906
7793,312.285,456.6933288574219,89.23934173583984
7794,312.325,456.5909118652344,87.43816375732422
7795,312.365,457.2593994140625,85.40489196777344
7796,312.405,481.5784912109375,76.36591339111328
7797,312.445,496.10504150390625,70.57215118408203
7798,312.485,496.6661376953125,69.42693328857422
7799,312.525,501.7367248535156,71.33422088623047
7800,312.566,487.1993408203125,64.8974838256836
7801,312.606,445.70953369140625,77.65040588378906
7802,312.646,449.6295471191406,71.06768035888672
7803,312.686,452.028564453125,71.69098663330078
7804,312.726,453.686279296875,72.80110931396484
7805,312.766,451.6092834472656,69.21044921875
7806,312.806,442.3289489746094,56.868160247802734
7807,312.846,440.10595703125,58.18083190917969
7808,312.886,431.28582763671875,37.44741439819336
7809,312.926,432.1348571777344,35.61125946044922
7810,312.966,415.3553466796875,44.854522705078125
7811,313.006,nan,nan
7812,313.046,nan,nan
7813,313.086,403.04364013671875,10.691286087036133
7814,313.127,nan,nan
7815,313.167,nan,nan
7816,313.207,445.3011169433594,29.865110397338867
7817,313.247,426.80865478515625,42.82640838623047
7818,313.287,431.916015625,50.47085189819336
7819,313.327,nan,nan
7820,313.367,439.2549133300781,57.35370635986328
7821,313.407,387.85107421875,38.060638427734375
7822,313.447,445.99365234375,59.220821380615234
7823,313.487,454.9300537109375,65.50675964355469
7824,313.527,456.63037109375,65.18872833251953
7825,313.567,453.08477783203125,65.85301971435547
7826,313.607,421.078125,51.02161407470703
7827,313.647,422.630615234375,51.854835510253906
7828,313.688,420.29449462890625,50.87836456298828
7829,313.728,473.28619384765625,63.47856140136719
7830,313.768,479.6881408691406,62.5185661315918
7831,313.808,504.961669921875,51.57501220703125
7832,313.848,498.32659912109375,45.81814956665039
7833,313.888,496.5161437988281,42.595970153808594
7834,313.928,479.3757019042969,36.58633041381836
7835,313.968,537.3820190429688,49.3998908996582
7836,314.008,508.68914794921875,64.6433334350586
7837,314.048,502.3530578613281,65.29703521728516
7838,314.088,494.98675537109375,66.88902282714844
7839,314.128,495.065185546875,66.20105743408203
7840,314.168,497.13336181640625,49.75943374633789
7841,314.208,nan,nan
7842,314.249,494.95391845703125,27.029987335205078
7843,314.289,511.0328063964844,14.296608924865723
7844,314.329,551.8515625,6.327308654785156
7845,314.369,526.5418090820312,5.978063106536865
7846,314.409,531.9200439453125,5.415071487426758
7847,314.449,526.7609252929688,6.791440963745117
7848,314.489,501.8735656738281,15.619890213012695
7849,314.529,512.3480224609375,38.459869384765625
7850,314.569,525.0372924804688,40.8255500793457
7851,314.609,553.47265625,8.463061332702637
7852,314.649,546.518310546875,31.335899353027344
7853,314.689,551.44384765625,51.41456985473633
7854,314.729,549.4642333984375,58.169490814208984
7855,314.77,544.6966552734375,62.05955505371094
7856,314.81,535.11962890625,47.960418701171875
7857,314.85,531.8255615234375,38.2970085144043
7858,314.89,565.8251953125,101.57748413085938
7859,314.93,548.8924560546875,110.28399658203125
7860,314.97,557.4722290039062,96.01290893554688
7861,315.01,547.0401611328125,93.10770416259766
7862,315.05,541.8994140625,88.64185333251953
7863,315.09,535.7349243164062,104.89241027832031
7864,315.13,510.18438720703125,126.33395385742188
7865,315.17,498.61334228515625,133.475830078125
7866,315.21,496.3397216796875,133.68043518066406
7867,315.25,495.0954895019531,132.15782165527344
7868,315.29,493.3736267089844,117.7045669555664
7869,315.331,493.6311950683594,92.0395736694336
7870,315.371,493.4654541015625,92.21980285644531
7871,315.411,493.29388427734375,89.6893081665039
7872,315.451,492.5461120605469,85.67434692382812
7873,315.491,464.3262634277344,87.57252502441406
7874,315.531,454.40594482421875,66.23921203613281
7875,315.571,453.4949645996094,66.30714416503906
7876,315.611,414.2769775390625,120.72765350341797
7877,315.651,423.745849609375,99.59049987792969
7878,315.691,428.7837829589844,99.91622161865234
7879,315.731,414.7025146484375,125.27339935302734
7880,315.771,407.2276916503906,120.69813537597656
7881,315.811,384.9020080566406,114.28848266601562
7882,315.851,387.01043701171875,113.3090591430664
7883,315.892,388.79876708984375,110.6358413696289
7884,315.932,392.68011474609375,111.00908660888672
7885,315.972,392.33978271484375,109.22801971435547
7886,316.012,391.7322692871094,107.9455337524414
7887,316.052,392.832763671875,107.43160247802734
7888,316.092,385.98858642578125,107.19187927246094
7889,316.132,362.7823181152344,108.12732696533203
7890,316.172,387.38238525390625,103.44454956054688
7891,316.212,nan,nan
7892,316.252,460.6039733886719,4.383897304534912
7893,316.292,411.59088134765625,71.67366790771484
7894,316.332,422.5984802246094,83.32546997070312
7895,316.372,425.7892150878906,82.93563079833984
7896,316.412,426.9312438964844,93.96994018554688
7897,316.453,397.22967529296875,104.83708190917969
7898,316.493,400.8235168457031,106.1812744140625
7899,316.533,396.37835693359375,106.58133697509766
7900,316.573,398.1015319824219,106.52980041503906
7901,316.613,398.1463623046875,104.75555419921875
7902,316.653,414.3182373046875,144.58888244628906
7903,316.693,414.0335693359375,141.91700744628906
7904,316.733,414.9435119628906,143.01254272460938
7905,316.773,416.9028625488281,141.74429321289062
7906,316.813,419.23199462890625,139.96328735351562
7907,316.853,420.4380798339844,137.46456909179688
7908,316.893,420.65087890625,135.74412536621094
7909,316.933,422.7730407714844,132.86146545410156
7910,316.973,405.539306640625,130.53421020507812
7911,317.014,404.96697998046875,128.3726806640625
7912,317.054,405.4214782714844,125.61318969726562
7913,317.094,407.25323486328125,122.80464172363281
7914,317.134,408.0091247558594,120.24877166748047
7915,317.174,408.3487854003906,118.52594757080078
7916,317.214,407.9036865234375,117.24376678466797
7917,317.254,409.1304931640625,117.02479553222656
7918,317.294,410.8418273925781,99.62733459472656
7919,317.334,415.00750732421875,108.25811767578125
7920,317.374,416.7508239746094,112.60096740722656
7921,317.414,404.1762390136719,104.4224624633789
7922,317.454,400.85052490234375,100.93468475341797
7923,317.494,400.07281494140625,98.58341217041016
7924,317.535,412.23187255859375,88.27422332763672
7925,317.575,467.0175476074219,61.158233642578125
7926,317.615,440.4241943359375,61.91682434082031
7927,317.655,410.7387390136719,67.44164276123047
7928,317.695,373.3983459472656,96.1327896118164
7929,317.735,394.326416015625,132.22476196289062
7930,317.775,398.08880615234375,128.27880859375
7931,317.815,399.451171875,128.83309936523438
7932,317.855,394.21173095703125,93.16527557373047
7933,317.895,392.8233337402344,84.50277709960938
7934,317.935,395.62579345703125,83.19046783447266
7935,317.975,395.7344970703125,78.88818359375
7936,318.015,356.86260986328125,40.656105041503906
7937,318.055,390.10040283203125,5.901396751403809
7938,318.096,332.6718444824219,47.440673828125
7939,318.136,420.78936767578125,34.269325256347656
7940,318.176,420.7052307128906,28.361555099487305
7941,318.216,415.83258056640625,20.79706573486328
7942,318.256,426.0116271972656,30.315134048461914
7943,318.296,528.2137451171875,27.975873947143555
7944,318.336,533.2791137695312,28.708023071289062
7945,318.376,nan,nan
7946,318.416,nan,nan
7947,318.456,nan,nan
7948,318.496,nan,nan
7949,318.536,nan,nan
7950,318.576,nan,nan
7951,318.616,606.9930419921875,27.719715118408203
7952,318.657,581.0440673828125,38.88981628417969
7953,318.697,571.8054809570312,43.851924896240234
7954,318.737,538.0473022460938,54.419151306152344
7955,318.777,535.8517456054688,54.56766891479492
7956,318.817,534.6290893554688,58.7115478515625
7957,318.857,545.7308959960938,54.460269927978516
7958,318.897,548.2254028320312,49.9666633605957
7959,318.937,604.2857055664062,45.623313903808594
7960,318.977,631.4285278320312,5.342221260070801
7961,319.017,588.0621948242188,31.80854606628418
7962,319.057,583.6366577148438,10.865683555603027
7963,319.097,nan,nan
7964,319.137,nan,nan
7965,319.177,nan,nan
7966,319.218,582.0811767578125,5.156518936157227
7967,319.258,581.7327880859375,5.604378700256348
7968,319.298,580.977294921875,1.4462178945541382
7969,319.338,582.0836791992188,4.999486923217773
7970,319.378,582.3422241210938,5.62241792678833
7971,319.418,582.7996826171875,5.4443278312683105
7972,319.458,595.2779541015625,44.70796585083008
7973,319.498,597.4794921875,43.239524841308594
7974,319.538,594.9539794921875,42.645477294921875
7975,319.578,508.7073669433594,7.579278945922852
7976,319.618,476.8826904296875,19.141862869262695
7977,319.658,nan,nan
7978,319.698,506.4576721191406,0.5911421775817871
7979,319.739,nan,nan
7980,319.779,469.3107604980469,40.518531799316406
7981,319.819,456.3636779785156,51.23548126220703
7982,319.859,451.2326354980469,59.69889450073242
7983,319.899,451.516845703125,43.81190872192383
7984,319.939,488.8717346191406,45.299949645996094
7985,319.979,538.2510986328125,50.92174530029297
7986,320.019,nan,nan
7987,320.059,nan,nan
7988,320.099,nan,nan
7989,320.139,527.1469116210938,3.9972219467163086
7990,320.179,529.2489624023438,61.67741775512695
7991,320.219,589.5410766601562,30.773374557495117
7992,320.259,599.3603515625,26.080354690551758
7993,320.3,586.3032836914062,37.393062591552734
7994,320.34,565.2682495117188,51.09003448486328
7995,320.38,550.0493774414062,25.71332550048828
7996,320.42,556.1671142578125,70.14737701416016
7997,320.46,557.5718383789062,57.13063049316406
7998,320.5,566.8247680664062,73.16625213623047
7999,320.54,555.2557983398438,80.80034637451172
8000,320.58,552.9906005859375,68.73577117919922
8001,320.62,532.8478393554688,39.166996002197266
8002,320.66,534.0382080078125,58.943634033203125
8003,320.7,533.9927978515625,76.1600570678711
8004,320.74,531.4740600585938,97.6070785522461
8005,320.78,526.7132568359375,98.7723159790039
8006,320.82,520.296875,107.0347900390625
8007,320.861,511.97296142578125,113.3825912475586
8008,320.901,517.3114013671875,119.90435791015625
8009,320.941,507.2850341796875,121.60879516601562
8010,320.981,487.47802734375,122.17924499511719
8011,321.021,490.58441162109375,154.57028198242188
8012,321.061,474.9624938964844,126.7506103515625
8013,321.101,470.2378234863281,141.4047088623047
8014,321.141,463.6267395019531,145.4550323486328
8015,321.181,463.30438232421875,148.76808166503906
8016,321.221,462.0594482421875,150.40293884277344
8017,321.261,457.2881164550781,148.81289672851562
8018,321.301,432.8652648925781,139.6978759765625
8019,321.341,431.8140563964844,141.309814453125
8020,321.381,434.6099548339844,142.06173706054688
8021,321.422,435.9111328125,146.3323516845703
8022,321.462,436.541748046875,147.9935302734375
8023,321.502,435.8387145996094,148.894775390625
8024,321.542,437.5706481933594,149.44361877441406
8025,321.582,439.39373779296875,150.69650268554688
8026,321.622,440.31524658203125,154.76004028320312
8027,321.662,447.0494079589844,155.67916870117188
8028,321.702,445.20928955078125,161.69667053222656
8029,321.742,447.385009765625,169.14666748046875
8030,321.782,440.4369201660156,184.92596435546875
8031,321.822,445.85137939453125,189.64190673828125
8032,321.862,449.0226135253906,190.02468872070312
8033,321.902,464.4277648925781,184.42247009277344
8034,321.942,445.0001220703125,196.6120147705078
8035,321.983,455.4881591796875,203.78810119628906
8036,322.023,449.94390869140625,200.022705078125
8037,322.063,450.4602966308594,185.75453186035156
8038,322.103,464.79412841796875,220.10267639160156
8039,322.143,478.7464599609375,222.07745361328125
8040,322.183,474.1990661621094,227.1890411376953
8041,322.223,441.427490234375,226.64198303222656
8042,322.263,443.89190673828125,228.42938232421875
8043,322.303,447.29681396484375,233.15423583984375
8044,322.343,449.95074462890625,232.71173095703125
8045,322.383,449.96337890625,234.2737274169922
8046,322.423,449.49969482421875,235.54983520507812
8047,322.463,451.51422119140625,236.26943969726562
8048,322.504,456.0255432128906,237.1671142578125
8049,322.544,459.4503479003906,237.73358154296875
8050,322.584,461.3323974609375,238.52052307128906
8051,322.624,460.7644348144531,238.86788940429688
8052,322.664,465.43878173828125,238.22703552246094
8053,322.704,472.5152587890625,236.1800537109375
8054,322.744,472.4817810058594,240.6549835205078
8055,322.784,469.55010986328125,250.86888122558594
8056,322.824,474.1082458496094,255.0225067138672
8057,322.864,481.2726135253906,255.1141815185547
8058,322.904,476.26849365234375,254.0904083251953
8059,322.944,474.7907409667969,253.57057189941406
8060,322.984,477.6978759765625,250.07412719726562
8061,323.024,478.182373046875,246.27244567871094
8062,323.065,479.92364501953125,244.15870666503906
8063,323.105,515.631591796875,259.0794677734375
8064,323.145,510.9189758300781,259.08148193359375
8065,323.185,509.6719970703125,260.34051513671875
8066,323.225,509.2962951660156,261.00885009765625
8067,323.265,503.85394287109375,262.29241943359375
8068,323.305,503.8402099609375,261.9072570800781
8069,323.345,500.13604736328125,262.3924255371094
8070,323.385,498.5162048339844,263.3763427734375
8071,323.425,486.9923095703125,252.60169982910156
8072,323.465,489.4776916503906,251.50152587890625
8073,323.505,485.2301025390625,253.94308471679688
8074,323.545,485.2452697753906,255.94677734375
8075,323.585,488.4129638671875,251.40992736816406
8076,323.626,488.1145324707031,250.3708038330078
8077,323.666,484.1724853515625,247.2913055419922
8078,323.706,484.94293212890625,236.33078002929688
8079,323.746,490.67523193359375,227.2769012451172
8080,323.786,549.5157470703125,223.55845642089844
8081,323.826,541.9964599609375,223.22119140625
8082,323.866,530.9262084960938,218.9981231689453
8083,323.906,529.7592163085938,214.80506896972656
8084,323.946,528.8297119140625,212.52906799316406
8085,323.986,526.983642578125,209.72451782226562
8086,324.026,522.15576171875,208.78460693359375
8087,324.066,620.69140625,223.48184204101562
8088,324.106,631.6376953125,221.3220672607422
8089,324.146,629.8304443359375,221.8396759033203
8090,324.187,618.88525390625,223.8021697998047
8091,324.227,618.2168579101562,218.61451721191406
8092,324.267,613.705078125,217.97897338867188
8093,324.307,603.1597900390625,219.53250122070312
8094,324.347,601.3092041015625,215.4482879638672
8095,324.387,594.1452026367188,213.25155639648438
8096,324.427,581.86279296875,215.92955017089844
8097,324.467,574.50390625,215.34219360351562
8098,324.507,573.1380615234375,215.43807983398438
8099,324.547,574.344482421875,214.06350708007812
8100,324.587,574.4163818359375,214.6901397705078
8101,324.627,574.9579467773438,209.87327575683594
8102,324.667,569.906982421875,208.79156494140625
8103,324.707,560.54150390625,210.26344299316406
8104,324.748,537.1693725585938,225.50682067871094
8105,324.788,507.620849609375,208.0569610595703
8106,324.828,509.41552734375,209.00665283203125
8107,324.868,507.2694091796875,207.78016662597656
8108,324.908,523.5718383789062,231.5007781982422
8109,324.948,591.1427612304688,218.50880432128906
8110,324.988,597.6224365234375,221.37535095214844
8111,325.028,598.5704345703125,219.45249938964844
8112,325.068,594.7735595703125,220.10897827148438
8113,325.108,589.311767578125,220.02088928222656
8114,325.148,586.1192626953125,218.29241943359375
8115,325.188,579.40576171875,216.9197540283203
8116,325.228,498.36328125,193.55377197265625
8117,325.269,507.3987121582031,175.8882598876953
8118,325.309,506.41241455078125,176.55870056152344
8119,325.349,507.258056640625,177.3494110107422
8120,325.389,512.7741088867188,189.56944274902344
8121,325.429,511.3585205078125,188.4079132080078
8122,325.469,511.07647705078125,189.98745727539062
8123,325.509,512.4276123046875,189.85153198242188
8124,325.549,510.9707336425781,188.22740173339844
8125,325.589,511.92352294921875,180.5164794921875
8126,325.629,512.8604736328125,183.29623413085938
8127,325.669,511.24212646484375,187.47509765625
8128,325.709,524.6609497070312,202.4120330810547
8129,325.749,510.31817626953125,204.3937225341797
8130,325.789,516.7777099609375,205.42872619628906
8131,325.83,515.8135986328125,205.15927124023438
8132,325.87,515.4812622070312,204.92787170410156
8133,325.91,511.2041931152344,208.9900665283203
8134,325.95,511.3758850097656,208.0724639892578
8135,325.99,447.6200256347656,284.5268249511719
8136,326.03,418.14794921875,271.26165771484375
8137,326.07,417.56988525390625,270.7487487792969
8138,326.11,418.1407165527344,270.9073486328125
8139,326.15,418.3211364746094,271.31854248046875
8140,326.19,418.4683837890625,271.5790710449219
8141,326.23,420.6455993652344,272.4408874511719
8142,326.27,402.169677734375,273.05072021484375
8143,326.31,389.5140686035156,272.2211608886719
8144,326.35,390.4883728027344,269.3511047363281
8145,326.391,395.61517333984375,270.9422302246094
8146,326.431,402.2060546875,272.3095703125
8147,326.471,408.630859375,270.4924011230469
8148,326.511,385.7590026855469,278.9639892578125
8149,326.551,397.2240295410156,280.52630615234375
8150,326.591,391.1851806640625,280.2231750488281
8151,326.631,389.84979248046875,279.0571594238281
8152,326.671,396.832763671875,278.104736328125
8153,326.711,405.2283020019531,274.2470703125
8154,326.751,407.7215881347656,267.91900634765625
8155,326.791,404.11456298828125,268.3457946777344
8156,326.831,390.3930358886719,268.7452087402344
8157,326.871,388.5115051269531,267.8647155761719
8158,326.911,387.36126708984375,268.5607604980469
8159,326.952,387.0337829589844,265.0890197753906
8160,326.992,386.8081970214844,261.7931213378906
8161,327.032,386.62677001953125,260.3067321777344
8162,327.072,389.8783874511719,253.02255249023438
8163,327.112,392.6650085449219,252.21231079101562
8164,327.152,392.7689208984375,248.91578674316406
8165,327.192,390.0198974609375,248.71774291992188
8166,327.232,402.0265808105469,219.57138061523438
8167,327.272,389.39300537109375,236.3101806640625
8168,327.312,392.94036865234375,230.07261657714844
8169,327.352,382.3370666503906,242.4219207763672
8170,327.392,389.9023132324219,235.8958740234375
8171,327.432,393.1445007324219,237.6631622314453
8172,327.472,403.756591796875,260.6877746582031
8173,327.513,400.78656005859375,265.3439636230469
8174,327.553,400.58331298828125,256.1441345214844
8175,327.593,404.2519836425781,253.5077667236328
8176,327.633,406.1504211425781,260.52154541015625
8177,327.673,407.69256591796875,245.31951904296875
8178,327.713,404.6361999511719,253.55477905273438
8179,327.753,412.9424743652344,244.98153686523438
8180,327.793,406.1335754394531,253.75714111328125
8181,327.833,404.0576171875,254.9556121826172
8182,327.873,410.7488708496094,249.09359741210938
8183,327.913,417.75860595703125,249.0808563232422
8184,327.953,435.3602600097656,224.8162841796875
8185,327.993,436.9927062988281,222.86659240722656
8186,328.034,435.83380126953125,223.4356231689453
8187,328.074,434.7619323730469,226.35647583007812
8188,328.114,458.8525390625,223.4153594970703
8189,328.154,423.97711181640625,247.1199951171875
8190,328.194,419.4486083984375,244.87991333007812
8191,328.234,412.8020935058594,248.6419677734375
8192,328.274,408.5804443359375,243.68121337890625
8193,328.314,402.2826232910156,248.2535400390625
8194,328.354,410.0519714355469,241.53607177734375
8195,328.394,423.2446594238281,232.5748291015625
8196,328.434,429.98626708984375,226.3432159423828
8197,328.474,430.1327819824219,227.85543823242188
8198,328.514,430.4132385253906,214.7382049560547
8199,328.554,435.0749206542969,230.2879180908203
8200,328.595,426.42926025390625,235.9397430419922
8201,328.635,430.9511413574219,235.48651123046875
8202,328.675,471.61248779296875,233.744140625
8203,328.715,469.0743713378906,234.37493896484375
8204,328.755,468.9553527832031,235.8089599609375
8205,328.795,470.3822937011719,235.00949096679688
8206,328.835,472.8043212890625,238.61671447753906
8207,328.875,471.8124694824219,238.96475219726562
8208,328.915,471.33880615234375,238.23199462890625
8209,328.955,472.0149841308594,226.3773956298828
8210,328.995,478.1208190917969,241.43325805664062
8211,329.035,479.2480773925781,243.47509765625
8212,329.075,480.2796936035156,244.8092498779297
8213,329.115,481.0069580078125,244.1888885498047
8214,329.156,480.1134033203125,243.37649536132812
8215,329.196,480.08062744140625,243.11199951171875
8216,329.236,483.20257568359375,246.7833709716797
8217,329.276,483.1658630371094,243.28350830078125
8218,329.316,486.1485290527344,243.64120483398438
8219,329.356,484.8758544921875,237.64959716796875
8220,329.396,477.2872619628906,235.0828857421875
8221,329.436,474.717529296875,238.6965789794922
8222,329.476,469.2935485839844,238.0190887451172
8223,329.516,468.5935363769531,239.23573303222656
8224,329.556,468.1161804199219,229.4676055908203
8225,329.596,439.8323974609375,239.23475646972656
8226,329.636,450.63616943359375,232.51316833496094
8227,329.676,451.62701416015625,231.72361755371094
8228,329.717,453.631591796875,230.04684448242188
8229,329.757,452.475341796875,229.3955078125
8230,329.797,450.40350341796875,228.28756713867188
8231,329.837,449.3303527832031,226.54330444335938
8232,329.877,449.7251281738281,224.06585693359375
8233,329.917,450.8371887207031,222.23440551757812
8234,329.957,455.72674560546875,238.42735290527344
8235,329.997,458.6626892089844,239.7975311279297
8236,330.037,461.1297302246094,239.305908203125
8237,330.077,465.6771240234375,242.07069396972656
8238,330.117,468.1259765625,237.86727905273438
8239,330.157,467.85528564453125,239.25750732421875
8240,330.197,458.5252990722656,243.4557342529297
8241,330.237,464.9146728515625,238.08795166015625
8242,330.278,483.5239562988281,214.13021850585938
8243,330.318,485.72021484375,213.31961059570312
8244,330.358,483.576171875,214.30982971191406
8245,330.398,482.4261474609375,214.85736083984375
8246,330.438,484.1622314453125,240.52774047851562
8247,330.478,476.1184387207031,243.42759704589844
8248,330.518,468.5211486816406,241.6840362548828
8249,330.558,469.1669616699219,237.76052856445312
8250,330.598,468.7591552734375,233.7803497314453
8251,330.638,475.605712890625,242.36007690429688
8252,330.678,463.6054992675781,231.1809539794922
8253,330.718,459.6987609863281,226.5854949951172
8254,330.758,456.0045166015625,219.71080017089844
8255,330.799,455.8867492675781,219.61997985839844
8256,330.839,453.9701843261719,218.8382568359375
8257,330.879,455.55255126953125,218.70188903808594
8258,330.919,459.5796203613281,212.15802001953125
8259,330.959,460.9925842285156,208.21505737304688
8260,330.999,460.11260986328125,207.3817901611328
8261,331.039,460.6283874511719,206.04400634765625
8262,331.079,460.9200439453125,204.99937438964844
8263,331.119,461.301513671875,202.88771057128906
8264,331.159,461.0072021484375,202.38375854492188
8265,331.199,460.9113464355469,204.27728271484375
8266,331.239,473.4455261230469,227.16017150878906
8267,331.279,469.82647705078125,224.59234619140625
8268,331.319,468.6750793457031,224.49803161621094
8269,331.36,468.331298828125,224.8184051513672
8270,331.4,466.7619323730469,223.06463623046875
8271,331.44,465.97088623046875,220.86988830566406
8272,331.48,466.1263427734375,217.7688751220703
8273,331.52,464.7657470703125,219.07081604003906
8274,331.56,465.2914123535156,219.19557189941406
8275,331.6,469.1510009765625,225.2028045654297
8276,331.64,469.6429443359375,222.73110961914062
8277,331.68,470.7442626953125,227.1766815185547
8278,331.72,470.8847961425781,226.79049682617188
8279,331.76,472.6664733886719,227.37600708007812
8280,331.8,469.6841125488281,228.33908081054688
8281,331.84,463.79058837890625,216.84683227539062
8282,331.88,466.0798034667969,214.64442443847656
8283,331.921,466.971435546875,209.28732299804688
8284,331.961,467.9729309082031,207.9032745361328
8285,332.001,467.25848388671875,208.0830078125
8286,332.041,465.72314453125,208.28948974609375
8287,332.081,464.6346740722656,208.75718688964844
8288,332.121,468.8777770996094,198.5256805419922
8289,332.161,474.64385986328125,207.24649047851562
8290,332.201,474.0840148925781,207.9427032470703
8291,332.241,478.263916015625,197.0835723876953
8292,332.281,476.39752197265625,202.42156982421875
8293,332.321,476.8236999511719,201.8721466064453
8294,332.361,475.06573486328125,205.34332275390625
8295,332.401,470.29901123046875,206.6380157470703
8296,332.441,468.46826171875,204.9325714111328
8297,332.482,473.2843322753906,203.91720581054688
8298,332.522,473.4762878417969,204.74227905273438
8299,332.562,475.2917175292969,202.64564514160156
8300,332.602,481.59906005859375,206.71209716796875
8301,332.642,475.16717529296875,204.4614715576172
8302,332.682,476.0151672363281,203.8458251953125
8303,332.722,474.2501525878906,203.05215454101562
8304,332.762,533.1397094726562,195.34742736816406
8305,332.802,634.426025390625,180.3677520751953
8306,332.842,688.9821166992188,158.67384338378906
8307,332.882,625.424072265625,165.49203491210938
8308,332.922,617.7985229492188,170.86131286621094
8309,332.962,621.3404541015625,174.8389892578125
8310,333.002,576.1731567382812,198.3628387451172
8311,333.043,564.1375732421875,186.6276092529297
8312,333.083,659.56005859375,152.1868438720703
8313,333.123,589.7835083007812,163.7093048095703
8314,333.163,578.3175659179688,180.24774169921875
8315,333.203,601.9512329101562,186.45619201660156
8316,333.243,545.5945434570312,189.03956604003906
8317,333.283,533.45166015625,198.85682678222656
8318,333.323,532.9633178710938,184.19091796875
8319,333.363,542.3528442382812,200.7833709716797
8320,333.403,522.9761352539062,208.28514099121094
8321,333.443,534.7113037109375,198.58302307128906
8322,333.483,529.3307495117188,202.17872619628906
8323,333.523,518.992919921875,224.68898010253906
8324,333.564,510.04229736328125,235.22671508789062
8325,333.604,506.2044982910156,192.49598693847656
8326,333.644,505.5276794433594,188.9293212890625
8327,333.684,507.1844787597656,181.91036987304688
8328,333.724,509.9845886230469,178.46499633789062
8329,333.764,509.6985168457031,173.75
8330,333.804,508.10186767578125,168.0421905517578
8331,333.844,510.13671875,163.66494750976562
8332,333.884,510.0152282714844,159.61956787109375
8333,333.924,509.9252624511719,156.62423706054688
8334,333.964,510.0064697265625,154.94187927246094
8335,334.004,510.8299560546875,154.07223510742188
8336,334.044,511.9831237792969,153.28778076171875
8337,334.084,511.53790283203125,152.892822265625
8338,334.125,512.972900390625,152.58956909179688
8339,334.165,481.5779113769531,160.00933837890625
8340,334.205,485.38433837890625,169.93678283691406
8341,334.245,473.8367004394531,157.52589416503906
8342,334.285,475.88140869140625,165.07286071777344
8343,334.325,473.1485290527344,166.06044006347656
8344,334.365,473.1430969238281,169.1840057373047
8345,334.405,458.477294921875,267.991943359375
8346,334.445,423.8888854980469,291.16839599609375
8347,334.485,389.2669677734375,183.40090942382812
8348,334.525,391.396240234375,186.61300659179688
8349,334.565,393.12005615234375,186.48562622070312
8350,334.605,392.9787902832031,185.65003967285156
8351,334.645,395.3882141113281,184.07521057128906
8352,334.686,399.9801940917969,184.17141723632812
8353,334.726,399.0253601074219,184.27386474609375
8354,334.766,401.6344909667969,184.27853393554688
8355,334.806,404.80224609375,183.2501220703125
8356,334.846,407.7020263671875,182.07762145996094
8357,334.886,375.8116455078125,237.01388549804688
8358,334.926,367.17962646484375,215.69789123535156
8359,334.966,370.51934814453125,215.63882446289062
8360,335.006,376.0234680175781,324.86248779296875
8361,335.046,363.0072937011719,540.2108764648438
8362,335.086,nan,nan
8363,335.126,nan,nan
8364,335.166,nan,nan
8365,335.206,nan,nan
8366,335.247,nan,nan
8367,335.287,nan,nan
8368,335.327,nan,nan
8369,335.367,nan,nan
8370,335.407,nan,nan
8371,335.447,nan,nan
8372,335.487,484.8858642578125,65.67489624023438
8373,335.527,474.4768371582031,121.36506652832031
8374,335.567,473.46099853515625,151.98245239257812
8375,335.607,472.9981994628906,160.1665496826172
8376,335.647,472.7288818359375,165.4592742919922
8377,335.687,464.5379943847656,177.97352600097656
8378,335.727,459.7084655761719,183.57766723632812
8379,335.768,460.95556640625,184.70298767089844
8380,335.808,459.4870910644531,186.82803344726562
8381,335.848,460.4670104980469,191.4027099609375
8382,335.888,458.5178527832031,194.945556640625
8383,335.928,456.880615234375,200.38514709472656
8384,335.968,456.0961608886719,203.78384399414062
8385,336.008,464.33380126953125,215.24855041503906
8386,336.048,472.46307373046875,219.66119384765625
8387,336.088,466.9242858886719,222.86993408203125
8388,336.128,465.9092712402344,223.78317260742188
8389,336.168,463.8996276855469,225.779296875
8390,336.208,466.886474609375,228.8358612060547
8391,336.248,467.927001953125,229.9777374267578
8392,336.288,504.5296325683594,218.6630401611328
8393,336.329,504.77484130859375,218.10971069335938
8394,336.369,506.1116943359375,219.15916442871094
8395,336.409,507.3401184082031,221.31358337402344
8396,336.449,507.51129150390625,221.74159240722656
8397,336.489,507.3660583496094,222.3369903564453
8398,336.529,506.1275329589844,222.32516479492188
8399,336.569,524.479248046875,230.47760009765625
8400,336.609,558.998779296875,212.05755615234375
8401,336.649,554.6123657226562,215.1251983642578
8402,336.689,551.9760131835938,214.60931396484375
8403,336.729,489.4934387207031,205.50714111328125
8404,336.769,475.43853759765625,203.20455932617188
8405,336.809,474.3568420410156,201.5381622314453
8406,336.849,471.3006591796875,200.20184326171875
8407,336.89,470.345703125,199.2883758544922
8408,336.93,468.3316345214844,192.7115478515625
8409,336.97,470.4581604003906,192.69949340820312
8410,337.01,470.7758483886719,204.50253295898438
8411,337.05,471.43572998046875,205.39938354492188
8412,337.09,468.7731018066406,205.664794921875
8413,337.13,469.8052673339844,206.0581817626953
8414,337.17,476.324951171875,206.24075317382812
8415,337.21,477.2412109375,207.2687225341797
8416,337.25,477.98480224609375,207.4009552001953
8417,337.29,479.989501953125,207.49957275390625
8418,337.33,480.9199523925781,208.39076232910156
8419,337.37,481.113525390625,209.56698608398438
8420,337.41,480.13543701171875,210.77931213378906
8421,337.451,478.9793395996094,211.41603088378906
8422,337.491,470.4174499511719,216.67776489257812
8423,337.531,462.0685119628906,218.28489685058594
8424,337.571,459.5381164550781,218.8928985595703
8425,337.611,458.1679992675781,217.85447692871094
8426,337.651,571.504638671875,189.2301788330078
8427,337.691,571.9701538085938,187.04432678222656
8428,337.731,575.9463500976562,189.0564422607422
8429,337.771,579.1534423828125,189.11228942871094
8430,337.811,580.1854858398438,192.34803771972656
8431,337.851,578.1106567382812,195.65310668945312
8432,337.891,574.295654296875,196.0595703125
8433,337.931,574.833251953125,195.2972869873047
8434,337.971,504.5356750488281,230.9452362060547
8435,338.012,457.1255798339844,219.01666259765625
8436,338.052,455.44415283203125,222.86758422851562
8437,338.092,458.4324645996094,222.359130859375
8438,338.132,458.1737365722656,220.19180297851562
8439,338.172,460.8692321777344,216.0384521484375
8440,338.212,475.1711730957031,207.94908142089844
8441,338.252,499.2012939453125,195.53781127929688
8442,338.292,509.1814880371094,186.6431427001953
8443,338.332,511.825439453125,185.40673828125
8444,338.372,515.8241577148438,183.8397674560547
8445,338.412,517.7847900390625,184.61630249023438
8446,338.452,516.8297119140625,187.4155731201172
8447,338.492,517.71484375,189.83604431152344
8448,338.533,518.0826416015625,192.75698852539062
8449,338.573,521.2513427734375,193.56353759765625
8450,338.613,518.693603515625,196.00759887695312
8451,338.653,503.9700622558594,180.109375
8452,338.693,498.9757385253906,178.06655883789062
8453,338.733,499.0328674316406,173.17547607421875
8454,338.773,499.1700744628906,171.68109130859375
8455,338.813,498.7052307128906,171.18968200683594
8456,338.853,498.1116638183594,170.52928161621094
8457,338.893,497.34912109375,169.62586975097656
8458,338.933,494.412353515625,168.6230926513672
8459,338.973,495.3686828613281,167.81300354003906
8460,339.013,496.42779541015625,168.27420043945312
8461,339.053,518.1703491210938,157.23748779296875
8462,339.094,508.64398193359375,151.71336364746094
8463,339.134,514.5031127929688,151.85142517089844
8464,339.174,522.60107421875,154.23817443847656
8465,339.214,492.3302001953125,151.17575073242188
8466,339.254,487.4310607910156,147.92149353027344
8467,339.294,485.4830322265625,143.65213012695312
8468,339.334,483.60467529296875,138.3258819580078
8469,339.374,482.17486572265625,132.21031188964844
8470,339.414,484.49859619140625,130.94676208496094
8471,339.454,486.8406982421875,131.14476013183594
8472,339.494,489.4387512207031,126.95642852783203
8473,339.534,485.43865966796875,125.62074279785156
8474,339.574,527.2811889648438,162.71734619140625
8475,339.614,526.9593505859375,156.53443908691406
8476,339.655,525.9072265625,154.95057678222656
8477,339.695,525.6785278320312,150.89476013183594
8478,339.735,523.9027709960938,149.6986541748047
8479,339.775,525.2015991210938,148.58375549316406
8480,339.815,525.7807006835938,147.891357421875
8481,339.855,527.939208984375,127.59991455078125
8482,339.895,526.0379028320312,129.42938232421875
8483,339.935,526.1553344726562,128.91531372070312
8484,339.975,528.8118286132812,127.4132080078125
8485,340.015,530.2561645507812,125.70532989501953
8486,340.055,530.6309204101562,128.34828186035156
8487,340.095,532.6641845703125,126.42716979980469
8488,340.135,533.2614135742188,126.2317886352539
8489,340.175,537.4584350585938,120.62271118164062
8490,340.216,552.3731079101562,102.07247161865234
8491,340.256,529.0443725585938,99.22329711914062
8492,340.296,548.7946166992188,96.93963623046875
8493,340.336,551.1256103515625,94.53871154785156
8494,340.376,534.7412109375,100.59978485107422
8495,340.416,534.7022094726562,107.59408569335938
8496,340.456,535.9878540039062,105.642333984375
8497,340.496,536.7672119140625,107.59371185302734
8498,340.536,537.4273681640625,109.92899322509766
8499,340.576,537.0165405273438,112.01346588134766
8500,340.616,538.0051879882812,109.41541290283203
8501,340.656,518.1943969726562,95.50216674804688
8502,340.696,528.7696533203125,92.54434967041016
8503,340.736,532.4567260742188,83.20197296142578
8504,340.777,542.0639038085938,85.78411865234375
8505,340.817,527.4577026367188,86.43199920654297
8506,340.857,524.449951171875,86.71676635742188
8507,340.897,515.9996948242188,83.36289978027344
8508,340.937,533.0016479492188,89.45820617675781
8509,340.977,518.4240112304688,85.74408721923828
8510,341.017,534.1661987304688,87.68982696533203
8511,341.057,528.7433471679688,139.34848022460938
8512,341.097,533.17626953125,141.15689086914062
8513,341.137,535.24365234375,144.18161010742188
8514,341.177,537.9746704101562,146.5683135986328
8515,341.217,535.2374267578125,138.8939666748047
8516,341.257,532.0676879882812,126.8880615234375
8517,341.298,533.8472290039062,123.84935760498047
8518,341.338,533.2546997070312,125.42781066894531
8519,341.378,546.1946411132812,99.47602844238281
8520,341.418,545.6307373046875,95.35474395751953
8521,341.458,544.8147583007812,97.56402587890625
8522,341.498,543.5255737304688,100.92247009277344
8523,341.538,544.8251953125,100.2214126586914
8524,341.578,546.4796142578125,99.21751403808594
8525,341.618,546.0444946289062,100.72296142578125
8526,341.658,544.916015625,102.72666931152344
8527,341.698,543.8878173828125,104.2552719116211
8528,341.738,541.100830078125,105.04849243164062
8529,341.778,536.665283203125,101.08121490478516
8530,341.818,535.5922241210938,99.76908111572266
8531,341.859,535.1036376953125,98.07987976074219
8532,341.899,535.6906127929688,97.18827819824219
8533,341.939,535.6561279296875,95.65522766113281
8534,341.979,536.0205078125,93.68974304199219
8535,342.019,546.1732788085938,85.22528839111328
8536,342.059,549.0523071289062,82.34825897216797
8537,342.099,533.2900390625,86.96261596679688
8538,342.139,527.8741455078125,90.00286865234375
8539,342.179,523.726806640625,93.58846282958984
8540,342.219,498.8201599121094,84.82566833496094
8541,342.259,488.6028137207031,61.81919860839844
8542,342.299,514.2879028320312,76.8974838256836
8543,342.339,520.9303588867188,82.65409851074219
8544,342.379,528.7023315429688,89.92937469482422
8545,342.42,526.3526000976562,67.27455139160156
8546,342.46,508.2662658691406,88.31371307373047
8547,342.5,504.9771728515625,84.05841064453125
8548,342.54,502.1415100097656,81.52034759521484
8549,342.58,502.12225341796875,81.92804718017578
8550,342.62,502.4245910644531,81.9149398803711
8551,342.66,527.7067260742188,89.23703002929688
8552,342.7,516.0397338867188,64.0803451538086
8553,342.74,531.9304809570312,22.429868698120117
8554,342.78,526.5635986328125,18.65543556213379
8555,342.82,520.435791015625,40.93831253051758
8556,342.86,538.6301879882812,72.95004272460938
8557,342.9,550.3651123046875,58.08625030517578
8558,342.94,553.0153198242188,57.005802154541016
8559,342.981,544.4508056640625,65.46836853027344
8560,343.021,582.6543579101562,43.70563888549805
8561,343.061,529.1472778320312,83.9223403930664
8562,343.101,545.6340942382812,72.27914428710938
8563,343.141,539.5673828125,67.0770492553711
8564,343.181,541.89306640625,65.46208190917969
8565,343.221,534.0435180664062,66.6140365600586
8566,343.261,530.1832885742188,65.28174591064453
8567,343.301,529.956298828125,69.14351654052734
8568,343.341,536.7666625976562,66.05696105957031
8569,343.381,543.2992553710938,68.9259262084961
8570,343.421,534.2701416015625,61.45884323120117
8571,343.461,532.3155517578125,59.41383743286133
8572,343.501,529.084716796875,55.41945266723633
8573,343.542,528.32861328125,54.7996711730957
8574,343.582,543.4512329101562,40.1705436706543
8575,343.622,550.5994873046875,34.9580078125
8576,343.662,559.78759765625,26.985952377319336
8577,343.702,547.5825805664062,8.3405179977417
8578,343.742,537.528076171875,29.189510345458984
8579,343.782,539.4561767578125,19.580690383911133
8580,343.822,537.32373046875,45.03936004638672
8581,343.862,581.8178100585938,42.698055267333984
8582,343.902,591.641845703125,37.49661636352539
8583,343.942,592.4728393554688,35.02777099609375
8584,343.982,570.6744995117188,32.74809646606445
8585,344.022,572.0234375,24.011146545410156
8586,344.063,598.1388549804688,16.165325164794922
8587,344.103,581.9486694335938,66.2749252319336
8588,344.143,523.9536743164062,25.01494789123535
8589,344.183,569.0418701171875,63.9618034362793
8590,344.223,516.5214233398438,75.13111114501953
8591,344.263,542.1822509765625,53.10696029663086
8592,344.303,484.9787292480469,61.655975341796875
8593,344.343,500.1051330566406,80.3355712890625
8594,344.383,528.8115234375,130.15399169921875
8595,344.423,496.3562927246094,123.25210571289062
8596,344.463,494.0578308105469,123.24779510498047
8597,344.503,490.56732177734375,122.9262924194336
8598,344.543,487.74444580078125,124.69288635253906
8599,344.583,485.92205810546875,121.99533081054688
8600,344.624,486.2000427246094,121.10246276855469
8601,344.664,487.5974426269531,120.03547668457031
8602,344.704,487.65313720703125,121.52027130126953
8603,344.744,487.42120361328125,122.876220703125
8604,344.784,486.2623596191406,123.50471496582031
8605,344.824,484.8175354003906,122.9124526977539
8606,344.864,493.013916015625,112.28257751464844
8607,344.904,561.2267456054688,15.529995918273926
8608,344.944,560.9213256835938,10.470868110656738
8609,344.984,563.27392578125,1.05509352684021
8610,345.024,nan,nan
8611,345.064,nan,nan
8612,345.104,nan,nan
8613,345.144,511.17535400390625,58.96824264526367
8614,345.185,527.4589233398438,64.291748046875
8615,345.225,525.5720825195312,64.2107162475586
8616,345.265,525.0946655273438,62.740264892578125
8617,345.305,526.706787109375,63.98611068725586
8618,345.345,527.2015380859375,66.42935180664062
8619,345.385,527.68798828125,67.48101806640625
8620,345.425,525.479736328125,70.54634857177734
8621,345.465,nan,nan
8622,345.505,nan,nan
8623,345.545,nan,nan
8624,345.585,nan,nan
8625,345.625,nan,nan
8626,345.665,438.8838806152344,3.8899035453796387
8627,345.705,539.96337890625,66.2738037109375
8628,345.746,539.3005981445312,69.37706756591797
8629,345.786,540.03125,74.14265441894531
8630,345.826,542.3864135742188,80.64744567871094
8631,345.866,470.6838684082031,57.59405517578125
8632,345.906,440.33209228515625,37.72532653808594
8633,345.946,444.0559997558594,17.285280227661133
8634,345.986,445.8153381347656,43.52683639526367
8635,346.026,449.8046875,25.510337829589844
8636,346.066,437.4055480957031,32.85535430908203
8637,346.106,432.0347595214844,25.53192901611328
8638,346.146,523.3956909179688,83.03231811523438
8639,346.186,550.9193115234375,47.751502990722656
8640,346.226,531.6700439453125,60.1497688293457
8641,346.266,528.9813232421875,62.30466079711914
8642,346.307,520.7504272460938,66.67447662353516
8643,346.347,520.14453125,66.12166595458984
8644,346.387,518.1200561523438,79.56655883789062
8645,346.427,467.8644714355469,109.02271270751953
8646,346.467,470.7309265136719,106.68399810791016
8647,346.507,469.8460388183594,105.90103912353516
8648,346.547,479.0203857421875,81.3970947265625
8649,346.587,541.357666015625,79.00247192382812
8650,346.627,537.511962890625,77.26525115966797
8651,346.667,539.2037963867188,77.04163360595703
8652,346.707,539.9132690429688,75.11685180664062
8653,346.747,540.9545288085938,75.4518814086914
8654,346.787,543.0038452148438,56.32042694091797
8655,346.828,548.448486328125,29.677371978759766
8656,346.868,532.9077758789062,82.21541595458984
8657,346.908,540.4342651367188,79.1447982788086
8658,346.948,546.6594848632812,67.08770751953125
8659,346.988,535.319580078125,76.04036712646484
8660,347.028,507.1119079589844,101.54053497314453
8661,347.068,507.5627746582031,84.48482513427734
8662,347.108,507.19842529296875,82.09773254394531
8663,347.148,506.74755859375,76.19515991210938
8664,347.188,507.283447265625,75.07511138916016
8665,347.228,506.4416809082031,75.2632064819336
8666,347.268,504.5592956542969,75.0324478149414
8667,347.308,501.4830627441406,88.67475891113281
8668,347.348,502.86712646484375,92.268310546875
8669,347.389,503.2349548339844,84.77515411376953
8670,347.429,521.8665771484375,58.63817596435547
8671,347.469,487.8248291015625,119.83354187011719
8672,347.509,455.9498596191406,164.09812927246094
8673,347.549,458.0195007324219,160.77420043945312
8674,347.589,448.49896240234375,153.87939453125
8675,347.629,453.8382263183594,147.41246032714844
8676,347.669,455.4415283203125,147.40371704101562
8677,347.709,461.92205810546875,165.20590209960938
8678,347.749,464.9466247558594,166.7435302734375
8679,347.789,465.6708984375,166.3048095703125
8680,347.829,465.9066162109375,163.88003540039062
8681,347.869,466.47430419921875,163.82484436035156
8682,347.909,454.00311279296875,206.4554901123047
8683,347.95,449.6058654785156,202.86407470703125
8684,347.99,443.4743957519531,210.13119506835938
8685,348.03,448.5650939941406,204.66253662109375
8686,348.07,451.60626220703125,198.11114501953125
8687,348.11,453.96173095703125,192.7709197998047
8688,348.15,453.64349365234375,190.31512451171875
8689,348.19,455.62249755859375,188.35977172851562
8690,348.23,456.8865051269531,186.56112670898438
8691,348.27,457.8546447753906,184.84127807617188
8692,348.31,459.2517395019531,182.92678833007812
8693,348.35,459.9657287597656,182.5598907470703
8694,348.39,494.8488464355469,176.37435913085938
8695,348.43,496.7782287597656,176.9836883544922
8696,348.47,497.9236755371094,176.67547607421875
8697,348.511,498.7958679199219,176.05609130859375
8698,348.551,498.6960144042969,177.73236083984375
8699,348.591,498.13165283203125,178.51797485351562
8700,348.631,498.1832580566406,180.10963439941406
8701,348.671,498.51861572265625,181.44265747070312
8702,348.711,497.5117492675781,182.00062561035156
8703,348.751,497.5141906738281,182.24851989746094
8704,348.791,497.946533203125,182.7398681640625
8705,348.831,498.2864074707031,184.55484008789062
8706,348.871,499.4594421386719,185.218505859375
8707,348.911,500.7745056152344,185.58644104003906
8708,348.951,499.5885925292969,183.51864624023438
8709,348.991,495.8391418457031,182.27484130859375
8710,349.031,495.5635070800781,179.80690002441406
8711,349.072,496.3244323730469,176.94711303710938
8712,349.112,496.81884765625,172.461181640625
8713,349.152,471.06109619140625,188.9602813720703
8714,349.192,471.0214538574219,189.6134490966797
8715,349.232,469.1380310058594,189.77354431152344
8716,349.272,477.1609191894531,197.39910888671875
8717,349.312,470.4878845214844,187.4441375732422
8718,349.352,467.825439453125,189.38125610351562
8719,349.392,468.3710632324219,189.04283142089844
8720,349.432,469.0879821777344,189.09910583496094
8721,349.472,472.5408935546875,187.60414123535156
8722,349.512,473.7361145019531,189.08387756347656
8723,349.552,473.4547424316406,189.4319305419922
8724,349.593,473.58782958984375,188.77236938476562
8725,349.633,485.1434631347656,185.378173828125
8726,349.673,518.27880859375,180.38162231445312
8727,349.713,518.2064819335938,179.65933227539062
8728,349.753,518.1080932617188,179.08721923828125
8729,349.793,518.6696166992188,178.637939453125
8730,349.833,517.4745483398438,177.50637817382812
8731,349.873,516.020263671875,177.472412109375
8732,349.913,516.4225463867188,177.446533203125
8733,349.953,512.442138671875,183.17955017089844
8734,349.993,487.7364807128906,186.10438537597656
8735,350.033,496.7334899902344,170.22756958007812
8736,350.073,505.6051940917969,159.7028350830078
8737,350.113,507.7867126464844,159.79835510253906
8738,350.154,506.356689453125,159.99803161621094
8739,350.194,507.86468505859375,162.7210693359375
8740,350.234,509.6409606933594,164.15679931640625
8741,350.274,512.2928466796875,165.06044006347656
8742,350.314,513.6264038085938,165.60496520996094
8743,350.354,512.4317626953125,164.08250427246094
8744,350.394,514.115966796875,162.2452392578125
8745,350.434,516.1448974609375,157.54652404785156
8746,350.474,527.56884765625,153.85382080078125
8747,350.514,557.3419799804688,151.59039306640625
8748,350.554,532.2080688476562,207.92169189453125
8749,350.594,432.37139892578125,359.00933837890625
8750,350.634,324.69476318359375,529.8848876953125
8751,350.674,nan,nan
8752,350.715,nan,nan
8753,350.755,nan,nan
8754,350.795,nan,nan
8755,350.835,nan,nan
8756,350.875,nan,nan
8757,350.915,nan,nan
8758,350.955,nan,nan
8759,350.995,nan,nan
8760,351.035,nan,nan
8761,351.075,nan,nan
8762,351.115,420.40911865234375,604.3047485351562
8763,351.155,421.9051513671875,577.9047241210938
8764,351.195,433.1629943847656,567.06640625
8765,351.235,352.19482421875,500.69775390625
8766,351.276,374.1424560546875,493.2712097167969
8767,351.316,381.72027587890625,477.5745544433594
8768,351.356,394.0426330566406,468.8651428222656
8769,351.396,392.89483642578125,429.263427734375
8770,351.436,402.6223449707031,424.54583740234375
8771,351.476,411.0407409667969,424.54400634765625
8772,351.516,423.44989013671875,428.50225830078125
8773,351.556,427.48907470703125,429.1992492675781
8774,351.596,432.8738098144531,433.5074768066406
8775,351.636,435.0030822753906,435.5745544433594
8776,351.676,439.46551513671875,432.3358154296875
8777,351.716,444.829345703125,430.419189453125
8778,351.756,451.0689392089844,429.6903076171875
8779,351.797,452.8067321777344,434.6034240722656
8780,351.837,461.4324645996094,432.82489013671875
8781,351.877,467.27874755859375,431.9460754394531
8782,351.917,472.9956970214844,439.38885498046875
8783,351.957,477.5908508300781,438.4592590332031
8784,351.997,477.5033874511719,441.1712646484375
8785,352.037,482.9573059082031,440.64019775390625
8786,352.077,487.56494140625,438.8975830078125
8787,352.117,489.7699890136719,437.2184143066406
8788,352.157,491.2395324707031,436.4183349609375
8789,352.197,492.1282958984375,436.2125244140625
8790,352.237,492.8942565917969,437.8666076660156
8791,352.277,490.7258605957031,444.2809753417969
8792,352.317,479.2052307128906,448.5628967285156
8793,352.358,481.8937072753906,455.4420166015625
8794,352.398,478.24267578125,458.5233154296875
8795,352.438,477.3619079589844,459.983642578125
8796,352.478,476.35345458984375,460.88043212890625
8797,352.518,476.4917907714844,461.1609191894531
8798,352.558,476.9814147949219,462.20367431640625
8799,352.598,493.7578125,465.5032958984375
8800,352.638,503.2716369628906,461.4874572753906
8801,352.678,502.3441162109375,460.8685302734375
8802,352.718,501.0093994140625,460.982177734375
8803,352.758,508.4192810058594,454.03814697265625
8804,352.798,511.37994384765625,450.9633483886719
8805,352.838,508.2740478515625,455.19122314453125
8806,352.878,504.2851867675781,452.3112487792969
8807,352.919,505.84527587890625,457.6733703613281
8808,352.959,505.24896240234375,457.5950927734375
8809,352.999,493.7141418457031,467.6331481933594
8810,353.039,490.2890625,473.68243408203125
8811,353.079,489.8554992675781,470.79815673828125
8812,353.119,484.34136962890625,468.912841796875
8813,353.159,465.7301330566406,468.9992370605469
8814,353.199,582.2200927734375,549.9785766601562
8815,353.239,nan,nan
8816,353.279,nan,nan
8817,353.319,nan,nan
8818,353.359,603.8470458984375,593.8646240234375
8819,353.399,645.6214599609375,529.5999755859375
8820,353.439,566.1321411132812,510.046142578125
8821,353.48,590.6420288085938,535.4971313476562
8822,353.52,605.0333862304688,487.98834228515625
8823,353.56,599.1973876953125,441.609375
8824,353.6,587.1857299804688,441.8302307128906
8825,353.64,563.264404296875,446.17230224609375
8826,353.68,583.454833984375,451.7732238769531
8827,353.72,536.7998046875,456.8574523925781
8828,353.76,505.7351379394531,444.89727783203125
8829,353.8,514.9996948242188,454.3963928222656
8830,353.84,507.8522033691406,454.9056091308594
8831,353.88,504.8382263183594,458.85015869140625
8832,353.92,501.8794250488281,459.6161804199219
8833,353.96,493.546630859375,455.20806884765625
8834,354.0,490.6019592285156,465.9580383300781
8835,354.041,484.1007080078125,453.9046936035156
8836,354.081,483.3504943847656,454.2412109375
8837,354.121,481.68328857421875,453.1225891113281
8838,354.161,480.5437927246094,455.0979309082031
8839,354.201,479.09552001953125,456.81988525390625
8840,354.241,483.76873779296875,465.8133544921875
8841,354.281,481.4920959472656,466.25750732421875
8842,354.321,492.21136474609375,474.1519470214844
8843,354.361,509.3565979003906,474.13873291015625
8844,354.401,529.2954711914062,473.9440002441406
8845,354.441,568.1121215820312,495.3524475097656
8846,354.481,589.4166870117188,597.0726928710938
8847,354.521,586.98193359375,594.1272583007812
8848,354.562,nan,nan
8849,354.602,584.0224609375,599.1612548828125
8850,354.642,590.656494140625,597.720703125
8851,354.682,590.1226806640625,592.9828491210938
8852,354.722,591.2330932617188,585.670654296875
8853,354.762,nan,nan
8854,354.802,578.194091796875,564.581787109375
8855,354.842,590.1812744140625,558.6631469726562
8856,354.882,584.2466430664062,546.2448120117188
8857,354.922,574.4466552734375,540.5350952148438
8858,354.962,564.5789794921875,534.1815185546875
8859,355.002,556.1560668945312,532.3201904296875
8860,355.042,670.7520141601562,547.3209838867188
8861,355.082,791.2506713867188,552.71142578125
8862,355.123,877.28515625,585.6846313476562
8863,355.163,866.3822631835938,592.122314453125
8864,355.203,800.8834838867188,573.8037719726562
8865,355.243,nan,nan
8866,355.283,nan,nan
8867,355.323,nan,nan
8868,355.363,nan,nan
8869,355.403,nan,nan
8870,355.443,nan,nan
8871,355.483,nan,nan
8872,355.523,nan,nan
8873,355.563,nan,nan
8874,355.603,nan,nan
8875,355.643,nan,nan
8876,355.684,nan,nan
8877,355.724,nan,nan
8878,355.764,528.2410888671875,540.8284301757812
8879,355.804,nan,nan
8880,355.844,nan,nan
8881,355.884,483.2026062011719,218.11819458007812
8882,355.924,513.5094604492188,152.48236083984375
8883,355.964,509.972900390625,129.68568420410156
8884,356.004,520.9035034179688,84.98389434814453
8885,356.044,507.7195739746094,114.33766174316406
8886,356.084,511.1826171875,130.56239318847656
8887,356.124,508.0452575683594,149.41342163085938
8888,356.164,507.6697998046875,160.80662536621094
8889,356.204,510.5473327636719,178.74742126464844
8890,356.245,573.3965454101562,142.6111297607422
8891,356.285,575.2311401367188,161.73170471191406
8892,356.325,576.9747924804688,178.98056030273438
8893,356.365,570.0569458007812,197.1024627685547
8894,356.405,558.634033203125,225.64479064941406
8895,356.445,547.083984375,229.83233642578125
8896,356.485,558.0048828125,232.7535858154297
8897,356.525,554.9820556640625,238.4766845703125
8898,356.565,558.7372436523438,234.0371551513672
8899,356.605,552.5048217773438,237.83023071289062
8900,356.645,551.1653442382812,238.9100799560547
8901,356.685,536.1101684570312,224.34390258789062
8902,356.725,528.0765991210938,292.1139221191406
8903,356.765,503.6921081542969,438.69110107421875
8904,356.806,nan,nan
8905,356.846,nan,nan
8906,356.886,nan,nan
8907,356.926,nan,nan
8908,356.966,nan,nan
8909,357.006,nan,nan
8910,357.046,nan,nan
8911,357.086,nan,nan
8912,357.126,nan,nan
8913,357.166,519.965087890625,95.9201889038086
8914,357.206,506.38946533203125,129.2152862548828
8915,357.246,506.5031433105469,165.84088134765625
8916,357.286,508.1651916503906,193.98085021972656
8917,357.327,505.41204833984375,215.29608154296875
8918,357.367,510.0474548339844,213.24842834472656
8919,357.407,514.0742797851562,240.30897521972656
8920,357.447,516.8673706054688,245.31996154785156
8921,357.487,519.7852783203125,246.9693145751953
8922,357.527,528.6705322265625,217.34742736816406
8923,357.567,531.102783203125,232.7073211669922
8924,357.607,527.4201049804688,238.37759399414062
8925,357.647,526.350830078125,248.43106079101562
8926,357.687,520.5866088867188,258.85479736328125
8927,357.727,486.736328125,261.08758544921875
8928,357.767,476.966064453125,269.0384216308594
8929,357.807,473.656494140625,266.0177001953125
8930,357.847,473.71209716796875,266.29901123046875
8931,357.888,480.8100891113281,273.1490783691406
8932,357.928,489.93865966796875,274.13525390625
8933,357.968,488.2201843261719,271.4250183105469
8934,358.008,486.2665100097656,269.6815185546875
8935,358.048,485.4659118652344,271.31842041015625
8936,358.088,488.4923095703125,264.5709228515625
8937,358.128,493.61309814453125,260.38623046875
8938,358.168,494.9971923828125,259.10626220703125
8939,358.208,497.440673828125,252.0685577392578
8940,358.248,487.2186584472656,250.78274536132812
8941,358.288,488.5256042480469,249.47853088378906
8942,358.328,483.9010009765625,252.12171936035156
8943,358.368,485.7674255371094,250.28231811523438
8944,358.408,490.8528747558594,271.613525390625
8945,358.449,502.0475769042969,267.8747863769531
8946,358.489,504.3538513183594,266.2767333984375
8947,358.529,506.2321472167969,265.9947814941406
8948,358.569,503.76043701171875,268.5633239746094
8949,358.609,503.29388427734375,271.0294494628906
8950,358.649,503.0669860839844,269.7093811035156
8951,358.689,505.2615051269531,248.60540771484375
8952,358.729,514.92236328125,225.47543334960938
8953,358.769,481.5352478027344,256.1057434082031
8954,358.809,485.2547912597656,244.07870483398438
8955,358.849,481.307373046875,253.41192626953125
8956,358.889,479.8521423339844,250.21768188476562
8957,358.929,480.4146423339844,249.1726531982422
8958,358.969,480.8514099121094,247.39532470703125
8959,359.01,477.6356506347656,246.91600036621094
8960,359.05,482.35296630859375,259.31024169921875
8961,359.09,477.2076110839844,239.4962615966797
8962,359.13,473.4219665527344,238.8313446044922
8963,359.17,473.8460998535156,236.65345764160156
8964,359.21,469.5774841308594,228.62669372558594
8965,359.25,474.3769226074219,216.8719940185547
8966,359.29,509.11572265625,225.00648498535156
8967,359.33,505.20343017578125,226.02200317382812
8968,359.37,510.4220275878906,225.42176818847656
8969,359.41,516.794677734375,237.9862518310547
8970,359.45,512.9376831054688,227.62503051757812
8971,359.49,512.3358154296875,224.9635467529297
8972,359.53,500.50811767578125,239.33450317382812
8973,359.571,494.4652404785156,218.91571044921875
8974,359.611,493.8033752441406,214.32342529296875
8975,359.651,494.6457824707031,215.68988037109375
8976,359.691,495.1592712402344,218.31890869140625
8977,359.731,485.1085205078125,230.10638427734375
8978,359.771,482.27740478515625,254.5200958251953
8979,359.811,475.4746398925781,256.347412109375
8980,359.851,474.2730712890625,256.2081298828125
8981,359.891,475.2802734375,255.57997131347656
8982,359.931,475.3595275878906,254.65135192871094
8983,359.971,494.67584228515625,249.06163024902344
8984,360.011,510.1512145996094,253.42098999023438
8985,360.051,520.6915893554688,251.8018798828125
8986,360.092,526.230712890625,251.4181365966797
8987,360.132,513.3196411132812,249.89634704589844
8988,360.172,485.4461364746094,270.4868469238281
8989,360.212,489.9898376464844,256.7799987792969
8990,360.252,499.1847229003906,253.30935668945312
8991,360.292,509.41986083984375,242.7056427001953
8992,360.332,506.7138671875,232.8125
8993,360.372,511.4480895996094,216.60049438476562
8994,360.412,488.1600341796875,239.19985961914062
8995,360.452,487.5614929199219,238.13790893554688
8996,360.492,483.6423645019531,239.1307373046875
8997,360.532,483.35675048828125,238.96131896972656
8998,360.572,483.1926574707031,238.88198852539062
8999,360.612,539.2461547851562,196.74916076660156
9000,360.653,528.0045166015625,181.20947265625
9001,360.693,551.4176635742188,165.14022827148438
9002,360.733,502.447998046875,214.55625915527344
9003,360.773,487.86865234375,224.02066040039062
9004,360.813,483.4579772949219,228.76751708984375
9005,360.853,486.0928039550781,227.01361083984375
9006,360.893,500.67950439453125,240.44248962402344
9007,360.933,502.22882080078125,243.45547485351562
9008,360.973,501.53045654296875,243.87034606933594
9009,361.013,501.5137023925781,242.7728729248047
9010,361.053,499.98834228515625,238.21751403808594
9011,361.093,499.80413818359375,236.25160217285156
9012,361.133,499.92877197265625,234.5553436279297
9013,361.173,541.7742919921875,160.65167236328125
9014,361.214,499.163818359375,212.54156494140625
9015,361.254,494.683349609375,217.15277099609375
9016,361.294,486.5076599121094,223.80052185058594
9017,361.334,476.4002990722656,204.81773376464844
9018,361.374,476.6235656738281,202.8294677734375
9019,361.414,476.57940673828125,198.9661865234375
9020,361.454,476.4770202636719,190.79649353027344
9021,361.494,476.2950744628906,187.8527069091797
9022,361.534,475.66473388671875,183.16412353515625
9023,361.574,474.59576416015625,179.1490478515625
9024,361.614,474.4420166015625,177.06100463867188
9025,361.654,476.1274719238281,176.1575469970703
9026,361.694,479.3285217285156,176.8147430419922
9027,361.734,482.0824279785156,197.56617736816406
9028,361.775,481.7932434082031,198.3187255859375
9029,361.815,482.1091613769531,199.92233276367188
9030,361.855,483.09466552734375,198.8079833984375
9031,361.895,483.3876953125,197.71054077148438
9032,361.935,483.52294921875,197.2787322998047
9033,361.975,482.9481201171875,196.7895965576172
9034,362.015,483.80120849609375,196.35301208496094
9035,362.055,483.8073425292969,196.17691040039062
9036,362.095,483.9546203613281,196.0077362060547
9037,362.135,483.78912353515625,196.08802795410156
9038,362.175,482.92926025390625,195.6891632080078
9039,362.215,483.7967834472656,196.3407745361328
9040,362.255,484.2455139160156,196.6712646484375
9041,362.295,484.53289794921875,196.75213623046875
9042,362.336,483.6688537597656,196.685546875
9043,362.376,483.37078857421875,196.4387664794922
9044,362.416,483.9495544433594,196.26817321777344
9045,362.456,483.3681945800781,195.60574340820312
9046,362.496,483.3542175292969,195.51185607910156
9047,362.536,483.4889221191406,195.68014526367188
9048,362.576,484.65423583984375,196.23887634277344
9049,362.616,483.9642639160156,196.0943145751953
9050,362.656,482.9296569824219,196.35858154296875
9051,362.696,483.7646484375,195.8455352783203
9052,362.736,484.80670166015625,195.8217010498047
9053,362.776,484.390869140625,195.40878295898438
9054,362.816,483.0722351074219,195.5176544189453
9055,362.857,483.076904296875,196.18943786621094
9056,362.897,495.0751647949219,243.45968627929688
9057,362.937,499.73406982421875,241.28993225097656
9058,362.977,503.5137939453125,221.60665893554688
9059,363.017,504.70989990234375,214.23056030273438
9060,363.057,504.6497802734375,208.22325134277344
9061,363.097,499.6217041015625,233.54920959472656
9062,363.137,497.7535095214844,243.0195770263672
9063,363.177,478.2190856933594,238.11318969726562
9064,363.217,476.85662841796875,208.12387084960938
9065,363.257,476.397216796875,207.97657775878906
9066,363.297,476.2665710449219,208.140869140625
9067,363.337,476.2705993652344,209.1451873779297
9068,363.377,475.8177795410156,208.16238403320312
9069,363.418,479.1237487792969,208.0899200439453
9070,363.458,480.75421142578125,208.14114379882812
9071,363.498,481.47467041015625,207.62181091308594
9072,363.538,483.1750183105469,205.83493041992188
9073,363.578,500.2508239746094,193.8931121826172
9074,363.618,503.47283935546875,200.5132598876953
9075,363.658,503.30853271484375,199.0238037109375
9076,363.698,506.15576171875,189.54766845703125
9077,363.738,504.3040466308594,187.52378845214844
9078,363.778,504.8685302734375,187.5667724609375
9079,363.818,504.7959899902344,190.29698181152344
9080,363.858,490.9767150878906,197.9593505859375
9081,363.898,490.36712646484375,198.06358337402344
9082,363.938,489.646240234375,198.16514587402344
9083,363.979,488.6402282714844,198.35939025878906
9084,364.019,485.3111267089844,199.01065063476562
9085,364.059,483.31304931640625,200.1557159423828
9086,364.099,482.6925354003906,212.0593719482422
9087,364.139,486.02862548828125,233.03598022460938
9088,364.179,484.89892578125,233.91139221191406
9089,364.219,485.4889831542969,235.34498596191406
9090,364.259,485.4874572753906,234.91482543945312
9091,364.299,486.3649597167969,235.06719970703125
9092,364.339,485.35968017578125,235.9454345703125
9093,364.379,484.3495178222656,236.15087890625
9094,364.419,486.7732849121094,235.1087646484375
9095,364.459,490.983154296875,233.55316162109375
9096,364.499,498.33990478515625,241.95420837402344
9097,364.54,495.5794372558594,236.52203369140625
9098,364.58,494.921630859375,232.60853576660156
9099,364.62,500.0808410644531,238.62452697753906
9100,364.66,500.5992431640625,240.55661010742188
9101,364.7,502.2132568359375,241.04257202148438
9102,364.74,500.25927734375,237.95172119140625
9103,364.78,500.86224365234375,238.921142578125
9104,364.82,497.9010009765625,235.3015594482422
9105,364.86,495.1177062988281,233.7147216796875
9106,364.9,491.79034423828125,233.9171600341797
9107,364.94,480.74237060546875,241.00816345214844
9108,364.98,482.47540283203125,237.8877410888672
9109,365.02,480.5738525390625,237.22552490234375
9110,365.061,459.1274719238281,267.8174133300781
9111,365.101,456.8759765625,281.4022521972656
9112,365.141,459.9998779296875,280.03692626953125
9113,365.181,460.468994140625,279.1006774902344
9114,365.221,461.5228271484375,275.3087158203125
9115,365.261,468.1014709472656,266.9368896484375
9116,365.301,469.0784912109375,264.7425537109375
9117,365.341,482.8686218261719,259.28106689453125
9118,365.381,483.1766052246094,258.50799560546875
9119,365.421,483.2787170410156,254.84165954589844
9120,365.461,482.1002502441406,254.17701721191406
9121,365.501,479.7524108886719,252.50650024414062
9122,365.541,463.1539306640625,248.8876953125
9123,365.581,461.0862121582031,244.28627014160156
9124,365.622,456.46563720703125,241.3260955810547
9125,365.662,455.0491943359375,239.1220245361328
9126,365.702,452.55645751953125,236.94830322265625
9127,365.742,446.14068603515625,236.57020568847656
9128,365.782,445.6793212890625,234.39170837402344
9129,365.822,442.9059143066406,232.99093627929688
9130,365.862,438.00701904296875,218.3795166015625
9131,365.902,438.00946044921875,228.0633087158203
9132,365.942,448.231201171875,210.10263061523438
9133,365.982,445.3227844238281,192.01185607910156
9134,366.022,442.3372497558594,199.56008911132812
9135,366.062,442.1717529296875,201.13758850097656
9136,366.102,444.45855712890625,216.65609741210938
9137,366.142,438.7139892578125,226.32040405273438
9138,366.183,444.1008605957031,222.6766815185547
9139,366.223,445.54742431640625,223.06614685058594
9140,366.263,444.8374328613281,223.1727752685547
9141,366.303,438.6123046875,229.5941162109375
9142,366.343,436.5450439453125,230.97247314453125
9143,366.383,438.9085998535156,227.52108764648438
9144,366.423,440.0659484863281,229.114990234375
9145,366.463,441.5498352050781,231.79441833496094
9146,366.503,440.40924072265625,231.74996948242188
9147,366.543,442.55596923828125,235.1029510498047
9148,366.583,437.5100402832031,254.2882843017578
9149,366.623,441.0034484863281,249.2677001953125
9150,366.663,438.6441345214844,251.11593627929688
9151,366.703,440.30816650390625,250.3577880859375
9152,366.744,438.0699462890625,251.29310607910156
9153,366.784,438.5302429199219,253.477294921875
9154,366.824,441.4072570800781,252.2647247314453
9155,366.864,451.9455871582031,255.2293243408203
9156,366.904,449.7649841308594,250.19515991210938
9157,366.944,443.365478515625,249.3054656982422
9158,366.984,513.05859375,219.48504638671875
9159,367.024,450.420654296875,242.2954559326172
9160,367.064,464.4062805175781,240.50543212890625
9161,367.104,446.7896728515625,245.3135223388672
9162,367.144,441.451171875,254.5369110107422
9163,367.184,431.2483825683594,241.93130493164062
9164,367.224,433.5922546386719,247.54139709472656
9165,367.264,435.35955810546875,245.2178497314453
9166,367.305,438.4405822753906,248.7827911376953
9167,367.345,429.77490234375,257.567626953125
9168,367.385,433.7162170410156,256.50372314453125
9169,367.425,433.53179931640625,252.60353088378906
9170,367.465,471.486083984375,233.94647216796875
9171,367.505,462.53472900390625,241.6822052001953
9172,367.545,463.51580810546875,241.4772186279297
9173,367.585,461.0713806152344,244.09873962402344
9174,367.625,461.827880859375,246.16140747070312
9175,367.665,452.0127868652344,236.35928344726562
9176,367.705,450.3583068847656,228.1499786376953
9177,367.745,447.81170654296875,227.59759521484375
9178,367.785,451.7189025878906,227.53826904296875
9179,367.826,451.7080993652344,226.85964965820312
9180,367.866,452.56591796875,226.50286865234375
9181,367.906,453.44580078125,225.80882263183594
9182,367.946,454.0224609375,225.20086669921875
9183,367.986,454.3033447265625,225.43971252441406
9184,368.026,453.0359191894531,226.39608764648438
9185,368.066,451.3065185546875,227.44937133789062
9186,368.106,449.1259765625,228.84652709960938
9187,368.146,446.5256652832031,230.3473663330078
9188,368.186,448.228759765625,230.4851837158203
9189,368.226,447.5158996582031,231.2763214111328
9190,368.266,448.41986083984375,231.24562072753906
9191,368.306,447.38641357421875,231.18655395507812
9192,368.346,445.7941589355469,231.9081573486328
9193,368.387,445.64453125,231.4766082763672
9194,368.427,458.4883728027344,225.2415008544922
9195,368.467,462.8320617675781,217.48663330078125
9196,368.507,462.10125732421875,216.81417846679688
9197,368.547,460.6510009765625,216.49513244628906
9198,368.587,459.6258239746094,216.6878204345703
9199,368.627,460.93408203125,217.3410186767578
9200,368.667,460.65753173828125,218.69424438476562
9201,368.707,458.1032409667969,220.5252227783203
9202,368.747,456.17138671875,222.09738159179688
9203,368.787,454.4490661621094,222.89529418945312
9204,368.827,456.63287353515625,222.4320068359375
9205,368.867,455.5942077636719,222.62265014648438
9206,368.907,454.0368347167969,223.2328643798828
9207,368.948,444.5921936035156,251.56417846679688
9208,368.988,441.325439453125,249.78778076171875
9209,369.028,438.1016845703125,252.05027770996094
9210,369.068,441.8290100097656,248.84719848632812
9211,369.108,446.6266174316406,247.0309295654297
9212,369.148,447.6696472167969,247.01243591308594
9213,369.188,448.972412109375,246.73553466796875
9214,369.228,452.6015319824219,244.6051025390625
9215,369.268,453.5357666015625,249.22434997558594
9216,369.308,447.7237548828125,274.6573791503906
9217,369.348,452.0885925292969,275.3248291015625
9218,369.388,459.3414001464844,280.7909851074219
9219,369.428,462.4870300292969,279.614013671875
9220,369.468,466.8215026855469,279.00250244140625
9221,369.509,483.6552429199219,276.3451843261719
9222,369.549,477.86346435546875,280.3323059082031
9223,369.589,471.7353210449219,282.2090759277344
9224,369.629,457.3907165527344,288.38568115234375
9225,369.669,459.12890625,292.7262878417969
9226,369.709,454.2651062011719,295.06646728515625
9227,369.749,450.60711669921875,296.7516784667969
9228,369.789,454.7222595214844,296.75250244140625
9229,369.829,470.39068603515625,289.92303466796875
9230,369.869,470.91510009765625,287.63189697265625
9231,369.909,463.0837707519531,285.7635803222656
9232,369.949,452.6607666015625,288.6539001464844
9233,369.989,452.0759582519531,283.883056640625
9234,370.029,468.29937744140625,270.076416015625
9235,370.07,468.3111877441406,257.5884704589844
9236,370.11,466.9761962890625,258.5379333496094
9237,370.15,461.7691650390625,261.45904541015625
9238,370.19,446.258056640625,274.41815185546875
9239,370.23,447.7962951660156,272.90863037109375
9240,370.27,443.6748962402344,273.3336486816406
9241,370.31,442.8189697265625,271.9767761230469
9242,370.35,441.04833984375,271.47607421875
9243,370.39,441.3649597167969,269.971923828125
9244,370.43,440.5176696777344,271.2546081542969
9245,370.47,444.16778564453125,268.611328125
9246,370.51,449.6864929199219,262.7795104980469
9247,370.55,443.5279541015625,264.9739990234375
9248,370.591,453.6930236816406,254.66647338867188
9249,370.631,457.3811340332031,253.4727020263672
9250,370.671,458.2523498535156,253.3524169921875
9251,370.711,462.4765625,235.95281982421875
9252,370.751,468.66595458984375,264.25115966796875
9253,370.791,468.37420654296875,260.7333068847656
9254,370.831,475.91925048828125,241.5198516845703
9255,370.871,480.80108642578125,235.85256958007812
9256,370.911,482.91778564453125,229.1156463623047
9257,370.951,486.7771301269531,224.99513244628906
9258,370.991,495.9911193847656,237.48036193847656
9259,371.031,492.7798767089844,236.76416015625
9260,371.071,494.9822692871094,237.9582061767578
9261,371.111,485.43353271484375,228.7026824951172
9262,371.152,492.24432373046875,236.48260498046875
9263,371.192,491.95361328125,238.75050354003906
9264,371.232,471.21929931640625,212.45614624023438
9265,371.272,472.1878662109375,209.01202392578125
9266,371.312,472.3192443847656,205.72621154785156
9267,371.352,483.8705139160156,214.8831787109375
9268,371.392,490.42779541015625,227.91758728027344
9269,371.432,492.8336181640625,218.06689453125
9270,371.472,493.9728088378906,216.85533142089844
9271,371.512,491.0084228515625,210.4806671142578
9272,371.552,488.1715087890625,206.50299072265625
9273,371.592,486.7333679199219,212.988525390625
9274,371.632,489.1390075683594,222.85426330566406
9275,371.672,486.4620361328125,217.00706481933594
9276,371.713,491.12103271484375,224.76341247558594
9277,371.753,489.5744323730469,213.82447814941406
9278,371.793,486.32318115234375,231.0488739013672
9279,371.833,495.0251770019531,225.17794799804688
9280,371.873,496.8832092285156,228.85079956054688
9281,371.913,511.54248046875,222.4354705810547
9282,371.953,509.8283996582031,225.88394165039062
9283,371.993,534.900146484375,210.96121215820312
9284,372.033,544.1132202148438,208.5166778564453
9285,372.073,542.6607055664062,209.99205017089844
9286,372.113,540.5480346679688,212.1461639404297
9287,372.153,540.3890991210938,213.42454528808594
9288,372.193,540.5404052734375,213.2742919921875
9289,372.233,540.3714599609375,212.09478759765625
9290,372.274,507.2693786621094,259.0100402832031
9291,372.314,479.64935302734375,259.3993225097656
9292,372.354,483.78607177734375,255.837646484375
9293,372.394,485.3130187988281,242.37298583984375
9294,372.434,484.28472900390625,252.24050903320312
9295,372.474,431.3076171875,290.4634704589844
9296,372.514,445.4040832519531,277.87005615234375
9297,372.554,453.13397216796875,277.066162109375
9298,372.594,445.0666809082031,288.186767578125
9299,372.634,452.2559509277344,267.816650390625
9300,372.674,454.8997497558594,269.6210021972656
9301,372.714,486.4559020996094,275.0931396484375
9302,372.754,484.6003723144531,278.8336181640625
9303,372.794,494.19873046875,282.0086669921875
9304,372.835,455.9791564941406,280.6114807128906
9305,372.875,441.46844482421875,279.39544677734375
9306,372.915,458.5861511230469,275.4611511230469
9307,372.955,450.5248718261719,280.89202880859375
9308,372.995,456.0965881347656,273.42169189453125
9309,373.035,464.0265808105469,251.9314422607422
9310,373.075,468.20501708984375,243.45884704589844
9311,373.115,466.32000732421875,241.9663543701172
9312,373.155,466.9161071777344,243.417724609375
9313,373.195,474.6392517089844,235.0751953125
9314,373.235,480.5009765625,232.57762145996094
9315,373.275,479.8799743652344,249.72630310058594
9316,373.315,483.6995544433594,258.3370361328125
9317,373.356,484.8522644042969,250.95057678222656
9318,373.396,480.9364013671875,256.6028747558594
9319,373.436,477.00341796875,254.0959930419922
9320,373.476,476.6966857910156,256.7101135253906
9321,373.516,489.5978088378906,269.07122802734375
9322,373.556,493.90887451171875,246.06634521484375
9323,373.596,494.6343688964844,242.3928680419922
9324,373.636,495.52252197265625,242.6255645751953
9325,373.676,497.4295959472656,244.6198272705078
9326,373.716,514.2588500976562,235.86241149902344
9327,373.756,542.5557250976562,197.4452667236328
9328,373.796,539.3155517578125,194.52976989746094
9329,373.836,538.456787109375,194.79298400878906
9330,373.876,536.552490234375,195.60581970214844
9331,373.917,538.16748046875,185.6730499267578
9332,373.957,532.813232421875,194.18980407714844
9333,373.997,524.4570922851562,201.5312957763672
9334,374.037,514.85693359375,199.75985717773438
9335,374.077,504.5314636230469,196.61465454101562
9336,374.117,500.4759826660156,194.93960571289062
9337,374.157,492.7419128417969,192.6547393798828
9338,374.197,487.4010009765625,192.1723175048828
9339,374.237,482.2710266113281,189.83108520507812
9340,374.277,476.79266357421875,188.0947265625
9341,374.317,474.26190185546875,184.61703491210938
9342,374.357,478.56085205078125,192.18304443359375
9343,374.397,475.3521423339844,191.33258056640625
9344,374.437,477.7006530761719,186.59861755371094
9345,374.478,471.31927490234375,184.31687927246094
9346,374.518,447.8507385253906,169.89927673339844
9347,374.558,439.55755615234375,163.4940643310547
9348,374.598,434.3197021484375,158.79978942871094
9349,374.638,434.981689453125,152.7193603515625
9350,374.678,426.7305603027344,145.58274841308594
9351,374.718,423.3631286621094,143.84649658203125
9352,374.758,421.1825256347656,139.14260864257812
9353,374.798,420.27105712890625,135.73191833496094
9354,374.838,419.8624267578125,136.15594482421875
9355,374.878,423.53143310546875,132.0308074951172
9356,374.918,424.7082824707031,130.66819763183594
9357,374.958,426.12957763671875,129.1446075439453
9358,374.998,428.2851257324219,128.49911499023438
9359,375.039,431.0200500488281,127.78997802734375
9360,375.079,432.4598388671875,127.75965881347656
9361,375.119,433.4663391113281,127.57257080078125
9362,375.159,439.3669128417969,129.5327911376953
9363,375.199,447.4937744140625,147.4132537841797
9364,375.239,446.3408203125,147.17274475097656
9365,375.279,444.19866943359375,149.28668212890625
9366,375.319,445.30609130859375,148.6727294921875
9367,375.359,444.7606506347656,148.96334838867188
9368,375.399,444.6037292480469,148.04002380371094
9369,375.439,443.881103515625,147.47174072265625
9370,375.479,444.02593994140625,147.05691528320312
9371,375.519,442.1504211425781,147.16729736328125
9372,375.559,424.0654296875,157.21881103515625
9373,375.6,423.1560974121094,157.58314514160156
9374,375.64,422.585693359375,157.4255828857422
9375,375.68,421.8845520019531,157.435302734375
9376,375.72,424.1671142578125,157.54989624023438
9377,375.76,426.33599853515625,158.43801879882812
9378,375.8,427.2164001464844,159.16172790527344
9379,375.84,428.7912902832031,158.88809204101562
9380,375.88,428.80096435546875,158.47509765625
9381,375.92,429.08209228515625,157.38597106933594
9382,375.96,425.40728759765625,155.72630310058594
9383,376.0,413.0799560546875,161.70445251464844
9384,376.04,411.7854919433594,163.65634155273438
9385,376.08,410.34515380859375,164.6157684326172
9386,376.121,410.3266906738281,164.29873657226562
9387,376.161,410.3316650390625,163.62246704101562
9388,376.201,410.7596435546875,163.35543823242188
9389,376.241,412.77490234375,162.64480590820312
9390,376.281,414.66082763671875,163.9407958984375
9391,376.321,416.25177001953125,162.6536865234375
9392,376.361,417.9311828613281,166.12759399414062
9393,376.401,416.920166015625,170.21031188964844
9394,376.441,413.7187194824219,182.90005493164062
9395,376.481,415.0911560058594,184.606201171875
9396,376.521,416.6496276855469,184.35873413085938
9397,376.561,416.3808898925781,183.60585021972656
9398,376.601,441.5560302734375,183.64535522460938
9399,376.641,438.3992614746094,184.42916870117188
9400,376.682,438.7092590332031,184.306884765625
9401,376.722,438.1080627441406,183.2417449951172
9402,376.762,439.1125183105469,182.54171752929688
9403,376.802,440.1231689453125,182.6024169921875
9404,376.842,441.4356689453125,182.57290649414062
9405,376.882,437.4192810058594,181.94384765625
9406,376.922,436.7716979980469,178.74034118652344
9407,376.962,437.7571105957031,176.80255126953125
9408,377.002,437.32318115234375,174.7865447998047
9409,377.042,436.8467102050781,170.0988006591797
9410,377.082,435.0032958984375,139.3057098388672
9411,377.122,433.7793273925781,164.75177001953125
9412,377.162,433.1854248046875,167.12892150878906
9413,377.202,432.6692199707031,169.22999572753906
9414,377.243,431.7679138183594,169.8568572998047
9415,377.283,434.3886413574219,171.4110565185547
9416,377.323,454.8498229980469,154.18711853027344
9417,377.363,459.31964111328125,160.522705078125
9418,377.403,458.8846130371094,160.01422119140625
9419,377.443,455.505859375,161.9359893798828
9420,377.483,455.97552490234375,159.57810974121094
9421,377.523,456.69482421875,159.2264404296875
9422,377.563,458.71417236328125,158.76171875
9423,377.603,458.2911682128906,157.77520751953125
9424,377.643,456.2471923828125,156.64828491210938
9425,377.683,453.94207763671875,154.8690185546875
9426,377.723,452.1846618652344,155.0653076171875
9427,377.763,451.1700134277344,154.74278259277344
9428,377.804,450.45355224609375,154.92953491210938
9429,377.844,462.4096374511719,150.8311004638672
9430,377.884,476.48297119140625,147.5114288330078
9431,377.924,474.83953857421875,148.99240112304688
9432,377.964,473.3896179199219,150.28353881835938
9433,378.004,451.5379638671875,119.84500122070312
9434,378.044,448.52734375,130.5415496826172
9435,378.084,450.84979248046875,135.76026916503906
9436,378.124,454.21270751953125,150.4011993408203
9437,378.164,453.8048095703125,157.69976806640625
9438,378.204,440.2191162109375,159.88160705566406
9439,378.244,434.0790710449219,167.19161987304688
9440,378.284,433.9866943359375,170.66062927246094
9441,378.324,435.0978088378906,174.4060821533203
9442,378.365,438.1692199707031,175.1068572998047
9443,378.405,441.7803649902344,174.5933837890625
9444,378.445,441.9716491699219,177.52496337890625
9445,378.485,442.1414794921875,179.43199157714844
9446,378.525,455.24066162109375,235.0740509033203
9447,378.565,453.62921142578125,234.6442108154297
9448,378.605,452.0826110839844,259.1746826171875
9449,378.645,449.0149841308594,260.3744812011719
9450,378.685,435.73443603515625,263.28851318359375
9451,378.725,433.286865234375,252.07586669921875
9452,378.765,433.4595642089844,253.10548400878906
9453,378.805,438.45245361328125,246.06283569335938
9454,378.845,443.9517517089844,248.43202209472656
9455,378.886,432.04034423828125,249.2154541015625
9456,378.926,433.2440185546875,233.42466735839844
9457,378.966,432.0099792480469,234.54417419433594
9458,379.006,431.6377258300781,231.8426055908203
9459,379.046,432.3581848144531,231.9104766845703
9460,379.086,435.437255859375,234.36184692382812
9461,379.126,435.9325866699219,237.39976501464844
9462,379.166,442.3125915527344,230.97262573242188
9463,379.206,449.64013671875,223.8432159423828
9464,379.246,446.0402526855469,232.04830932617188
9465,379.286,446.1814880371094,233.1027069091797
9466,379.326,445.1814880371094,236.14471435546875
9467,379.366,446.1241455078125,237.56365966796875
9468,379.406,432.3582763671875,244.7291717529297
9469,379.447,446.8388671875,240.17153930664062
9470,379.487,445.0301818847656,245.69964599609375
9471,379.527,449.3724060058594,244.4923553466797
9472,379.567,434.1725158691406,222.13284301757812
9473,379.607,437.3250732421875,225.41197204589844
9474,379.647,429.2025146484375,258.64178466796875
9475,379.687,421.9723205566406,267.9020690917969
9476,379.727,414.9263610839844,273.9519958496094
9477,379.767,402.56201171875,270.4839172363281
9478,379.807,389.7607727050781,270.0643615722656
9479,379.847,393.8668212890625,277.92694091796875
9480,379.887,401.1182861328125,267.0938720703125
9481,379.927,404.4540710449219,270.4661560058594
9482,379.967,404.01861572265625,268.9105529785156
9483,380.008,387.7412109375,289.44146728515625
9484,380.048,395.0459289550781,288.13848876953125
9485,380.088,399.80352783203125,288.3421936035156
9486,380.128,392.3659362792969,289.9585876464844
9487,380.168,396.1806640625,287.6353454589844
9488,380.208,397.01312255859375,288.9332580566406
9489,380.248,397.30316162109375,287.5821228027344
9490,380.288,397.8974609375,287.5887756347656
9491,380.328,405.80987548828125,294.2187805175781
9492,380.368,406.52618408203125,295.5861511230469
9493,380.408,409.9785461425781,297.7290344238281
9494,380.448,433.7774353027344,284.7131652832031
9495,380.488,453.2577209472656,286.5169677734375
9496,380.528,451.38250732421875,286.2001953125
9497,380.569,451.849609375,286.81036376953125
9498,380.609,459.3994140625,283.1537780761719
9499,380.649,438.3291320800781,259.0446472167969
9500,380.689,432.43603515625,272.47247314453125
9501,380.729,430.23272705078125,267.83709716796875
9502,380.769,418.71728515625,276.8632507324219
9503,380.809,435.1164855957031,268.1935729980469
9504,380.849,440.9956359863281,267.1235046386719
9505,380.889,441.9089660644531,263.1551818847656
9506,380.929,386.4904479980469,268.1745910644531
9507,380.969,383.4248962402344,272.79949951171875
9508,381.009,376.8753967285156,277.4041748046875
9509,381.049,378.5228576660156,276.4584045410156
9510,381.09,381.1590881347656,275.87664794921875
9511,381.13,391.2232971191406,264.30059814453125
9512,381.17,394.84600830078125,261.5932922363281
9513,381.21,392.3213195800781,265.2499084472656
9514,381.25,398.8518371582031,265.5819091796875
9515,381.29,398.74267578125,275.48779296875
9516,381.33,396.9530944824219,274.346435546875
9517,381.37,431.83160400390625,260.9873962402344
9518,381.41,434.6640930175781,244.46031188964844
9519,381.45,434.3472900390625,241.98768615722656
9520,381.49,425.67041015625,237.09263610839844
9521,381.53,405.4440002441406,261.3089904785156
9522,381.57,418.8362121582031,250.4351348876953
9523,381.61,422.0980224609375,268.4879150390625
9524,381.651,419.99578857421875,262.5539245605469
9525,381.691,414.939453125,260.17724609375
9526,381.731,428.9145812988281,271.755859375
9527,381.771,458.5281677246094,275.5942077636719
9528,381.811,455.7690124511719,262.91259765625
9529,381.851,431.718017578125,251.03402709960938
9530,381.891,432.6604309082031,249.2847900390625
9531,381.931,432.0708923339844,249.10629272460938
9532,381.971,436.7552795410156,244.13949584960938
9533,382.011,434.2330017089844,240.57052612304688
9534,382.051,434.9073486328125,240.6122589111328
9535,382.091,436.2322692871094,241.6240997314453
9536,382.131,438.1311950683594,240.90000915527344
9537,382.171,440.0096435546875,239.27767944335938
9538,382.212,439.38568115234375,244.10226440429688
9539,382.252,436.9940185546875,244.07025146484375
9540,382.292,438.1581115722656,245.2367401123047
9541,382.332,444.3233642578125,243.34632873535156
9542,382.372,442.270751953125,242.86439514160156
9543,382.412,449.02520751953125,236.34681701660156
9544,382.452,449.8837585449219,235.06414794921875
9545,382.492,452.3158264160156,232.0309600830078
9546,382.532,453.5013732910156,230.99017333984375
9547,382.572,453.2158203125,230.72885131835938
9548,382.612,454.22821044921875,229.94656372070312
9549,382.652,453.62841796875,229.961181640625
9550,382.692,453.6362609863281,227.75396728515625
9551,382.732,453.60919189453125,227.1604766845703
9552,382.773,456.4452819824219,222.88433837890625
9553,382.813,459.7945861816406,221.2782745361328
9554,382.853,462.69305419921875,220.7882080078125
9555,382.893,457.0064392089844,217.11181640625
9556,382.933,456.4255676269531,215.58270263671875
9557,382.973,459.1294250488281,216.64859008789062
9558,383.013,460.7789001464844,218.0265655517578
9559,383.053,462.5346374511719,217.29116821289062
9560,383.093,465.0827331542969,201.3292236328125
9561,383.133,460.99896240234375,207.8734893798828
9562,383.173,459.0883483886719,206.727294921875
9563,383.213,461.7000427246094,205.48899841308594
9564,383.253,461.9753112792969,204.0724639892578
9565,383.293,464.1293029785156,204.01123046875
9566,383.334,463.85235595703125,203.34153747558594
9567,383.374,463.27447509765625,203.26893615722656
9568,383.414,460.0520324707031,202.07382202148438
9569,383.454,464.3616638183594,200.30064392089844
9570,383.494,468.98272705078125,199.3428497314453
9571,383.534,469.48626708984375,197.90382385253906
9572,383.574,461.7315368652344,200.84349060058594
9573,383.614,462.8185729980469,201.06942749023438
9574,383.654,472.1064453125,200.91357421875
9575,383.694,506.7268371582031,200.43075561523438
9576,383.734,522.821044921875,199.60211181640625
9577,383.774,534.8297119140625,198.09756469726562
9578,383.814,496.0774841308594,197.78770446777344
9579,383.855,488.8031311035156,195.67257690429688
9580,383.895,470.051513671875,200.51171875
9581,383.935,475.4659729003906,196.99705505371094
9582,383.975,499.15228271484375,192.10719299316406
9583,384.015,557.6724243164062,189.5194854736328
9584,384.055,534.5761108398438,194.18185424804688
9585,384.095,498.8597106933594,195.52352905273438
9586,384.135,484.1003723144531,196.4860382080078
9587,384.175,475.0962829589844,196.86138916015625
9588,384.215,474.6788330078125,196.28480529785156
9589,384.255,467.3937683105469,200.9937286376953
9590,384.295,465.4262390136719,201.52224731445312
9591,384.335,471.291259765625,183.73638916015625
9592,384.375,471.2939147949219,182.550048828125
9593,384.416,483.6532287597656,194.45843505859375
9594,384.456,484.6835632324219,195.5762481689453
9595,384.496,484.5340576171875,195.5744171142578
9596,384.536,483.7996520996094,195.91929626464844
9597,384.576,485.12066650390625,197.24105834960938
9598,384.616,484.24920654296875,197.26141357421875
9599,384.656,484.4083557128906,197.34983825683594
9600,384.696,483.81658935546875,197.1884002685547
9601,384.736,484.68231201171875,197.99432373046875
9602,384.776,484.2662048339844,198.52847290039062
9603,384.816,529.9560546875,197.0359649658203
9604,384.856,547.1839599609375,195.64573669433594
9605,384.896,570.0942993164062,193.66978454589844
9606,384.936,573.0189208984375,193.2797393798828
9607,384.977,508.7235412597656,212.54837036132812
9608,385.017,495.1609802246094,195.6215057373047
9609,385.057,472.6116027832031,196.4041290283203
9610,385.097,471.16314697265625,196.6097869873047
9611,385.137,463.6609191894531,199.9382781982422
9612,385.177,464.7552490234375,193.13595581054688
9613,385.217,470.78564453125,198.54440307617188
9614,385.257,469.1640319824219,198.08642578125
9615,385.297,472.3501281738281,198.68836975097656
9616,385.337,472.7716064453125,197.85118103027344
9617,385.377,474.3965759277344,197.30706787109375
9618,385.417,467.4878845214844,195.46018981933594
9619,385.457,459.9580078125,192.46141052246094
9620,385.497,459.5225524902344,192.46055603027344
9621,385.538,458.4765930175781,192.81399536132812
9622,385.578,456.924560546875,193.4427032470703
9623,385.618,456.932861328125,192.61021423339844
9624,385.658,457.301025390625,191.01287841796875
9625,385.698,459.1867370605469,188.95445251464844
9626,385.738,460.3038330078125,186.07418823242188
9627,385.778,443.5266418457031,183.88368225097656
9628,385.818,442.59857177734375,182.97625732421875
9629,385.858,442.137451171875,181.39974975585938
9630,385.898,442.86798095703125,181.12298583984375
9631,385.938,442.8679504394531,181.11810302734375
9632,385.978,443.6014404296875,182.6122283935547
9633,386.018,443.0914611816406,173.5748748779297
9634,386.058,443.96185302734375,172.8206024169922
9635,386.099,445.32489013671875,180.87501525878906
9636,386.139,444.6435241699219,181.91949462890625
9637,386.179,432.36358642578125,187.89614868164062
9638,386.219,430.90643310546875,189.18270874023438
9639,386.259,429.4566650390625,188.6262664794922
9640,386.299,428.5858154296875,187.89720153808594
9641,386.339,428.2802734375,186.29884338378906
9642,386.379,426.8526306152344,182.75457763671875
9643,386.419,426.3692626953125,180.56936645507812
9644,386.459,426.9242248535156,178.27737426757812
9645,386.499,426.6180725097656,177.09954833984375
9646,386.539,426.7733459472656,178.00442504882812
9647,386.579,427.5500183105469,166.1035919189453
9648,386.62,432.8630676269531,176.0171356201172
9649,386.66,466.0526428222656,171.2799072265625
9650,386.7,465.7814025878906,169.92770385742188
9651,386.74,465.2205810546875,171.17674255371094
9652,386.78,465.9487609863281,171.9110870361328
9653,386.82,467.12188720703125,172.81378173828125
9654,386.86,459.9048156738281,174.29251098632812
9655,386.9,457.9165954589844,174.44189453125
9656,386.94,456.2438659667969,174.07916259765625
9657,386.98,455.9716796875,173.3229217529297
9658,387.02,456.2430419921875,171.54246520996094
9659,387.06,455.2321472167969,170.1438446044922
9660,387.1,456.3763732910156,170.0217742919922
9661,387.14,454.8003845214844,170.38710021972656
9662,387.181,455.3642578125,170.13868713378906
9663,387.221,456.2368469238281,170.12063598632812
9664,387.261,455.3590393066406,168.79617309570312
9665,387.301,454.9154052734375,167.03970336914062
9666,387.341,453.9891662597656,162.9286346435547
9667,387.381,460.2919921875,155.09803771972656
9668,387.421,467.88836669921875,153.32119750976562
9669,387.461,469.3421630859375,151.54808044433594
9670,387.501,471.0478515625,150.23924255371094
9671,387.541,472.94635009765625,152.24664306640625
9672,387.581,474.6786193847656,152.0873260498047
9673,387.621,474.2897033691406,153.3207550048828
9674,387.661,478.73394775390625,147.40869140625
9675,387.701,538.382080078125,149.3513946533203
9676,387.742,540.5403442382812,146.79080200195312
9677,387.782,536.8157348632812,140.61343383789062
9678,387.822,536.1493530273438,137.4951934814453
9679,387.862,539.451904296875,130.43849182128906
9680,387.902,507.09637451171875,160.99264526367188
9681,387.942,469.1829528808594,165.8277130126953
9682,387.982,470.230224609375,166.22210693359375
9683,388.022,468.97113037109375,167.0610809326172
9684,388.062,468.361572265625,167.327392578125
9685,388.102,467.7915344238281,168.10260009765625
9686,388.142,468.38116455078125,169.00929260253906
9687,388.182,467.95953369140625,170.10955810546875
9688,388.222,467.8086242675781,169.9427032470703
9689,388.262,467.5284423828125,169.29776000976562
9690,388.303,466.35491943359375,169.068359375
9691,388.343,463.8959655761719,167.36550903320312
9692,388.383,463.6932067871094,165.936767578125
9693,388.423,499.45977783203125,176.09239196777344
9694,388.463,499.6387939453125,176.6689453125
9695,388.503,498.6631164550781,177.59548950195312
9696,388.543,499.6712341308594,179.36264038085938
9697,388.583,499.94647216796875,178.94187927246094
9698,388.623,502.9477844238281,176.89891052246094
9699,388.663,504.5379943847656,175.23939514160156
9700,388.703,503.96221923828125,174.1555633544922
9701,388.743,501.2158508300781,174.12359619140625
9702,388.783,482.0935974121094,189.25340270996094
9703,388.823,479.2552490234375,191.04710388183594
9704,388.864,477.6640319824219,191.16156005859375
9705,388.904,475.9414978027344,191.3653564453125
9706,388.944,470.26324462890625,190.98670959472656
9707,388.984,469.819091796875,191.32525634765625
9708,389.024,472.23260498046875,190.68878173828125
9709,389.064,512.135009765625,191.2732391357422
9710,389.104,510.4381103515625,190.4903564453125
9711,389.144,511.4532165527344,190.38772583007812
9712,389.184,515.9097900390625,189.3918914794922
9713,389.224,514.966552734375,184.48216247558594
9714,389.264,508.96282958984375,182.5591278076172
9715,389.304,485.5176086425781,182.09844970703125
9716,389.344,484.05059814453125,180.8634796142578
9717,389.385,483.154541015625,179.54539489746094
9718,389.425,482.2649841308594,178.380859375
9719,389.465,482.8306579589844,177.9445037841797
9720,389.505,483.4140319824219,177.2609100341797
9721,389.545,482.9878845214844,177.59815979003906
9722,389.585,483.6797790527344,178.9149932861328
9723,389.625,483.87066650390625,179.5135040283203
9724,389.665,477.36578369140625,187.341064453125
9725,389.705,464.5188903808594,195.31585693359375
9726,389.745,461.1583557128906,194.53250122070312
9727,389.785,457.9331359863281,193.94691467285156
9728,389.825,459.5111999511719,192.978271484375
9729,389.865,449.6971740722656,185.91612243652344
9730,389.905,445.93206787109375,183.90591430664062
9731,389.946,445.35821533203125,181.7701873779297
9732,389.986,444.5881042480469,179.4996337890625
9733,390.026,444.7243347167969,175.71380615234375
9734,390.066,426.2245178222656,175.09022521972656
9735,390.106,425.3080139160156,174.20413208007812
9736,390.146,424.7101135253906,172.634033203125
9737,390.186,423.547119140625,172.46853637695312
9738,390.226,420.5282287597656,172.93783569335938
9739,390.266,418.9383544921875,175.31991577148438
9740,390.306,419.6391906738281,173.65826416015625
9741,390.346,419.78753662109375,172.87669372558594
9742,390.386,418.9236755371094,172.89698791503906
9743,390.426,420.259521484375,173.29562377929688
9744,390.466,423.9776611328125,173.19186401367188
9745,390.507,424.7015380859375,173.86436462402344
9746,390.547,426.4524230957031,174.07957458496094
9747,390.587,427.01898193359375,172.90914916992188
9748,390.627,426.69622802734375,160.8160858154297
9749,390.667,427.33868408203125,156.59213256835938
9750,390.707,428.8727111816406,151.86431884765625
9751,390.747,419.82965087890625,166.3089141845703
9752,390.787,403.9963073730469,177.55987548828125
9753,390.827,416.2859802246094,170.783447265625
9754,390.867,409.3369445800781,175.36521911621094
9755,390.907,404.0090026855469,178.55628967285156
9756,390.947,404.4710388183594,179.13392639160156
9757,390.987,405.18798828125,178.54412841796875
9758,391.027,405.35107421875,178.88360595703125
9759,391.068,406.3531188964844,178.27084350585938
9760,391.108,406.0732421875,178.5258331298828
9761,391.148,406.4989929199219,178.51458740234375
9762,391.188,406.4948425292969,178.51956176757812
9763,391.228,408.6558532714844,178.13449096679688
9764,391.268,410.6864318847656,178.09011840820312
9765,391.308,413.7235412597656,179.10325622558594
9766,391.348,413.7505798339844,180.20330810546875
9767,391.388,428.7425842285156,195.8174285888672
9768,391.428,430.7401123046875,204.26731872558594
9769,391.468,430.4248046875,203.18411254882812
9770,391.508,431.29541015625,203.07701110839844
9771,391.548,432.73895263671875,203.0401153564453
9772,391.588,434.62139892578125,199.61964416503906
9773,391.629,434.64599609375,202.77003479003906
9774,391.669,435.64276123046875,203.99087524414062
9775,391.709,436.6892395019531,205.59043884277344
9776,391.749,439.0217590332031,206.03707885742188
9777,391.789,490.6260986328125,211.2201690673828
9778,391.829,447.2428894042969,192.80360412597656
9779,391.869,444.3417663574219,199.23536682128906
9780,391.909,439.11224365234375,205.5335235595703
9781,391.949,439.7359619140625,206.08480834960938
9782,391.989,440.1931457519531,191.38914489746094
9783,392.029,442.2007751464844,175.86558532714844
9784,392.069,449.6162109375,174.98973083496094
9785,392.109,451.2786865234375,184.75283813476562
9786,392.15,451.88433837890625,183.07090759277344
9787,392.19,453.9002990722656,185.08877563476562
9788,392.23,449.1294860839844,171.84764099121094
9789,392.27,453.5680236816406,178.72901916503906
9790,392.31,455.32275390625,181.96022033691406
9791,392.35,455.0395202636719,181.78831481933594
9792,392.39,455.7615661621094,181.11126708984375
9793,392.43,455.7765808105469,180.9258575439453
9794,392.47,447.120849609375,185.2309112548828
9795,392.51,444.4579772949219,177.84970092773438
9796,392.55,445.6058044433594,180.81698608398438
9797,392.59,440.8331604003906,162.92684936523438
9798,392.63,445.380126953125,173.28990173339844
9799,392.67,443.1340637207031,178.90066528320312
9800,392.711,443.37738037109375,170.77830505371094
9801,392.751,437.94464111328125,179.9579620361328
9802,392.791,436.3598937988281,179.9931182861328
9803,392.831,439.15966796875,169.81417846679688
9804,392.871,439.10797119140625,165.6394500732422
9805,392.911,442.8548278808594,161.18106079101562
9806,392.951,443.9359436035156,172.26365661621094
9807,392.991,444.8703308105469,177.2558135986328
9808,393.031,442.98016357421875,161.3773956298828
9809,393.071,444.5398864746094,174.1132049560547
9810,393.111,444.8470153808594,175.12890625
9811,393.151,434.4759521484375,189.9634246826172
9812,393.191,433.2344970703125,189.1348114013672
9813,393.231,433.6717529296875,188.8759307861328
9814,393.272,433.9435119628906,188.6972198486328
9815,393.312,435.8273620605469,187.48846435546875
9816,393.352,419.7069091796875,195.99378967285156
9817,393.392,420.6501770019531,196.5482635498047
9818,393.432,422.38775634765625,196.0096435546875
9819,393.472,421.6903381347656,195.77127075195312
9820,393.512,419.9154357910156,195.0497589111328
9821,393.552,421.649658203125,194.01353454589844
9822,393.592,419.2920227050781,185.180908203125
9823,393.632,416.83721923828125,181.55575561523438
9824,393.672,416.50537109375,180.0819854736328
9825,393.712,415.92376708984375,179.66712951660156
9826,393.752,416.47808837890625,178.99171447753906
9827,393.792,417.2063293457031,178.2908935546875
9828,393.833,418.36517333984375,177.6895294189453
9829,393.873,418.93536376953125,176.91799926757812
9830,393.913,420.789306640625,175.79197692871094
9831,393.953,423.9808044433594,173.033935546875
9832,393.993,425.1400146484375,173.25399780273438
9833,394.033,427.3153076171875,173.8867645263672
9834,394.073,427.3331604003906,174.6383819580078
9835,394.113,425.4768371582031,175.27581787109375
9836,394.153,426.7546081542969,175.91529846191406
9837,394.193,427.7469482421875,175.3102569580078
9838,394.233,429.0646667480469,174.44952392578125
9839,394.273,429.4837646484375,173.518798828125
9840,394.313,428.76849365234375,173.52386474609375
9841,394.354,428.9102478027344,173.6934356689453
9842,394.394,429.3371887207031,173.26797485351562
9843,394.434,429.4854431152344,173.17381286621094
9844,394.474,429.34619140625,174.5128936767578
9845,394.514,429.48626708984375,174.45057678222656
9846,394.554,430.3588562011719,174.99981689453125
9847,394.594,489.18182373046875,146.84938049316406
9848,394.634,521.1570434570312,142.3524932861328
9849,394.674,512.7900390625,112.94806671142578
9850,394.714,508.5765380859375,135.6552734375
9851,394.754,508.2149658203125,140.8411865234375
9852,394.794,507.47918701171875,141.03770446777344
9853,394.834,507.81219482421875,144.29190063476562
9854,394.874,510.33392333984375,131.46400451660156
9855,394.915,510.6944885253906,126.3264389038086
9856,394.955,508.96502685546875,142.80770874023438
9857,394.995,507.1692810058594,148.97731018066406
9858,395.035,506.5512390136719,146.75274658203125
9859,395.075,505.4240417480469,147.52200317382812
9860,395.115,500.9605712890625,148.351318359375
9861,395.155,497.79254150390625,148.29190063476562
9862,395.195,497.3010559082031,145.54554748535156
9863,395.235,495.47125244140625,149.3956756591797
9864,395.275,493.3917541503906,153.7707061767578
9865,395.315,491.99981689453125,157.24398803710938
9866,395.355,487.6585693359375,179.58616638183594
9867,395.395,487.1184997558594,166.6287078857422
9868,395.435,426.62506103515625,199.668212890625
9869,395.476,419.2272033691406,206.02210998535156
9870,395.516,417.4431457519531,205.74549865722656
9871,395.556,416.6813049316406,208.35150146484375
9872,395.596,412.8448181152344,208.54629516601562
9873,395.636,382.05706787109375,204.05160522460938
9874,395.676,383.8835144042969,199.4447479248047
9875,395.716,378.336181640625,202.22900390625
9876,395.756,376.58734130859375,202.4260711669922
9877,395.796,377.1571350097656,200.90208435058594
9878,395.836,390.4236755371094,191.8916015625
9879,395.876,390.6280822753906,191.35951232910156
9880,395.916,387.7260437011719,191.5155029296875
9881,395.956,389.7275695800781,190.78440856933594
9882,395.996,391.0547790527344,190.02468872070312
9883,396.037,394.65069580078125,187.0780792236328
9884,396.077,392.93682861328125,186.7895050048828
9885,396.117,381.8006286621094,193.04295349121094
9886,396.157,388.2662353515625,190.08087158203125
9887,396.197,391.1754455566406,187.4906768798828
9888,396.237,394.4726867675781,185.9346923828125
9889,396.277,395.9544372558594,185.86273193359375
9890,396.317,394.66363525390625,185.90396118164062
9891,396.357,396.11016845703125,185.36036682128906
9892,396.397,398.2438049316406,185.0717010498047
9893,396.437,400.1383972167969,183.77040100097656
9894,396.477,399.73175048828125,182.27484130859375
9895,396.517,399.8454284667969,179.67823791503906
9896,396.557,398.25848388671875,178.85508728027344
9897,396.598,397.5408630371094,178.19161987304688
9898,396.638,396.372802734375,177.64825439453125
9899,396.678,412.5280456542969,170.10012817382812
9900,396.718,390.5203552246094,200.01870727539062
9901,396.758,390.6481018066406,199.8524169921875
9902,396.798,390.3029479980469,190.22857666015625
9903,396.838,392.2470397949219,199.56686401367188
9904,396.878,394.8492736816406,199.4414520263672
9905,396.918,394.99456787109375,199.52029418945312
9906,396.958,396.26788330078125,199.94252014160156
9907,396.998,455.9656066894531,160.47482299804688
9908,397.038,454.8763122558594,150.15982055664062
9909,397.078,455.30615234375,149.40518188476562
9910,397.119,454.4118957519531,146.246826171875
9911,397.159,453.5668640136719,147.9384765625
9912,397.199,452.5850524902344,152.56631469726562
9913,397.239,452.2529602050781,161.58648681640625
9914,397.279,452.5840148925781,167.9603271484375
9915,397.319,428.30133056640625,162.25814819335938
9916,397.359,418.2576599121094,160.43182373046875
9917,397.399,417.9966125488281,163.01112365722656
9918,397.439,418.29010009765625,165.850830078125
9919,397.479,417.88934326171875,169.287841796875
9920,397.519,418.1899719238281,171.88983154296875
9921,397.559,415.89862060546875,173.79026794433594
9922,397.599,413.3351135253906,172.04884338378906
9923,397.639,380.3861389160156,191.15562438964844
9924,397.68,380.4872741699219,192.6493377685547
9925,397.72,379.48681640625,193.4221649169922
9926,397.76,379.6167907714844,194.61463928222656
9927,397.8,378.7473449707031,194.7142333984375
9928,397.84,403.93841552734375,182.06752014160156
9929,397.88,410.8522033691406,175.64268493652344
9930,397.92,409.56005859375,175.1664581298828
9931,397.96,410.23822021484375,177.0017852783203
9932,398.0,408.75543212890625,170.97305297851562
9933,398.04,413.028076171875,183.60670471191406
9934,398.08,416.7289733886719,193.6826629638672
9935,398.12,415.4814758300781,202.423828125
9936,398.16,414.48974609375,205.3226318359375
9937,398.2,415.1978454589844,208.87876892089844
9938,398.241,412.9445495605469,218.60975646972656
9939,398.281,409.7656555175781,223.95263671875
9940,398.321,409.92266845703125,226.25547790527344
9941,398.361,410.2134094238281,228.69935607910156
9942,398.401,412.6651306152344,230.6764678955078
9943,398.441,413.5791931152344,232.6732940673828
9944,398.481,404.531982421875,239.29598999023438
9945,398.521,416.4804382324219,232.05963134765625
9946,398.561,416.013671875,227.55393981933594
9947,398.601,423.73602294921875,229.1188507080078
9948,398.641,430.1456298828125,228.1662139892578
9949,398.681,422.3264465332031,234.4340362548828
9950,398.721,427.5633850097656,244.04312133789062
9951,398.761,424.1791076660156,247.65911865234375
9952,398.802,405.8975830078125,222.3820343017578
9953,398.842,405.1070251464844,237.50177001953125
9954,398.882,397.27996826171875,241.8620147705078
9955,398.922,399.2590637207031,246.1804962158203
9956,398.962,390.64727783203125,261.9731750488281
9957,399.002,378.1917724609375,273.103271484375
9958,399.042,392.6044616699219,279.69915771484375
9959,399.082,421.4955749511719,281.78460693359375
9960,399.122,416.6529235839844,274.3052978515625
9961,399.162,414.42266845703125,288.82269287109375
9962,399.202,419.362548828125,284.38006591796875
9963,399.242,421.53607177734375,230.08860778808594
9964,399.282,408.3904113769531,241.61595153808594
9965,399.322,406.1167907714844,240.07574462890625
9966,399.363,402.29425048828125,242.845947265625
9967,399.403,397.53173828125,240.88302612304688
9968,399.443,408.9569396972656,236.24111938476562
9969,399.483,407.3106689453125,223.3719940185547
9970,399.523,400.74066162109375,231.86605834960938
9971,399.563,384.5552062988281,234.7150115966797
9972,399.603,390.5354919433594,231.63092041015625
9973,399.643,391.11126708984375,241.9974822998047
9974,399.683,386.0813903808594,235.92291259765625
9975,399.723,407.5036926269531,211.0243682861328
9976,399.763,403.8542785644531,222.02967834472656
9977,399.803,412.8758850097656,208.5316619873047
9978,399.843,415.9031677246094,205.47923278808594
9979,399.884,419.509521484375,202.78643798828125
9980,399.924,414.7792663574219,217.6197967529297
9981,399.964,409.4344482421875,221.16415405273438
9982,400.004,441.4541320800781,196.53585815429688
9983,400.044,414.5316162109375,219.025390625
9984,400.084,418.43511962890625,218.3833465576172
9985,400.124,410.66839599609375,219.666748046875
9986,400.164,405.0308532714844,224.75332641601562
9987,400.204,403.1695861816406,232.2543487548828
9988,400.244,404.262451171875,225.20018005371094
9989,400.284,415.84820556640625,234.79473876953125
9990,400.324,411.0816650390625,245.02394104003906
9991,400.364,416.3337707519531,229.72543334960938
9992,400.404,420.94775390625,240.07176208496094
9993,400.445,421.4415588378906,230.47848510742188
9994,400.485,421.97869873046875,232.48394775390625
9995,400.525,424.6546936035156,227.41665649414062
9996,400.565,426.2537536621094,225.5673370361328
9997,400.605,416.4487609863281,220.09959411621094
9998,400.645,394.4656982421875,212.08956909179688
9999,400.685,396.2904357910156,216.25205993652344
10000,400.725,392.9425354003906,218.66305541992188
10001,400.765,391.774169921875,222.7440643310547
10002,400.805,392.9249572753906,204.1766357421875
10003,400.845,384.6255187988281,182.3872833251953
10004,400.885,389.8825378417969,174.32421875
10005,400.925,387.2523193359375,174.42550659179688
10006,400.965,386.81610107421875,173.89920043945312
10007,401.006,382.9275207519531,175.0230255126953
10008,401.046,382.349853515625,175.71304321289062
10009,401.086,380.0600280761719,174.7422637939453
10010,401.126,372.96826171875,179.16592407226562
10011,401.166,367.1902770996094,185.74984741210938
10012,401.206,369.8913879394531,184.29055786132812
10013,401.246,375.185791015625,179.8494415283203
10014,401.286,379.18536376953125,178.9452667236328
10015,401.326,379.65863037109375,177.4591064453125
10016,401.366,386.93609619140625,176.0396270751953
10017,401.406,411.9908752441406,175.44998168945312
10018,401.446,401.71142578125,179.9235076904297
10019,401.486,399.6659240722656,176.8082275390625
10020,401.526,397.0885009765625,175.72865295410156
10021,401.567,396.8612060546875,173.22740173339844
10022,401.607,397.49920654296875,171.63206481933594
10023,401.647,398.2537841796875,170.54515075683594
10024,401.687,397.3284606933594,168.5547637939453
10025,401.727,397.90203857421875,168.30224609375
10026,401.767,414.4638671875,173.14157104492188
10027,401.807,420.8276062011719,173.5640106201172
10028,401.847,422.16864013671875,173.33541870117188
10029,401.887,423.7396240234375,174.22543334960938
10030,401.927,425.6228332519531,174.6997833251953
10031,401.967,424.16925048828125,150.60462951660156
10032,402.007,429.2979736328125,140.70274353027344
10033,402.047,426.8151550292969,141.81198120117188
10034,402.087,427.68109130859375,141.58619689941406
10035,402.128,427.1891174316406,143.1011962890625
10036,402.168,428.0760192871094,142.87841796875
10037,402.208,428.22003173828125,143.05056762695312
10038,402.248,428.9167175292969,143.58444213867188
10039,402.288,429.8124084472656,142.67764282226562
10040,402.328,436.431640625,140.28598022460938
10041,402.368,458.7346496582031,140.57403564453125
10042,402.408,458.92486572265625,126.08060455322266
10043,402.448,460.8946533203125,109.29913330078125
10044,402.488,459.4339294433594,109.4220962524414
10045,402.528,459.1462097167969,122.91802978515625
10046,402.568,460.2736511230469,134.1870574951172
10047,402.608,458.2808532714844,132.3244171142578
10048,402.649,464.7757263183594,135.10098266601562
10049,402.689,461.24560546875,143.35987854003906
10050,402.729,463.20196533203125,142.5191650390625
10051,402.769,458.7350158691406,145.20179748535156
10052,402.809,457.4288024902344,145.85919189453125
10053,402.849,454.3904113769531,146.86203002929688
10054,402.889,452.47802734375,146.91705322265625
10055,402.929,452.95751953125,145.48277282714844
10056,402.969,486.7852783203125,157.02737426757812
10057,403.009,489.9407958984375,167.14328002929688
10058,403.049,493.74005126953125,166.39114379882812
10059,403.089,492.04541015625,166.51126098632812
10060,403.129,491.7395935058594,166.4977264404297
10061,403.169,494.2263488769531,166.82566833496094
10062,403.21,495.2335205078125,165.8370819091797
10063,403.25,496.6672058105469,165.87501525878906
10064,403.29,490.447998046875,170.80035400390625
10065,403.33,511.7193298339844,168.2591094970703
10066,403.37,566.8361206054688,182.052490234375
10067,403.41,564.8258666992188,182.48968505859375
10068,403.45,565.0692749023438,183.3468780517578
10069,403.49,564.8928833007812,184.7829132080078
10070,403.53,543.6502685546875,165.7091064453125
10071,403.57,540.6680297851562,163.25831604003906
10072,403.61,541.1207275390625,163.73812866210938
10073,403.65,540.5568237304688,162.68710327148438
10074,403.69,540.4395141601562,162.1859588623047
10075,403.73,540.5991821289062,160.49012756347656
10076,403.771,537.6895751953125,154.5995635986328
10077,403.811,541.3043212890625,151.9107208251953
10078,403.851,540.6861572265625,153.04209899902344
10079,403.891,541.3662109375,149.4704132080078
10080,403.931,545.2589721679688,144.837158203125
10081,403.971,546.0751953125,142.10829162597656
10082,404.011,529.7169189453125,113.03965759277344
10083,404.051,532.2894287109375,130.0059051513672
10084,404.091,534.6725463867188,137.98577880859375
10085,404.131,535.6691284179688,132.31478881835938
10086,404.171,558.2844848632812,84.30858612060547
10087,404.211,534.112060546875,61.600135803222656
10088,404.251,538.7714233398438,97.98069763183594
10089,404.291,536.1156005859375,123.3152847290039
10090,404.332,537.2933959960938,124.01541900634766
10091,404.372,537.2113037109375,125.1841812133789
10092,404.412,537.0888061523438,124.29105377197266
10093,404.452,542.68701171875,129.29104614257812
10094,404.492,556.4323120117188,136.22021484375
10095,404.532,561.1209106445312,136.8251190185547
10096,404.572,554.2236938476562,135.0850830078125
10097,404.612,534.7825317382812,139.6053924560547
10098,404.652,545.5896606445312,142.9312744140625
10099,404.692,543.1290283203125,144.67356872558594
10100,404.732,535.6251831054688,129.8585205078125
10101,404.772,538.5052490234375,133.3770294189453
10102,404.812,576.2380981445312,161.86961364746094
10103,404.852,564.0593872070312,169.0643310546875
10104,404.893,563.7861938476562,167.78781127929688
10105,404.933,565.3847045898438,168.2281494140625
10106,404.973,564.9757690429688,166.35446166992188
10107,405.013,564.4313354492188,165.65682983398438
10108,405.053,603.5040283203125,133.417236328125
10109,405.093,601.9893798828125,134.90415954589844
10110,405.133,555.5423583984375,172.1124267578125
10111,405.173,522.2251586914062,193.4187774658203
10112,405.213,521.9501342773438,191.78768920898438
10113,405.253,521.0521240234375,193.11129760742188
10114,405.293,487.32806396484375,249.85411071777344
10115,405.333,nan,nan
10116,405.373,493.14892578125,195.7599639892578
10117,405.414,491.06671142578125,150.0459442138672
10118,405.454,492.0302429199219,150.57420349121094
10119,405.494,491.3884582519531,149.38670349121094
10120,405.534,489.33184814453125,141.04754638671875
10121,405.574,487.8847351074219,145.7147979736328
10122,405.614,487.1188659667969,141.75042724609375
10123,405.654,485.6837463378906,137.2386932373047
10124,405.694,484.99005126953125,135.41261291503906
10125,405.734,487.98992919921875,136.71385192871094
10126,405.774,485.9308166503906,143.5868682861328
10127,405.814,485.3019714355469,149.89976501464844
10128,405.854,486.7414855957031,150.17015075683594
10129,405.894,486.22503662109375,152.20306396484375
10130,405.934,456.6207580566406,150.92105102539062
10131,405.975,454.8992919921875,153.18069458007812
10132,406.015,452.9631042480469,154.40859985351562
10133,406.055,451.42108154296875,154.30172729492188
10134,406.095,451.1148376464844,153.5989227294922
10135,406.135,450.5628967285156,152.8187713623047
10136,406.175,483.1387939453125,133.85281372070312
10137,406.215,483.3253479003906,137.3984375
10138,406.255,484.6385192871094,137.19113159179688
10139,406.295,485.03961181640625,138.5662841796875
10140,406.335,468.06488037109375,138.4562530517578
10141,406.375,456.185791015625,139.4219207763672
10142,406.415,455.0980529785156,128.5166015625
10143,406.455,451.2803955078125,124.5853042602539
10144,406.495,447.7637634277344,121.64436340332031
10145,406.536,450.1829528808594,121.62542724609375
10146,406.576,450.43634033203125,123.75273895263672
10147,406.616,483.46246337890625,146.2786407470703
10148,406.656,523.3320922851562,174.60818481445312
10149,406.696,522.5789184570312,175.36306762695312
10150,406.736,521.260498046875,176.2478485107422
10151,406.776,520.3722534179688,176.24525451660156
10152,406.816,520.9409790039062,176.28334045410156
10153,406.856,520.8782348632812,174.48895263671875
10154,406.896,518.9290771484375,171.79579162597656
10155,406.936,518.0025634765625,169.45455932617188
10156,406.976,516.976318359375,169.08529663085938
10157,407.016,516.140380859375,168.29827880859375
10158,407.056,511.3034362792969,166.4649200439453
10159,407.097,534.8825073242188,162.88514709472656
10160,407.137,518.2625732421875,137.90296936035156
10161,407.177,512.80859375,135.748291015625
10162,407.217,504.302978515625,137.7682342529297
10163,407.257,500.2352600097656,136.2998809814453
10164,407.297,496.2703552246094,136.27978515625
10165,407.337,471.64593505859375,127.20538330078125
10166,407.377,455.0684814453125,130.28823852539062
10167,407.417,446.4549255371094,120.46886444091797
10168,407.457,440.30078125,115.16698455810547
10169,407.497,429.9166259765625,120.27845764160156
10170,407.537,434.8057556152344,133.0970001220703
10171,407.577,420.3852233886719,121.6543960571289
10172,407.617,409.55987548828125,119.7861557006836
10173,407.658,401.34954833984375,121.40312194824219
10174,407.698,400.5343017578125,121.6595687866211
10175,407.738,399.6257019042969,118.728271484375
10176,407.778,401.73834228515625,116.98402404785156
10177,407.818,400.5965881347656,115.9329833984375
10178,407.858,402.3878479003906,114.87102508544922
10179,407.898,402.04449462890625,111.4686279296875
10180,407.938,437.6722717285156,105.57808685302734
10181,407.978,455.40533447265625,103.42507934570312
10182,408.018,459.9424133300781,101.3682861328125
10183,408.058,462.5981140136719,99.91340637207031
10184,408.098,464.2004089355469,100.28173065185547
10185,408.138,464.0815734863281,100.11804962158203
10186,408.179,461.7873229980469,99.7942886352539
10187,408.219,459.4275817871094,100.90583038330078
10188,408.259,461.1069641113281,100.6310043334961
10189,408.299,469.20880126953125,94.73175048828125
10190,408.339,468.3556213378906,97.10066986083984
10191,408.379,469.9859619140625,95.71311950683594
10192,408.419,468.3631286621094,97.26585388183594
10193,408.459,468.0190124511719,98.77723693847656
10194,408.499,468.02911376953125,98.44754791259766
10195,408.539,468.06683349609375,96.9416732788086
10196,408.579,468.6694641113281,96.16836547851562
10197,408.619,469.35479736328125,97.285888671875
10198,408.659,468.0859375,97.0002212524414
10199,408.699,467.7737121582031,97.33306884765625
10200,408.74,468.070556640625,96.41006469726562
10201,408.78,469.2721862792969,95.93907928466797
10202,408.82,457.1560974121094,118.7890396118164
10203,408.86,455.4876403808594,129.03366088867188
10204,408.9,455.38702392578125,128.0045928955078
10205,408.94,455.9567565917969,128.19390869140625
10206,408.98,454.4883117675781,129.4832000732422
10207,409.02,453.2890625,130.4892578125
10208,409.06,453.4316711425781,130.1578826904297
10209,409.1,442.6957092285156,121.79248046875
10210,409.14,430.8144226074219,116.81224822998047
10211,409.18,428.3561706542969,115.72809600830078
10212,409.22,427.7427978515625,112.30290985107422
10213,409.26,427.35186767578125,110.7618408203125
10214,409.301,427.6772766113281,109.51702880859375
10215,409.341,427.51739501953125,109.98363494873047
10216,409.381,430.4311828613281,109.48927307128906
10217,409.421,431.34661865234375,108.06512451171875
10218,409.461,431.7900085449219,108.0733871459961
10219,409.501,432.9309997558594,108.43292236328125
10220,409.541,434.1792907714844,110.25917053222656
10221,409.581,435.2468566894531,113.08642578125
10222,409.621,435.9104309082031,115.32350158691406
10223,409.661,437.93359375,119.13023376464844
10224,409.701,438.3802185058594,119.57141876220703
10225,409.741,440.2479553222656,120.14933013916016
10226,409.781,441.4085388183594,120.01081085205078
10227,409.821,431.1474914550781,125.8724594116211
10228,409.862,432.558837890625,125.27694702148438
10229,409.902,430.49407958984375,126.58391571044922
10230,409.942,431.203369140625,126.43926239013672
10231,409.982,432.4862060546875,127.32093811035156
10232,410.022,434.1523742675781,129.32327270507812
10233,410.062,452.2102966308594,131.8123779296875
10234,410.102,454.45477294921875,125.06682586669922
10235,410.142,453.8512268066406,125.83222961425781
10236,410.182,454.43145751953125,134.7914581298828
10237,410.222,454.6147766113281,138.24513244628906
10238,410.262,457.8778991699219,144.58477783203125
10239,410.302,457.86590576171875,146.1976318359375
10240,410.342,458.1820373535156,144.94155883789062
10241,410.383,457.2324523925781,143.23072814941406
10242,410.423,457.49493408203125,139.41903686523438
10243,410.463,460.8963317871094,117.93372344970703
10244,410.503,464.15386962890625,116.77059173583984
10245,410.543,462.8478698730469,116.30192565917969
10246,410.583,461.69830322265625,116.27286529541016
10247,410.623,460.9868469238281,115.58135223388672
10248,410.663,461.0891418457031,111.71233367919922
10249,410.703,460.992431640625,105.98431396484375
10250,410.743,463.1187438964844,102.90715026855469
10251,410.783,460.02154541015625,104.99578857421875
10252,410.823,459.8309631347656,101.64444732666016
10253,410.863,457.7008361816406,100.26651000976562
10254,410.903,456.6543884277344,101.32035827636719
10255,410.944,439.96881103515625,123.0204849243164
10256,410.984,441.5576477050781,124.52374267578125
10257,411.024,439.83819580078125,125.31725311279297
10258,411.064,439.7815246582031,125.92135620117188
10259,411.104,440.5650939941406,123.92587280273438
10260,411.144,447.97113037109375,125.86873626708984
10261,411.184,460.4092712402344,133.40036010742188
10262,411.224,460.8710021972656,132.93267822265625
10263,411.264,459.80145263671875,130.69374084472656
10264,411.304,466.90533447265625,129.47158813476562
10265,411.344,467.3875732421875,128.8704833984375
10266,411.384,467.00970458984375,127.1555404663086
10267,411.424,467.23468017578125,123.44163513183594
10268,411.464,467.468017578125,121.23717498779297
10269,411.505,465.58624267578125,117.43025207519531
10270,411.545,464.8883972167969,115.61659240722656
10271,411.585,466.8360900878906,112.81067657470703
10272,411.625,469.0456848144531,112.26637268066406
10273,411.665,467.11297607421875,110.0013198852539
10274,411.705,471.8887939453125,111.79161834716797
10275,411.745,470.10650634765625,111.26558685302734
10276,411.785,469.25933837890625,110.56040954589844
10277,411.825,469.24871826171875,110.22505187988281
10278,411.865,457.8594665527344,106.95661926269531
10279,411.905,456.928466796875,106.1107177734375
10280,411.945,455.78515625,92.48997497558594
10281,411.985,456.60675048828125,97.63015747070312
10282,412.025,455.275634765625,98.6541748046875
10283,412.066,455.4900817871094,101.49391174316406
10284,412.106,455.643798828125,100.80221557617188
10285,412.146,455.66839599609375,100.27825927734375
10286,412.186,455.40057373046875,99.43262481689453
10287,412.226,454.2696228027344,98.79884338378906
10288,412.266,453.67022705078125,99.44352722167969
10289,412.306,453.2043762207031,100.04419708251953
10290,412.346,453.7138366699219,97.62915802001953
10291,412.386,453.0357666015625,96.40431213378906
10292,412.426,453.7549743652344,95.21907043457031
10293,412.466,453.3820495605469,94.44305419921875
10294,412.506,447.5643310546875,90.41748809814453
10295,412.546,443.1467590332031,88.10291290283203
10296,412.586,443.2121276855469,86.410400390625
10297,412.627,440.2369079589844,84.36083221435547
10298,412.667,441.57806396484375,82.78250885009766
10299,412.707,442.76348876953125,81.81398010253906
10300,412.747,444.096435546875,80.48815155029297
10301,412.787,448.3260192871094,78.10155487060547
10302,412.827,450.83868408203125,77.96444702148438
10303,412.867,452.0245056152344,77.4913101196289
10304,412.907,454.13421630859375,69.0709228515625
10305,412.947,451.6541442871094,59.47871780395508
10306,412.987,454.7677001953125,74.78083801269531
10307,413.027,455.50787353515625,68.54618072509766
10308,413.067,452.7784118652344,67.72543334960938
10309,413.107,469.2486877441406,37.82270431518555
10310,413.148,453.0826721191406,71.16409301757812
10311,413.188,443.154296875,70.375732421875
10312,413.228,440.5044860839844,70.11097717285156
10313,413.268,438.2491149902344,68.49925994873047
10314,413.308,439.6269226074219,62.19212341308594
10315,413.348,441.6070556640625,52.85679244995117
10316,413.388,442.45257568359375,46.3519401550293
10317,413.428,441.6983337402344,60.53806686401367
10318,413.468,438.2822265625,81.31285095214844
10319,413.508,438.852294921875,81.75503540039062
10320,413.548,441.026123046875,81.49381256103516
10321,413.588,442.93048095703125,80.7049331665039
10322,413.628,446.0254821777344,78.62551879882812
10323,413.668,448.07952880859375,78.73162078857422
10324,413.709,449.68145751953125,78.18621063232422
10325,413.749,452.6915283203125,78.792724609375
10326,413.789,439.97100830078125,75.67076110839844
10327,413.829,446.8060302734375,74.01486206054688
10328,413.869,473.3704833984375,94.42192840576172
10329,413.909,475.59747314453125,97.03679656982422
10330,413.949,476.2597351074219,99.18492126464844
10331,413.989,474.2454833984375,99.63400268554688
10332,414.029,478.782470703125,100.49140930175781
10333,414.069,478.38360595703125,105.33880615234375
10334,414.109,479.2771301269531,141.8660888671875
10335,414.149,477.8919372558594,140.8974151611328
10336,414.189,477.5491943359375,142.5093536376953
10337,414.229,476.39312744140625,142.97927856445312
10338,414.27,473.6216735839844,143.34471130371094
10339,414.31,472.4399719238281,100.1103744506836
10340,414.35,472.1429138183594,101.18486022949219
10341,414.39,475.137939453125,97.18648529052734
10342,414.43,476.1660461425781,97.92039489746094
10343,414.47,476.28851318359375,98.1012954711914
10344,414.51,474.9519958496094,95.30018615722656
10345,414.55,474.3331298828125,95.93152618408203
10346,414.59,473.04815673828125,95.36360168457031
10347,414.63,471.8783264160156,95.76280212402344
10348,414.67,472.1531066894531,96.10589599609375
10349,414.71,472.7987060546875,98.25115966796875
10350,414.75,473.66094970703125,98.859375
10351,414.79,475.1072998046875,98.33038330078125
10352,414.831,476.1749572753906,96.6663818359375
10353,414.871,477.0334167480469,97.66960144042969
10354,414.911,476.2062072753906,101.2193603515625
10355,414.951,474.13555908203125,102.6937026977539
10356,414.991,474.2646179199219,102.79480743408203
10357,415.031,474.5354309082031,103.13044738769531
10358,415.071,475.882080078125,101.67603302001953
10359,415.111,478.1104736328125,99.7623519897461
10360,415.151,480.0497741699219,97.96455383300781
10361,415.191,478.7482604980469,98.50267791748047
10362,415.231,476.55340576171875,99.45588684082031
10363,415.271,474.9546813964844,99.41522979736328
10364,415.311,473.9188232421875,99.89376831054688
10365,415.351,474.9031982421875,100.69513702392578
10366,415.392,475.08026123046875,100.45794677734375
10367,415.432,475.2274169921875,99.68804931640625
10368,415.472,474.3839111328125,99.15310668945312
10369,415.512,474.22503662109375,99.48069763183594
10370,415.552,474.6298522949219,100.16748046875
10371,415.592,475.4881896972656,100.62774658203125
10372,415.632,475.7955017089844,100.03995513916016
10373,415.672,477.00518798828125,97.90980529785156
10374,415.712,476.0899658203125,95.25202178955078
10375,415.752,476.54559326171875,94.5423355102539
10376,415.792,476.5380859375,94.78948974609375
10377,415.832,476.96575927734375,94.72238159179688
10378,415.872,478.1285705566406,94.67744445800781
10379,415.913,482.4069519042969,89.83334350585938
10380,415.953,453.7897033691406,82.4933090209961
10381,415.993,455.5020751953125,77.36279296875
10382,416.033,440.653076171875,70.79580688476562
10383,416.073,439.8524169921875,68.46631622314453
10384,416.113,439.7200012207031,67.9356460571289
10385,416.153,447.1033935546875,61.625797271728516
10386,416.193,477.2032165527344,68.56941986083984
10387,416.233,462.9165344238281,71.8669204711914
10388,416.273,473.1597900390625,78.70696258544922
10389,416.313,470.8187561035156,78.61555480957031
10390,416.353,446.3569030761719,97.57220458984375
10391,416.393,439.1459045410156,100.5528793334961
10392,416.433,438.8450927734375,100.63134765625
10393,416.474,438.57489013671875,99.86532592773438
10394,416.514,440.35528564453125,98.30570983886719
10395,416.554,445.7384948730469,97.2724380493164
10396,416.594,448.9068298339844,97.10781860351562
10397,416.634,450.28607177734375,96.3043441772461
10398,416.674,452.66046142578125,98.49063873291016
10399,416.714,453.11761474609375,98.16931915283203
10400,416.754,455.61602783203125,96.47216033935547
10401,416.794,457.6954345703125,94.66787719726562
10402,416.834,461.12591552734375,91.9655990600586
10403,416.874,462.0044860839844,91.64506530761719
10404,416.914,464.41900634765625,91.80301666259766
10405,416.954,464.9252624511719,90.95430755615234
10406,416.994,466.83380126953125,90.0779037475586
10407,417.035,484.0486755371094,76.75527954101562
10408,417.075,489.1177673339844,78.92300415039062
10409,417.115,488.0196533203125,92.49716186523438
10410,417.155,490.6215515136719,82.0481948852539
10411,417.195,491.6079406738281,79.32962799072266
10412,417.235,490.7952880859375,82.74732208251953
10413,417.275,489.4794616699219,87.49801635742188
10414,417.315,489.4884338378906,73.07286834716797
10415,417.355,470.3849182128906,88.35185241699219
10416,417.395,470.93572998046875,88.58404541015625
10417,417.435,470.2643127441406,87.5644302368164
10418,417.475,459.78326416015625,84.65288543701172
10419,417.515,468.48199462890625,83.5151596069336
10420,417.555,471.6914367675781,80.86854553222656
10421,417.596,453.16900634765625,78.88490295410156
10422,417.636,477.5837097167969,82.17034912109375
10423,417.676,475.6739807128906,86.66345977783203
10424,417.716,452.7595520019531,81.47776794433594
10425,417.756,466.5639343261719,84.71792602539062
10426,417.796,468.12261962890625,76.89598083496094
10427,417.836,472.08880615234375,83.71488952636719
10428,417.876,473.7320556640625,81.7377700805664
10429,417.916,454.76025390625,78.26416015625
10430,417.956,444.28509521484375,72.65719604492188
10431,417.996,444.38092041015625,71.90741729736328
10432,418.036,445.8067321777344,72.37092590332031
10433,418.076,461.6637268066406,78.29839324951172
10434,418.116,472.8382263183594,80.2162857055664
10435,418.157,471.6039123535156,81.46382904052734
10436,418.197,470.3584899902344,84.07188415527344
10437,418.237,469.7178955078125,86.0947036743164
10438,418.277,469.59942626953125,85.51156616210938
10439,418.317,469.90673828125,80.1924057006836
10440,418.357,517.34033203125,42.57597351074219
10441,418.397,552.4589233398438,17.913206100463867
10442,418.437,556.9993286132812,20.590255737304688
10443,418.477,557.277587890625,20.62854766845703
10444,418.517,558.7457275390625,15.226418495178223
10445,418.557,542.658203125,23.664464950561523
10446,418.597,501.3302917480469,27.712080001831055
10447,418.637,482.8327331542969,42.549686431884766
10448,418.678,511.5013122558594,21.4434871673584
10449,418.718,548.1998291015625,38.156455993652344
10450,418.758,517.9295043945312,40.83603286743164
10451,418.798,519.8759155273438,63.48876953125
10452,418.838,538.7521362304688,31.136510848999023
10453,418.878,494.0286865234375,76.58222198486328
10454,418.918,505.86962890625,22.70197296142578
10455,418.958,464.0684814453125,63.804988861083984
10456,418.998,446.4234313964844,74.97062683105469
10457,419.038,446.7801818847656,74.61088562011719
10458,419.078,443.317138671875,78.9419937133789
10459,419.118,438.25616455078125,83.07908630371094
10460,419.158,434.00469970703125,85.91169738769531
10461,419.198,430.8667297363281,87.52853393554688
10462,419.239,429.1950988769531,89.28021240234375
10463,419.279,429.3049011230469,90.1312255859375
10464,419.319,433.41656494140625,88.78598022460938
10465,419.359,436.9658203125,85.77458953857422
10466,419.399,441.18060302734375,85.15177154541016
10467,419.439,442.37567138671875,84.41608428955078
10468,419.479,443.83697509765625,84.2930908203125
10469,419.519,444.859130859375,83.90922546386719
10470,419.559,444.1239013671875,85.0566177368164
10471,419.599,442.3581848144531,85.51025390625
10472,419.639,439.71929931640625,87.13687896728516
10473,419.679,438.5657958984375,86.67208099365234
10474,419.719,437.8535461425781,85.73771667480469
10475,419.759,438.2896728515625,85.56632232666016
10476,419.8,440.0364685058594,85.197021484375
10477,419.84,442.2024841308594,85.85519409179688
10478,419.88,442.7811279296875,85.62034606933594
10479,419.92,444.0946960449219,85.32289123535156
10480,419.96,445.2751159667969,84.50922393798828
10481,420.0,449.0734558105469,87.21656036376953
10482,420.04,451.58721923828125,120.04029846191406
10483,420.08,450.5252380371094,120.88693237304688
10484,420.12,452.1166076660156,120.5884780883789
10485,420.16,450.9239807128906,101.52265167236328
10486,420.2,447.3580017089844,92.47502899169922
10487,420.24,448.0474853515625,88.40428161621094
10488,420.28,448.8204345703125,86.97856903076172
10489,420.32,449.78936767578125,88.29700469970703
10490,420.361,451.2525329589844,88.77349853515625
10491,420.401,451.538818359375,88.34516143798828
10492,420.441,451.145751953125,87.41101837158203
10493,420.481,451.3392333984375,85.71061706542969
10494,420.521,451.0612487792969,85.19740295410156
10495,420.561,452.375732421875,83.90296173095703
10496,420.601,457.55401611328125,75.66155242919922
10497,420.641,462.0184020996094,72.1036605834961
10498,420.681,462.95721435546875,70.49047088623047
10499,420.721,456.1084289550781,54.079124450683594
10500,420.761,428.33966064453125,68.60394287109375
10501,420.801,444.0020446777344,48.574867248535156
10502,420.841,437.79193115234375,54.42689895629883
10503,420.881,448.21112060546875,43.54124069213867
10504,420.922,469.75634765625,69.9317398071289
10505,420.962,499.3015441894531,50.33762741088867
10506,421.002,502.5650329589844,36.29487609863281
10507,421.042,554.0289306640625,21.455453872680664
10508,421.082,554.4390869140625,44.28170394897461
10509,421.122,516.906005859375,46.70091247558594
10510,421.162,516.9620361328125,13.776225090026855
10511,421.202,503.475341796875,10.406991004943848
10512,421.242,532.3407592773438,25.56399917602539
10513,421.282,504.57513427734375,62.70795822143555
10514,421.322,533.0391235351562,28.762367248535156
10515,421.362,532.7783203125,22.877361297607422
10516,421.402,509.9412536621094,40.88350296020508
10517,421.443,532.8802490234375,16.426511764526367
10518,421.483,518.5986328125,12.81302261352539
10519,421.523,484.0059814453125,59.26875305175781
10520,421.563,460.64483642578125,37.941959381103516
10521,421.603,468.7351379394531,37.983154296875
10522,421.643,466.5834655761719,60.896881103515625
10523,421.683,464.8021545410156,76.51498413085938
10524,421.723,464.0779113769531,71.28316497802734
10525,421.763,466.6899719238281,76.97286224365234
10526,421.803,464.10455322265625,80.65210723876953
10527,421.843,462.8662414550781,82.99701690673828
10528,421.883,461.9989929199219,87.11903381347656
10529,421.923,461.6387634277344,89.82335662841797
10530,421.963,457.8845520019531,95.93580627441406
10531,422.004,455.6933288574219,94.92040252685547
10532,422.044,457.4041748046875,95.66399383544922
10533,422.084,458.88287353515625,95.62604522705078
10534,422.124,459.6745910644531,96.90962219238281
10535,422.164,460.1360168457031,100.32976531982422
10536,422.204,461.5043640136719,103.3328628540039
10537,422.244,462.6372985839844,104.57376098632812
10538,422.284,462.4648742675781,105.06385803222656
10539,422.324,460.6985778808594,106.12097930908203
10540,422.364,461.9710998535156,107.26390838623047
10541,422.404,460.9459228515625,107.4957504272461
10542,422.444,459.9903869628906,106.54937744140625
10543,422.484,459.1111145019531,106.33843994140625
10544,422.524,458.25439453125,105.8003921508789
10545,422.565,457.6749267578125,105.53054809570312
10546,422.605,457.81280517578125,105.61967468261719
10547,422.645,457.9377746582031,106.13097381591797
10548,422.685,458.79571533203125,106.49414825439453
10549,422.725,459.37445068359375,106.51630401611328
10550,422.765,460.09326171875,106.55731964111328
10551,422.805,461.44305419921875,105.05294036865234
10552,422.845,462.3715515136719,103.38824462890625
10553,422.885,463.25701904296875,102.71282196044922
10554,422.925,463.4133605957031,102.47238159179688
10555,422.965,463.5544738769531,102.72907257080078
10556,423.005,463.9911804199219,102.65471649169922
10557,423.045,463.421630859375,102.47505187988281
10558,423.085,461.1564025878906,100.79261016845703
10559,423.126,460.8630065917969,100.50680541992188
10560,423.166,495.0187072753906,106.54063415527344
10561,423.206,485.9349365234375,102.91683959960938
10562,423.246,471.65032958984375,96.18991088867188
10563,423.286,459.3873596191406,92.40557098388672
10564,423.326,459.53033447265625,92.329833984375
10565,423.366,458.09722900390625,92.11418151855469
10566,423.406,456.8450622558594,90.99642181396484
10567,423.446,448.8372497558594,88.49932861328125
10568,423.486,464.75732421875,68.27670288085938
10569,423.526,490.5254211425781,31.205900192260742
10570,423.566,487.8408203125,26.743833541870117
10571,423.606,472.8637390136719,44.39271926879883
10572,423.647,465.70965576171875,48.85658645629883
10573,423.687,462.4846496582031,52.25524139404297
10574,423.727,462.8093566894531,51.781211853027344
10575,423.767,462.6485595703125,52.44218063354492
10576,423.807,462.6166076660156,53.4805793762207
10577,423.847,478.5276794433594,28.666786193847656
10578,423.887,461.8713684082031,51.04367446899414
10579,423.927,441.6546630859375,78.90580749511719
10580,423.967,441.2447204589844,79.53932189941406
10581,424.007,441.7926025390625,80.5558090209961
10582,424.047,443.64959716796875,80.87960815429688
10583,424.087,444.3738708496094,81.4211654663086
10584,424.127,437.5926818847656,81.29182434082031
10585,424.167,425.0662841796875,82.36422729492188
10586,424.208,425.0794677734375,81.68223571777344
10587,424.248,424.4705810546875,78.8010025024414
10588,424.288,422.47808837890625,77.19313049316406
10589,424.328,456.4151306152344,40.92607879638672
10590,424.368,440.50054931640625,65.34272766113281
10591,424.408,444.2730407714844,66.2161636352539
10592,424.448,442.4280700683594,91.81026458740234
10593,424.488,446.55291748046875,99.58226013183594
10594,424.528,447.1529541015625,98.93000793457031
10595,424.568,447.7574462890625,98.26814270019531
10596,424.608,448.6607360839844,97.45022583007812
10597,424.648,448.81268310546875,96.68492126464844
10598,424.688,449.4082946777344,96.44050598144531
10599,424.728,450.9808349609375,96.31787109375
10600,424.769,450.8818664550781,95.64728546142578
10601,424.809,451.49267578125,94.6385498046875
10602,424.849,450.0597229003906,94.26031494140625
10603,424.889,448.6860046386719,93.45405578613281
10604,424.929,448.75799560546875,93.78389739990234
10605,424.969,449.02740478515625,94.97689056396484
10606,425.009,448.82647705078125,96.24323272705078
10607,425.049,448.3675231933594,97.42422485351562
10608,425.089,449.0823059082031,97.20053100585938
10609,425.129,449.4168395996094,96.03052520751953
10610,425.169,451.0333557128906,94.62713623046875
10611,425.209,475.1463623046875,87.9551010131836
10612,425.249,474.7309875488281,87.61763000488281
10613,425.289,475.45343017578125,87.37264251708984
10614,425.33,475.3514099121094,86.10851287841797
10615,425.37,476.5333251953125,85.293212890625
10616,425.41,477.2933044433594,84.2203598022461
10617,425.45,470.946533203125,98.68791961669922
10618,425.49,453.23077392578125,127.81973266601562
10619,425.53,447.4405517578125,126.70275115966797
10620,425.57,452.4390869140625,127.1476058959961
10621,425.61,453.3719177246094,126.999755859375
10622,425.65,453.80194091796875,127.69806671142578
10623,425.69,455.0538024902344,128.32298278808594
10624,425.73,453.0482177734375,129.0353240966797
10625,425.77,452.6829833984375,131.06253051757812
10626,425.81,457.9860534667969,118.89173126220703
10627,425.85,465.0038146972656,116.71065521240234
10628,425.891,464.4128112792969,117.77174377441406
10629,425.931,466.498779296875,119.64351654052734
10630,425.971,465.33367919921875,120.53246307373047
10631,426.011,465.5858459472656,121.48518371582031
10632,426.051,464.3780212402344,122.8105697631836
10633,426.091,467.96209716796875,101.5463638305664
10634,426.131,470.3161926269531,95.47067260742188
10635,426.171,470.2733459472656,96.05415344238281
10636,426.211,470.36822509765625,93.35879516601562
10637,426.251,469.81414794921875,87.9515609741211
10638,426.291,469.0292663574219,84.81742858886719
10639,426.331,468.9237365722656,83.5384521484375
10640,426.371,469.90704345703125,84.2303695678711
10641,426.412,466.3155212402344,83.5584945678711
10642,426.452,412.8652648925781,82.98577880859375
10643,426.492,411.14776611328125,84.27027893066406
10644,426.532,410.4764709472656,85.04637908935547
10645,426.572,406.71624755859375,93.35885620117188
10646,426.612,405.891845703125,91.8924560546875
10647,426.652,414.2276611328125,89.93262481689453
10648,426.692,434.80816650390625,134.07090759277344
10649,426.732,438.9595031738281,156.5799560546875
10650,426.772,439.52337646484375,156.44761657714844
10651,426.812,436.32666015625,157.8621063232422
10652,426.852,427.6369934082031,157.4574737548828
10653,426.892,428.4998474121094,152.69168090820312
10654,426.932,428.3790283203125,151.42645263671875
10655,426.973,432.449951171875,150.7605743408203
10656,427.013,432.9273376464844,150.09959411621094
10657,427.053,429.8332824707031,128.19500732421875
10658,427.093,429.6239318847656,125.89195251464844
10659,427.133,430.7123718261719,123.72705841064453
10660,427.173,426.88262939453125,129.8148651123047
10661,427.213,407.8140869140625,117.00577545166016
10662,427.253,408.032958984375,115.32434844970703
10663,427.293,407.9770202636719,112.92906188964844
10664,427.333,420.8857727050781,72.48719024658203
10665,427.373,424.8669738769531,92.04993438720703
10666,427.413,423.64306640625,90.64996337890625
10667,427.453,424.5299072265625,89.74146270751953
10668,427.493,426.56561279296875,89.46543884277344
10669,427.534,425.7732238769531,88.58390045166016
10670,427.574,426.0635070800781,86.99453735351562
10671,427.614,440.2451171875,60.828285217285156
10672,427.654,459.6733093261719,26.809223175048828
10673,427.694,461.30181884765625,25.470043182373047
10674,427.734,462.9643859863281,22.985807418823242
10675,427.774,456.1813049316406,27.67214012145996
10676,427.814,436.9632873535156,59.20404052734375
10677,427.854,452.98553466796875,49.55683135986328
10678,427.894,441.92254638671875,40.51530075073242
10679,427.934,406.28070068359375,33.32483673095703
10680,427.974,406.09136962890625,1.6456938982009888
10681,428.014,nan,nan
10682,428.054,nan,nan
10683,428.095,402.4903564453125,34.55400848388672
10684,428.135,396.36981201171875,16.65668296813965
10685,428.175,427.4117431640625,44.42090606689453
10686,428.215,437.95928955078125,20.352802276611328
10687,428.255,441.99578857421875,35.941890716552734
10688,428.295,458.56317138671875,13.45505428314209
10689,428.335,nan,nan
10690,428.375,423.6483459472656,38.991031646728516
10691,428.415,407.83349609375,45.78423309326172
10692,428.455,402.0554504394531,48.42640686035156
10693,428.495,nan,nan
10694,428.535,nan,nan
10695,428.575,nan,nan
10696,428.615,431.3375549316406,26.257057189941406
10697,428.656,nan,nan
10698,428.696,nan,nan
10699,428.736,nan,nan
10700,428.776,nan,nan
10701,428.816,458.8367919921875,53.808135986328125
10702,428.856,nan,nan
10703,428.896,454.1336975097656,51.90034866333008
10704,428.936,474.033447265625,94.07520294189453
10705,428.976,469.6623229980469,106.02963256835938
10706,429.016,468.28009033203125,109.30464172363281
10707,429.056,460.7013854980469,108.37355041503906
10708,429.096,442.0619201660156,122.58086395263672
10709,429.136,440.62982177734375,123.05933380126953
10710,429.177,438.84637451171875,123.08665466308594
10711,429.217,434.75689697265625,111.4094467163086
10712,429.257,435.076904296875,109.12904357910156
10713,429.297,434.7170104980469,107.39483642578125
10714,429.337,430.8669128417969,114.08282470703125
10715,429.377,432.62847900390625,126.87969970703125
10716,429.417,450.95703125,119.45741271972656
10717,429.457,458.5588684082031,118.741455078125
10718,429.497,458.1697082519531,117.53675079345703
10719,429.537,460.6644287109375,115.4189682006836
10720,429.577,460.7835693359375,112.36612701416016
10721,429.617,464.2118835449219,113.10631561279297
10722,429.657,467.1282958984375,112.18736267089844
10723,429.697,467.9041748046875,111.44535064697266
10724,429.738,468.671875,110.28791046142578
10725,429.778,468.67919921875,110.18357849121094
10726,429.818,467.73748779296875,112.56916046142578
10727,429.858,467.2668151855469,114.16145324707031
10728,429.898,466.8158264160156,114.29363250732422
10729,429.938,468.1478271484375,113.0823745727539
10730,429.978,468.4708251953125,111.71961212158203
10731,430.018,468.9617614746094,110.2769775390625
10732,430.058,466.9978332519531,109.03108215332031
10733,430.098,465.9999694824219,108.24620056152344
10734,430.138,465.1498718261719,107.36358642578125
10735,430.178,465.78167724609375,105.78474426269531
10736,430.218,466.3988342285156,104.27351379394531
10737,430.258,465.8389587402344,103.644775390625
10738,430.299,469.2441711425781,90.89491271972656
10739,430.339,470.3431091308594,84.16433715820312
10740,430.379,470.81195068359375,83.02627563476562
10741,430.419,471.3764343261719,83.76580810546875
10742,430.459,463.4954833984375,97.28468322753906
10743,430.499,447.54656982421875,127.5562973022461
10744,430.539,448.03912353515625,126.51074981689453
10745,430.579,446.8827209472656,126.39181518554688
10746,430.619,447.1866760253906,125.54224395751953
10747,430.659,428.3153076171875,108.2035140991211
10748,430.699,420.2434997558594,96.77314758300781
10749,430.739,420.6890563964844,96.8495864868164
10750,430.779,421.6285400390625,97.81354522705078
10751,430.819,421.4822998046875,99.42547607421875
10752,430.86,423.72857666015625,101.42747497558594
10753,430.9,423.705322265625,103.34746551513672
10754,430.94,412.8785095214844,91.00245666503906
10755,430.98,413.71173095703125,76.628662109375
10756,431.02,417.3812255859375,98.73062896728516
10757,431.06,416.7991638183594,103.86051940917969
10758,431.1,418.4164123535156,94.2301254272461
10759,431.14,418.97052001953125,104.32560729980469
10760,431.18,421.9559326171875,115.47026824951172
10761,431.22,422.6322021484375,117.830810546875
10762,431.26,426.21502685546875,123.10807037353516
10763,431.3,428.34283447265625,124.55504608154297
10764,431.34,433.9705810546875,127.82608795166016
10765,431.38,450.02545166015625,118.40308380126953
10766,431.421,455.65234375,118.06768035888672
10767,431.461,456.3865661621094,115.45757293701172
10768,431.501,460.0797424316406,111.56535339355469
10769,431.541,466.0877685546875,109.02107238769531
10770,431.581,467.8584289550781,107.39351654052734
10771,431.621,468.426513671875,109.25090789794922
10772,431.661,469.44677734375,109.02873229980469
10773,431.701,469.88275146484375,108.70175170898438
10774,431.741,470.34814453125,107.95562744140625
10775,431.781,471.3669128417969,107.64117431640625
10776,431.821,470.3544616699219,108.02367401123047
10777,431.861,469.78204345703125,111.72428131103516
10778,431.901,461.0202331542969,104.56991577148438
10779,431.942,458.54669189453125,105.30888366699219
10780,431.982,458.3011474609375,104.28401947021484
10781,432.022,459.3234558105469,103.19982147216797
10782,432.062,461.2361755371094,102.49952697753906
10783,432.102,464.94952392578125,98.64899444580078
10784,432.142,462.8414001464844,98.2042007446289
10785,432.182,462.5242614746094,98.96424865722656
10786,432.222,463.06927490234375,98.99282836914062
10787,432.262,462.7930908203125,99.23211669921875
10788,432.302,464.5054931640625,99.7786636352539
10789,432.342,465.4088134765625,98.514892578125
10790,432.382,464.72857666015625,98.17842102050781
10791,432.422,463.7328796386719,97.05619812011719
10792,432.462,463.44500732421875,96.86544799804688
10793,432.503,463.4137878417969,97.88155364990234
10794,432.543,462.853515625,97.53707885742188
10795,432.583,460.8279724121094,93.59255981445312
10796,432.623,459.0358581542969,89.44632720947266
10797,432.663,456.2282409667969,86.7134780883789
10798,432.703,456.4300231933594,84.87065887451172
10799,432.743,463.39923095703125,31.728784561157227
10800,432.783,444.322021484375,26.32784652709961
10801,432.823,367.4019775390625,1.7914433479309082
10802,432.863,420.885009765625,28.649185180664062
10803,432.903,439.9272766113281,36.60735321044922
10804,432.943,458.6024169921875,44.9178352355957
10805,432.983,457.8143310546875,44.75545120239258
10806,433.023,447.2712707519531,73.19232940673828
10807,433.064,446.8088073730469,72.75115966796875
10808,433.104,446.65643310546875,72.99385833740234
10809,433.144,446.5543518066406,71.48693084716797
10810,433.184,442.9640808105469,71.02205657958984
10811,433.224,442.49951171875,58.21023178100586
10812,433.264,429.97479248046875,61.27570724487305
10813,433.304,437.7124328613281,62.24304962158203
10814,433.344,433.8716125488281,67.09945678710938
10815,433.384,424.8472900390625,73.6921157836914
10816,433.424,448.3896484375,57.5556526184082
10817,433.464,446.8136291503906,58.91666793823242
10818,433.504,444.48291015625,59.35806655883789
10819,433.544,430.6398620605469,66.73318481445312
10820,433.584,427.7477722167969,67.68486022949219
10821,433.625,360.7655334472656,23.381101608276367
10822,433.665,412.4634094238281,68.97262573242188
10823,433.705,410.52764892578125,69.58787536621094
10824,433.745,411.15899658203125,68.0025405883789
10825,433.785,412.329833984375,67.43412780761719
10826,433.825,413.4775085449219,67.71714782714844
10827,433.865,412.8412170410156,69.72460174560547
10828,433.905,413.15478515625,69.78077697753906
10829,433.945,413.4900207519531,67.06470489501953
10830,433.985,413.6053771972656,27.55997085571289
10831,434.025,394.6438293457031,14.292216300964355
10832,434.065,375.1281433105469,6.311931133270264
10833,434.105,387.7686462402344,21.84749412536621
10834,434.145,384.3453369140625,11.418466567993164
10835,434.186,405.8109436035156,38.27276611328125
10836,434.226,399.4901123046875,34.623600006103516
10837,434.266,413.6163024902344,13.755908966064453
10838,434.306,414.0750427246094,13.785360336303711
10839,434.346,416.31036376953125,15.879646301269531
10840,434.386,416.7507019042969,15.312814712524414
10841,434.426,417.129150390625,12.53585433959961
10842,434.466,417.3587951660156,9.488112449645996
10843,434.506,418.0021057128906,11.899701118469238
10844,434.546,429.5578918457031,37.42076873779297
10845,434.586,422.043212890625,48.9959602355957
10846,434.626,420.3759460449219,48.642913818359375
10847,434.666,366.14837646484375,10.749032020568848
10848,434.707,nan,nan
10849,434.747,400.81494140625,34.45072555541992
10850,434.787,394.3213195800781,73.59453582763672
10851,434.827,395.8263854980469,74.9166488647461
10852,434.867,394.2692565917969,78.38973999023438
10853,434.907,395.0398864746094,80.99686431884766
10854,434.947,400.1131896972656,84.30609893798828
10855,434.987,399.30572509765625,68.08478546142578
10856,435.027,409.57427978515625,74.63327026367188
10857,435.067,399.7905578613281,88.25080108642578
10858,435.107,406.222412109375,92.00025939941406
10859,435.147,406.7689208984375,88.23513793945312
10860,435.187,411.6152648925781,98.20040893554688
10861,435.227,410.31298828125,85.61766052246094
10862,435.268,412.500244140625,80.1279067993164
10863,435.308,412.0849914550781,75.47874450683594
10864,435.348,432.1223449707031,93.63246154785156
10865,435.388,449.9590759277344,88.30458068847656
10866,435.428,449.4872741699219,88.69548797607422
10867,435.468,451.59490966796875,86.40282440185547
10868,435.508,454.4922790527344,86.65340423583984
10869,435.548,455.1556701660156,88.34800720214844
10870,435.588,452.26690673828125,90.63908386230469
10871,435.628,454.42041015625,91.50789642333984
10872,435.668,453.4239196777344,92.82254791259766
10873,435.708,454.8833923339844,92.87152862548828
10874,435.748,455.0254821777344,92.96077728271484
10875,435.788,453.62799072265625,91.31405639648438
10876,435.829,457.5404357910156,92.56300354003906
10877,435.869,481.28228759765625,104.75696563720703
10878,435.909,480.5484619140625,105.37596130371094
10879,435.949,481.8515319824219,105.47789764404297
10880,435.989,478.5452880859375,105.16573333740234
10881,436.029,482.7500305175781,104.74268341064453
10882,436.069,483.0364990234375,104.4237060546875
10883,436.109,482.1949157714844,103.96652221679688
10884,436.149,482.6889953613281,101.70281982421875
10885,436.189,482.6240539550781,99.06822204589844
10886,436.229,482.0871887207031,98.10340118408203
10887,436.269,481.94952392578125,97.59954833984375
10888,436.309,482.2493591308594,96.83705139160156
10889,436.349,483.8684387207031,96.03922271728516
10890,436.39,484.6931457519531,97.73767852783203
10891,436.43,482.9100646972656,104.23295593261719
10892,436.47,480.9576110839844,106.88311767578125
10893,436.51,480.4908447265625,107.41553497314453
10894,436.55,480.13360595703125,104.8808364868164
10895,436.59,479.45977783203125,103.38478088378906
10896,436.63,477.8224182128906,100.95502471923828
10897,436.67,492.0461730957031,115.1904525756836
10898,436.71,489.44525146484375,113.63117218017578
10899,436.75,489.6069641113281,116.9030990600586
10900,436.79,488.1541442871094,117.39202117919922
10901,436.83,485.1412048339844,117.81049346923828
10902,436.87,483.81951904296875,117.3563003540039
10903,436.91,484.1259765625,114.4496841430664
10904,436.951,487.56695556640625,112.46122741699219
10905,436.991,488.3272399902344,110.95218658447266
10906,437.031,488.05926513671875,110.93687438964844
10907,437.071,485.73626708984375,110.95524597167969
10908,437.111,485.9915771484375,111.80509948730469
10909,437.151,485.7182922363281,111.1368408203125
10910,437.191,487.04254150390625,111.49402618408203
10911,437.231,486.25872802734375,112.40288543701172
10912,437.271,486.2441101074219,113.85167694091797
10913,437.311,484.9256286621094,113.9874267578125
10914,437.351,471.1297607421875,145.98379516601562
10915,437.391,467.0245361328125,159.81785583496094
10916,437.431,468.0404968261719,159.77606201171875
10917,437.472,467.1199951171875,161.0279998779297
10918,437.512,464.7478942871094,164.5081787109375
10919,437.552,463.2414855957031,167.950439453125
10920,437.592,462.0063171386719,170.3953857421875
10921,437.632,479.4632263183594,163.03761291503906
10922,437.672,481.85205078125,157.96038818359375
10923,437.712,483.4165344238281,158.76870727539062
10924,437.752,483.3833923339844,159.8674774169922
10925,437.792,483.7898864746094,160.65518188476562
10926,437.832,487.55908203125,159.82276916503906
10927,437.872,486.00909423828125,159.78619384765625
10928,437.912,478.6988220214844,164.3853302001953
10929,437.952,473.8622741699219,163.86697387695312
10930,437.992,446.2319641113281,171.32557678222656
10931,438.033,446.6957702636719,174.01226806640625
10932,438.073,450.9865417480469,176.0791778564453
10933,438.113,450.701904296875,176.43450927734375
10934,438.153,450.5551452636719,176.08184814453125
10935,438.193,451.8641052246094,175.59178161621094
10936,438.233,450.37261962890625,174.21728515625
10937,438.273,451.89794921875,174.50103759765625
10938,438.313,451.7980651855469,174.24969482421875
10939,438.353,455.5638122558594,172.73193359375
10940,438.393,457.91046142578125,172.45640563964844
10941,438.433,458.0072937011719,170.80030822753906
10942,438.473,462.8125,157.1061553955078
10943,438.513,461.7793884277344,155.531005859375
10944,438.553,460.8565673828125,153.8861083984375
10945,438.594,464.5523681640625,152.8914031982422
10946,438.634,466.7270812988281,150.72682189941406
10947,438.674,465.6715087890625,148.5578155517578
10948,438.714,465.53314208984375,147.1184539794922
10949,438.754,465.27301025390625,145.7412872314453
10950,438.794,472.0862121582031,144.82778930664062
10951,438.834,473.1011047363281,143.32481384277344
10952,438.874,475.2344665527344,141.60626220703125
10953,438.914,475.8341064453125,141.34869384765625
10954,438.954,481.8468017578125,153.75637817382812
10955,438.994,477.8296203613281,152.2237548828125
10956,439.034,492.4986267089844,140.18795776367188
10957,439.074,495.1667175292969,137.51571655273438
10958,439.114,502.1408996582031,130.86642456054688
10959,439.155,492.71002197265625,143.08702087402344
10960,439.195,485.44342041015625,149.04132080078125
10961,439.235,484.7850036621094,147.83583068847656
10962,439.275,485.7837219238281,147.7696075439453
10963,439.315,461.5459289550781,153.20469665527344
10964,439.355,458.7988586425781,153.97344970703125
10965,439.395,456.3150939941406,154.16567993164062
10966,439.435,455.58721923828125,155.33050537109375
10967,439.475,504.39447021484375,149.65928649902344
10968,439.515,512.60205078125,150.5697479248047
10969,439.555,511.2686767578125,151.80740356445312
10970,439.595,511.74700927734375,155.4762725830078
10971,439.635,513.60302734375,160.6090850830078
10972,439.676,514.3966674804688,163.11866760253906
10973,439.716,513.5733642578125,167.51583862304688
10974,439.756,515.9944458007812,172.69827270507812
10975,439.796,516.70166015625,173.23365783691406
10976,439.836,519.51806640625,179.17396545410156
10977,439.876,533.008544921875,164.02540588378906
10978,439.916,543.6427612304688,145.71766662597656
10979,439.956,535.218994140625,144.025634765625
10980,439.996,528.3860473632812,140.84974670410156
10981,440.036,468.2024841308594,149.54641723632812
10982,440.076,432.59063720703125,145.75506591796875
10983,440.116,434.09332275390625,145.6056671142578
10984,440.156,434.9147033691406,146.12835693359375
10985,440.196,438.2967224121094,148.857421875
10986,440.237,443.8529052734375,149.25477600097656
10987,440.277,473.73358154296875,145.38148498535156
10988,440.317,472.15283203125,143.0519256591797
10989,440.357,472.0658264160156,141.9722442626953
10990,440.397,472.7023010253906,139.82618713378906
10991,440.437,474.65374755859375,140.14520263671875
10992,440.477,448.4343566894531,154.919677734375
10993,440.517,447.4205627441406,156.02606201171875
10994,440.557,447.1069641113281,156.37521362304688
10995,440.597,447.9774169921875,155.9786834716797
10996,440.637,447.7300720214844,154.8685302734375
10997,440.677,447.5876159667969,154.5137939453125
10998,440.717,446.98992919921875,155.3368682861328
10999,440.757,450.7909240722656,157.4878692626953
11000,440.798,451.108642578125,158.61715698242188
11001,440.838,452.8282775878906,152.4630889892578
11002,440.878,492.705810546875,144.6579132080078
11003,440.918,550.0408935546875,122.8799819946289
11004,440.958,551.2028198242188,123.58073425292969
11005,440.998,546.7250366210938,118.30565643310547
11006,441.038,534.8569946289062,97.34446716308594
11007,441.078,533.5437622070312,96.43425750732422
11008,441.118,536.0361938476562,99.68205261230469
11009,441.158,546.5328369140625,103.59521484375
11010,441.198,549.1348266601562,101.02017974853516
11011,441.238,551.6521606445312,103.67806243896484
11012,441.278,553.5789794921875,92.82305145263672
11013,441.318,489.3493957519531,175.31716918945312
11014,441.359,481.1127624511719,167.5086212158203
11015,441.399,478.1980895996094,164.0964813232422
11016,441.439,476.32830810546875,164.18968200683594
11017,441.479,475.58868408203125,163.7305908203125
11018,441.519,472.94500732421875,165.8447723388672
11019,441.559,470.78741455078125,165.3018035888672
11020,441.599,474.8501892089844,164.73704528808594
11021,441.639,475.2220458984375,165.4413299560547
11022,441.679,476.2345886230469,166.31939697265625
11023,441.719,476.97491455078125,165.6610870361328
11024,441.759,477.70916748046875,164.92724609375
11025,441.799,475.75018310546875,164.68698120117188
11026,441.839,473.8421630859375,164.80116271972656
11027,441.879,472.7890930175781,165.1123046875
11028,441.92,474.55389404296875,165.0865936279297
11029,441.96,484.42633056640625,166.2943572998047
11030,442.0,486.8641052246094,169.03480529785156
11031,442.04,490.3282775878906,169.27113342285156
11032,442.08,486.8099670410156,167.81678771972656
11033,442.12,451.0609130859375,175.9048309326172
11034,442.16,449.02911376953125,176.5978546142578
11035,442.2,454.9316711425781,174.67825317382812
11036,442.24,461.4037170410156,171.12660217285156
11037,442.28,461.6147766113281,171.0105743408203
11038,442.32,459.70263671875,172.1433563232422
11039,442.36,455.2283935546875,175.27867126464844
11040,442.4,453.56549072265625,235.8934326171875
11041,442.441,461.8980712890625,246.67454528808594
11042,442.481,461.3280944824219,250.0972442626953
11043,442.521,456.0386047363281,255.89413452148438
11044,442.561,458.18389892578125,254.05862426757812
11045,442.601,458.4905700683594,248.40065002441406
11046,442.641,483.7295837402344,232.94769287109375
11047,442.681,485.74444580078125,225.78492736816406
11048,442.721,486.4359436035156,223.73887634277344
11049,442.761,487.15716552734375,222.48187255859375
11050,442.801,489.35614013671875,211.8740692138672
11051,442.841,467.0891418457031,218.3090362548828
11052,442.881,463.81201171875,217.9115447998047
11053,442.921,450.0871887207031,220.4127960205078
11054,442.961,454.31756591796875,209.9002227783203
11055,443.002,462.5196533203125,205.92909240722656
11056,443.042,473.746826171875,208.12960815429688
11057,443.082,471.33404541015625,212.49990844726562
11058,443.122,471.30950927734375,213.1677703857422
11059,443.162,433.194580078125,276.07275390625
11060,443.202,425.8033752441406,243.38511657714844
11061,443.242,416.5537109375,237.13565063476562
11062,443.282,414.6604309082031,227.8441162109375
11063,443.322,419.8168640136719,223.30003356933594
11064,443.362,436.02227783203125,219.5281524658203
11065,443.402,441.84991455078125,222.7690887451172
11066,443.442,436.7118225097656,232.839111328125
11067,443.482,420.20098876953125,235.86778259277344
11068,443.522,420.4485778808594,234.61001586914062
11069,443.563,434.1585388183594,226.5220489501953
11070,443.603,435.54742431640625,220.12416076660156
11071,443.643,428.34820556640625,222.27915954589844
11072,443.683,424.5263671875,223.9010009765625
11073,443.723,427.0102844238281,218.1676025390625
11074,443.763,428.2848205566406,217.94915771484375
11075,443.803,430.5006103515625,207.48678588867188
11076,443.843,428.8443603515625,186.06246948242188
11077,443.883,454.3917236328125,183.93649291992188
11078,443.923,431.16033935546875,183.7372589111328
11079,443.963,430.4836730957031,186.8997344970703
11080,444.003,426.4061584472656,186.858642578125
11081,444.043,444.4312744140625,166.10552978515625
11082,444.083,448.6663513183594,161.30023193359375
11083,444.124,449.1272277832031,161.54945373535156
11084,444.164,449.6701354980469,162.4927978515625
11085,444.204,445.8926696777344,170.21578979492188
11086,444.244,448.6337890625,138.027587890625
11087,444.284,447.96319580078125,137.4861602783203
11088,444.324,447.6730651855469,138.1590576171875
11089,444.364,447.9728698730469,138.24798583984375
11090,444.404,446.21527099609375,138.79090881347656
11091,444.444,445.21002197265625,138.59637451171875
11092,444.484,443.4843444824219,137.70211791992188
11093,444.524,443.2251281738281,136.57766723632812
11094,444.564,442.80535888671875,135.8136749267578
11095,444.604,443.69952392578125,134.6522674560547
11096,444.644,445.0248107910156,133.48880004882812
11097,444.685,444.0645751953125,132.78460693359375
11098,444.725,446.2945861816406,130.6431121826172
11099,444.765,445.7575988769531,129.25799560546875
11100,444.805,446.18310546875,129.43093872070312
11101,444.845,446.0904541015625,128.8176727294922
11102,444.885,436.8294372558594,129.91481018066406
11103,444.925,436.12420654296875,131.50494384765625
11104,444.965,436.1266784667969,131.6924591064453
11105,445.005,436.8067626953125,133.14540100097656
11106,445.045,437.8769226074219,135.6464080810547
11107,445.085,438.7012939453125,137.12811279296875
11108,445.125,439.8719787597656,137.08413696289062
11109,445.165,440.5953674316406,137.0198974609375
11110,445.206,441.1855163574219,136.44320678710938
11111,445.246,441.2073974609375,136.2759552001953
11112,445.286,441.3631896972656,135.93247985839844
11113,445.326,423.761474609375,195.47344970703125
11114,445.366,431.4276428222656,197.8253936767578
11115,445.406,438.08935546875,200.4620361328125
11116,445.446,447.934326171875,195.02784729003906
11117,445.486,491.70361328125,136.39028930664062
11118,445.526,510.7625732421875,112.45377349853516
11119,445.566,529.58251953125,92.24038696289062
11120,445.606,535.0388793945312,101.54537200927734
11121,445.646,454.1614990234375,187.4100799560547
11122,445.686,458.54754638671875,183.90945434570312
11123,445.726,491.2383117675781,115.93869018554688
11124,445.767,463.491455078125,154.95872497558594
11125,445.807,438.161865234375,187.1544647216797
11126,445.847,440.06524658203125,206.4594268798828
11127,445.887,438.5200500488281,202.76829528808594
11128,445.927,441.54876708984375,202.8403778076172
11129,445.967,455.251953125,165.18954467773438
11130,446.007,442.52740478515625,175.4701690673828
11131,446.047,414.3003234863281,175.14561462402344
11132,446.087,407.9926452636719,180.1414337158203
11133,446.127,403.7611999511719,190.9754180908203
11134,446.167,396.2655334472656,192.326904296875
11135,446.207,390.8891906738281,187.39857482910156
11136,446.247,393.7421875,182.96304321289062
11137,446.287,396.5861511230469,181.100341796875
11138,446.328,416.4081115722656,174.80006408691406
11139,446.368,442.09527587890625,169.8840789794922
11140,446.408,437.9265441894531,171.30307006835938
11141,446.448,440.12603759765625,170.4967803955078
11142,446.488,440.86395263671875,169.31629943847656
11143,446.528,435.9039306640625,167.38047790527344
11144,446.568,433.30029296875,175.0918426513672
11145,446.608,427.96826171875,178.03810119628906
11146,446.648,427.3263244628906,180.73065185546875
11147,446.688,427.1520080566406,180.4623565673828
11148,446.728,430.525146484375,181.09246826171875
11149,446.768,429.2856140136719,169.1577911376953
11150,446.808,427.3905944824219,174.61268615722656
11151,446.848,427.3581848144531,165.6339874267578
11152,446.889,428.52886962890625,164.57740783691406
11153,446.929,429.8049621582031,170.46144104003906
11154,446.969,433.43115234375,174.09317016601562
11155,447.009,429.4815673828125,151.35092163085938
11156,447.049,428.9671630859375,151.33592224121094
11157,447.089,428.29632568359375,149.97213745117188
11158,447.129,430.3258361816406,148.77345275878906
11159,447.169,449.99761962890625,118.53544616699219
11160,447.209,450.05328369140625,121.94989013671875
11161,447.249,448.9297180175781,121.18030548095703
11162,447.289,447.66064453125,120.29452514648438
11163,447.329,447.443115234375,117.16197967529297
11164,447.369,447.4410705566406,117.89591217041016
11165,447.409,448.58111572265625,118.26740264892578
11166,447.45,449.15631103515625,118.28435516357422
11167,447.49,439.6073913574219,120.50267791748047
11168,447.53,436.7640075683594,121.15339660644531
11169,447.57,433.5846252441406,121.4053726196289
11170,447.61,432.76678466796875,119.3260726928711
11171,447.65,419.5536193847656,123.45085144042969
11172,447.69,419.2322082519531,124.29320526123047
11173,447.73,419.9203796386719,124.83418273925781
11174,447.77,419.22369384765625,124.56067657470703
11175,447.81,419.5602722167969,122.97908782958984
11176,447.85,419.9837646484375,123.23234558105469
11177,447.89,420.7341003417969,122.73357391357422
11178,447.93,420.33148193359375,121.95526885986328
11179,447.971,418.61602783203125,121.22356414794922
11180,448.011,420.3075256347656,120.35111236572266
11181,448.051,426.97943115234375,127.14794158935547
11182,448.091,429.9962158203125,127.76658630371094
11183,448.131,430.9571838378906,129.6512451171875
11184,448.171,436.08831787109375,126.43390655517578
11185,448.211,435.94720458984375,112.69349670410156
11186,448.251,440.66845703125,130.30406188964844
11187,448.291,442.3875732421875,134.31964111328125
11188,448.331,445.3681945800781,136.7053985595703
11189,448.371,449.1453857421875,140.11636352539062
11190,448.411,452.3380432128906,150.5029296875
11191,448.451,452.1705017089844,155.91238403320312
11192,448.491,450.0699768066406,159.09182739257812
11193,448.532,448.3276672363281,157.78341674804688
11194,448.572,449.3600769042969,158.58673095703125
11195,448.612,450.8089599609375,162.53378295898438
11196,448.652,450.4726257324219,174.59768676757812
11197,448.692,449.7572326660156,178.9480743408203
11198,448.732,442.8824768066406,183.6267852783203
11199,448.772,446.15899658203125,189.27745056152344
11200,448.812,445.1759033203125,188.73609924316406
11201,448.852,442.4164733886719,185.6649932861328
11202,448.892,441.1591796875,185.393798828125
11203,448.932,441.4489440917969,183.68478393554688
11204,448.972,441.2242736816406,182.2421875
11205,449.012,444.3498229980469,179.68064880371094
11206,449.052,443.97711181640625,177.79296875
11207,449.093,445.2872009277344,176.88595581054688
11208,449.133,445.068603515625,176.18505859375
11209,449.173,445.7563781738281,176.20912170410156
11210,449.213,450.88916015625,202.00172424316406
11211,449.253,461.5701599121094,194.60447692871094
11212,449.293,459.6468811035156,212.92820739746094
11213,449.333,467.09661865234375,213.0254364013672
11214,449.373,460.32012939453125,203.3050537109375
11215,449.413,459.8581237792969,201.73854064941406
11216,449.453,458.8830261230469,192.44845581054688
11217,449.493,459.64813232421875,195.4835968017578
11218,449.533,451.4205017089844,221.59841918945312
11219,449.573,440.0447998046875,231.37490844726562
11220,449.613,438.5592041015625,234.6338653564453
11221,449.654,440.9442138671875,232.63796997070312
11222,449.694,446.222412109375,230.14439392089844
11223,449.734,444.6786193847656,230.9126434326172
11224,449.774,441.2598876953125,235.4473876953125
11225,449.814,446.33355712890625,230.71197509765625
11226,449.854,449.0547180175781,229.08010864257812
11227,449.894,448.3693542480469,228.95448303222656
11228,449.934,445.3938293457031,231.43223571777344
11229,449.974,502.31964111328125,229.92919921875
11230,450.014,461.7745056152344,256.8111267089844
11231,450.054,457.4205627441406,244.59332275390625
11232,450.094,453.7770080566406,250.7022705078125
11233,450.134,451.0700378417969,249.72064208984375
11234,450.174,451.6018371582031,250.92054748535156
11235,450.215,453.7139587402344,248.03294372558594
11236,450.255,458.5393981933594,242.21937561035156
11237,450.295,455.43927001953125,245.14349365234375
11238,450.335,461.3448791503906,240.34449768066406
11239,450.375,465.59332275390625,235.63699340820312
11240,450.415,471.3765869140625,231.5384521484375
11241,450.455,455.06109619140625,230.07131958007812
11242,450.495,447.84393310546875,232.37411499023438
11243,450.535,455.18597412109375,242.026611328125
11244,450.575,457.560302734375,239.08261108398438
11245,450.615,408.4813232421875,231.89334106445312
11246,450.655,423.2692565917969,228.81422424316406
11247,450.695,429.1127624511719,213.29579162597656
11248,450.736,452.5144958496094,191.5270538330078
11249,450.776,440.67132568359375,214.2120361328125
11250,450.816,484.2657775878906,217.7962188720703
11251,450.856,428.9670715332031,214.76171875
11252,450.896,441.0980529785156,199.1920166015625
11253,450.936,441.8105163574219,197.78802490234375
11254,450.976,446.3102722167969,187.4892578125
11255,451.016,445.0634460449219,188.08187866210938
11256,451.056,451.4689636230469,163.41477966308594
11257,451.096,448.19281005859375,177.36399841308594
11258,451.136,445.0068664550781,183.77072143554688
11259,451.176,446.2679138183594,182.0378875732422
11260,451.216,444.4588623046875,181.37818908691406
11261,451.256,444.5482177734375,181.9707489013672
11262,451.297,446.74334716796875,180.35171508789062
11263,451.337,446.6515808105469,180.24179077148438
11264,451.377,445.54876708984375,178.7507781982422
11265,451.417,448.0219421386719,178.32464599609375
11266,451.457,446.20037841796875,176.47251892089844
11267,451.497,444.05169677734375,175.6643524169922
11268,451.537,443.6343688964844,174.27548217773438
11269,451.577,444.9754638671875,173.04054260253906
11270,451.617,447.3817443847656,170.8900146484375
11271,451.657,447.5548400878906,169.45472717285156
11272,451.697,427.5001525878906,205.7987060546875
11273,451.737,414.97381591796875,207.6546630859375
11274,451.777,416.8414306640625,207.1163787841797
11275,451.817,418.8240966796875,204.25286865234375
11276,451.858,420.6243591308594,198.21531677246094
11277,451.898,416.97265625,198.1548309326172
11278,451.938,417.06097412109375,196.02059936523438
11279,451.978,424.05328369140625,192.558837890625
11280,452.018,421.68865966796875,194.79164123535156
11281,452.058,453.8589782714844,159.3501739501953
11282,452.098,458.0914611816406,158.91001892089844
11283,452.138,454.6115417480469,159.142578125
11284,452.178,454.8507995605469,162.66065979003906
11285,452.218,500.1431579589844,159.8000946044922
11286,452.258,500.6717224121094,159.0051727294922
11287,452.298,500.6285400390625,158.9261474609375
11288,452.338,499.12396240234375,161.83822631835938
11289,452.378,495.6883544921875,160.58340454101562
11290,452.419,537.8923950195312,162.22450256347656
11291,452.459,543.5399780273438,165.22740173339844
11292,452.499,542.359130859375,165.5561065673828
11293,452.539,540.6456909179688,165.33526611328125
11294,452.579,535.9390869140625,165.18785095214844
11295,452.619,532.7001953125,165.6092071533203
11296,452.659,532.0944213867188,165.4390411376953
11297,452.699,532.51220703125,166.11668395996094
11298,452.739,531.7639770507812,167.4394989013672
11299,452.779,529.6498413085938,171.0286865234375
11300,452.819,534.2987060546875,159.8592529296875
11301,452.859,516.701416015625,157.50375366210938
11302,452.899,512.9736328125,158.14349365234375
11303,452.939,510.86517333984375,161.7056884765625
11304,452.98,511.3248291015625,164.74368286132812
11305,453.02,511.9669494628906,167.48533630371094
11306,453.06,480.1866455078125,156.80133056640625
11307,453.1,473.64129638671875,156.0215301513672
11308,453.14,476.4370422363281,155.42462158203125
11309,453.18,477.71258544921875,154.44151306152344
11310,453.22,473.75445556640625,153.1219940185547
11311,453.26,471.1961669921875,151.6232452392578
11312,453.3,467.5622253417969,151.85043334960938
11313,453.34,459.9632873535156,153.83135986328125
11314,453.38,465.15704345703125,155.47361755371094
11315,453.42,496.16534423828125,140.4412841796875
11316,453.46,506.9056701660156,132.31858825683594
11317,453.501,508.4016418457031,131.582763671875
11318,453.541,506.4837951660156,133.03720092773438
11319,453.581,506.2861328125,134.8284912109375
11320,453.621,505.3751220703125,136.162109375
11321,453.661,503.8607177734375,138.3358612060547
11322,453.701,473.0732727050781,114.4814453125
11323,453.741,536.0447998046875,116.33605194091797
11324,453.781,491.43817138671875,116.46943664550781
11325,453.821,470.87481689453125,114.00587463378906
11326,453.861,469.7526550292969,112.2822265625
11327,453.901,472.7606201171875,111.02621459960938
11328,453.941,526.3602294921875,126.70249938964844
11329,453.981,525.2398681640625,117.33065795898438
11330,454.021,523.0379028320312,116.90404510498047
11331,454.062,525.0308227539062,120.96253204345703
11332,454.102,525.2386474609375,123.30453491210938
11333,454.142,527.5032348632812,124.84613800048828
11334,454.182,511.09393310546875,92.89986419677734
11335,454.222,504.7820739746094,78.02498626708984
11336,454.262,504.3291320800781,74.11647033691406
11337,454.302,504.8117980957031,88.8291015625
11338,454.342,507.82781982421875,81.60011291503906
11339,454.382,528.0484008789062,175.5489501953125
11340,454.422,534.3934936523438,181.81314086914062
11341,454.462,541.9483642578125,172.52294921875
11342,454.502,534.3380737304688,181.87725830078125
11343,454.542,530.5640258789062,178.9222869873047
11344,454.582,527.4432983398438,172.94830322265625
11345,454.623,528.9359130859375,170.5955352783203
11346,454.663,533.9058837890625,153.75872802734375
11347,454.703,530.7896118164062,161.91510009765625
11348,454.743,531.2958984375,163.0933074951172
11349,454.783,531.885986328125,163.37730407714844
11350,454.823,531.0473022460938,162.41561889648438
11351,454.863,528.1650390625,163.75323486328125
11352,454.903,525.5722045898438,162.78079223632812
11353,454.943,525.741455078125,159.09695434570312
11354,454.983,521.1648559570312,162.728759765625
11355,455.023,514.9361572265625,161.9131317138672
11356,455.063,511.14483642578125,166.6427001953125
11357,455.103,506.4859313964844,167.8175506591797
11358,455.143,503.21099853515625,169.38943481445312
11359,455.184,499.1896667480469,169.3422393798828
11360,455.224,489.2516174316406,169.7324676513672
11361,455.264,496.6482238769531,172.33204650878906
11362,455.304,493.59442138671875,172.51431274414062
11363,455.344,490.9402770996094,174.38970947265625
11364,455.384,484.3149108886719,175.62905883789062
11365,455.424,462.174560546875,185.44664001464844
11366,455.464,457.1570739746094,184.80361938476562
11367,455.504,457.21221923828125,183.5473175048828
11368,455.544,458.75738525390625,183.05616760253906
11369,455.584,447.21636962890625,177.27574157714844
11370,455.624,460.6012268066406,182.1444091796875
11371,455.664,461.2104187011719,197.5405731201172
11372,455.705,471.1832275390625,192.54637145996094
11373,455.745,463.24969482421875,195.8132781982422
11374,455.785,464.5467834472656,197.99253845214844
11375,455.825,461.6286926269531,198.91064453125
11376,455.865,462.00225830078125,200.1135711669922
11377,455.905,474.9869079589844,210.3026580810547
11378,455.945,471.4449768066406,204.90872192382812
11379,455.985,476.6888427734375,212.36997985839844
11380,456.025,467.2648620605469,207.13272094726562
11381,456.065,462.6650085449219,215.29148864746094
11382,456.105,461.8206481933594,205.35845947265625
11383,456.145,465.5289306640625,202.88265991210938
11384,456.185,465.45404052734375,196.79550170898438
11385,456.225,464.6593322753906,198.241943359375
11386,456.266,466.4753112792969,197.1525421142578
11387,456.306,467.8004455566406,195.02349853515625
11388,456.346,468.3073425292969,185.62071228027344
11389,456.386,471.0301818847656,179.34628295898438
11390,456.426,471.44384765625,175.56005859375
11391,456.466,465.5482482910156,184.37936401367188
11392,456.506,466.4057922363281,185.6046600341797
11393,456.546,461.8167419433594,215.6249237060547
11394,456.586,458.7444152832031,220.2916717529297
11395,456.626,463.0941467285156,229.0342559814453
11396,456.666,459.4440612792969,223.4532012939453
11397,456.706,461.6684265136719,224.52049255371094
11398,456.746,467.929443359375,222.8426513671875
11399,456.786,475.42657470703125,220.92572021484375
11400,456.827,472.8069152832031,222.41329956054688
11401,456.867,474.532958984375,195.09181213378906
11402,456.907,463.3882751464844,196.6977081298828
11403,456.947,461.13714599609375,196.0120086669922
11404,456.987,463.0181884765625,195.1098175048828
11405,457.027,454.19403076171875,201.5454864501953
11406,457.067,458.6817626953125,185.3820037841797
11407,457.107,467.45745849609375,167.33641052246094
11408,457.147,471.8689880371094,173.70626831054688
11409,457.187,475.0537414550781,175.6143341064453
11410,457.227,475.5445556640625,174.99974060058594
11411,457.267,474.14349365234375,170.0052032470703
11412,457.307,472.3673095703125,164.95924377441406
11413,457.347,474.1475830078125,163.87747192382812
11414,457.388,474.3084411621094,162.94485473632812
11415,457.428,475.20208740234375,162.28370666503906
11416,457.468,465.2467041015625,163.2513427734375
11417,457.508,458.9169006347656,164.54129028320312
11418,457.548,455.8266296386719,165.56491088867188
11419,457.588,453.88446044921875,167.3810272216797
11420,457.628,452.3697204589844,168.6345672607422
11421,457.668,453.9731750488281,167.99986267089844
11422,457.708,458.2074279785156,166.84976196289062
11423,457.748,464.1497497558594,165.9014434814453
11424,457.788,463.71697998046875,168.263671875
11425,457.828,465.1427307128906,168.65194702148438
11426,457.868,465.4615173339844,167.98388671875
11427,457.908,466.5198059082031,166.56712341308594
11428,457.949,467.86602783203125,164.80807495117188
11429,457.989,469.3216552734375,165.01707458496094
11430,458.029,474.0039978027344,148.32196044921875
11431,458.069,470.28826904296875,143.3897247314453
11432,458.109,470.6532287597656,145.12954711914062
11433,458.149,471.59649658203125,147.1827850341797
11434,458.189,472.46466064453125,147.21986389160156
11435,458.229,473.3347473144531,147.3275146484375
11436,458.269,475.91455078125,147.82469177246094
11437,458.309,473.5979309082031,147.92611694335938
11438,458.349,473.1806335449219,148.1744384765625
11439,458.389,472.44012451171875,147.88807678222656
11440,458.429,470.522216796875,145.7606201171875
11441,458.47,473.3876647949219,143.9556427001953
11442,458.51,477.60748291015625,150.95504760742188
11443,458.55,483.7942810058594,190.69874572753906
11444,458.59,486.9342956542969,184.1737518310547
11445,458.63,486.87469482421875,183.40252685546875
11446,458.67,488.2232666015625,181.49888610839844
11447,458.71,488.952392578125,181.7479705810547
11448,458.75,488.38421630859375,181.65191650390625
11449,458.79,487.7608947753906,183.38803100585938
11450,458.83,467.1241149902344,175.66136169433594
11451,458.87,465.9259033203125,176.77052307128906
11452,458.91,464.6203918457031,176.6416015625
11453,458.95,466.0790710449219,176.09751892089844
11454,458.99,467.1262512207031,174.77952575683594
11455,459.031,466.6004638671875,173.8173370361328
11456,459.071,465.2109375,171.56683349609375
11457,459.111,466.8348693847656,169.80996704101562
11458,459.151,469.06732177734375,163.7170867919922
11459,459.191,468.9755554199219,162.11021423339844
11460,459.231,469.4433288574219,160.35374450683594
11461,459.271,469.8630676269531,160.8475799560547
11462,459.311,471.3476257324219,159.9646759033203
11463,459.351,471.46734619140625,160.7932586669922
11464,459.391,469.7272644042969,161.77114868164062
11465,459.431,470.2539367675781,162.56016540527344
11466,459.471,470.0865783691406,163.83837890625
11467,459.511,464.317626953125,177.3320770263672
11468,459.551,457.67840576171875,180.1282501220703
11469,459.592,458.1523742675781,169.9879913330078
11470,459.632,457.4395751953125,169.71466064453125
11471,459.672,459.9695739746094,171.54434204101562
11472,459.712,459.67156982421875,181.9091796875
11473,459.752,460.85467529296875,181.31546020507812
11474,459.792,467.0303039550781,178.18753051757812
11475,459.832,466.8166198730469,175.55520629882812
11476,459.872,467.5631103515625,167.53907775878906
11477,459.912,466.9368591308594,162.81951904296875
11478,459.952,469.823486328125,167.30287170410156
11479,459.992,469.7700500488281,169.18844604492188
11480,460.032,470.739990234375,170.25057983398438
11481,460.072,461.7769470214844,187.86825561523438
11482,460.112,457.7601013183594,181.78042602539062
11483,460.153,455.7480773925781,189.085205078125
11484,460.193,456.214111328125,189.9684295654297
11485,460.233,455.4169006347656,192.82418823242188
11486,460.273,456.1622314453125,192.45928955078125
11487,460.313,484.7452392578125,172.3302764892578
11488,460.353,488.287109375,155.8419952392578
11489,460.393,487.8776550292969,155.15419006347656
11490,460.433,489.18975830078125,154.4327392578125
11491,460.473,490.6627502441406,153.4484405517578
11492,460.513,485.8603515625,153.73712158203125
11493,460.553,491.2441711425781,152.954345703125
11494,460.593,493.72625732421875,152.0865936279297
11495,460.633,498.8238220214844,151.38131713867188
11496,460.673,494.85198974609375,150.53121948242188
11497,460.714,482.7398376464844,151.58802795410156
11498,460.754,484.71820068359375,153.20352172851562
11499,460.794,481.7259216308594,153.1011505126953
11500,460.834,481.8641357421875,152.77186584472656
11501,460.874,493.26055908203125,153.8240203857422
11502,460.914,501.08905029296875,163.45285034179688
11503,460.954,502.34991455078125,164.14515686035156
11504,460.994,502.93255615234375,164.01080322265625
11505,461.034,505.4273376464844,163.2324981689453
11506,461.074,507.06744384765625,157.94924926757812
11507,461.114,509.40740966796875,155.1058807373047
11508,461.154,525.6329345703125,158.00497436523438
11509,461.194,528.2469482421875,157.6710968017578
11510,461.235,534.15283203125,160.04722595214844
11511,461.275,533.289306640625,159.0922393798828
11512,461.315,535.2499389648438,156.6339111328125
11513,461.355,526.8695678710938,137.81739807128906
11514,461.395,524.289794921875,141.81414794921875
11515,461.435,517.8936767578125,147.830322265625
11516,461.475,518.8709716796875,146.4640655517578
11517,461.515,519.2135620117188,146.6026611328125
11518,461.555,521.0018310546875,144.87867736816406
11519,461.595,515.3187255859375,156.34848022460938
11520,461.635,515.7605590820312,156.20791625976562
11521,461.675,515.6322021484375,155.9393768310547
11522,461.715,515.0833129882812,155.08285522460938
11523,461.755,513.2052612304688,155.18731689453125
11524,461.796,505.9773254394531,169.23046875
11525,461.836,514.1435546875,155.16062927246094
11526,461.876,508.66400146484375,153.2812042236328
11527,461.916,512.2777099609375,151.34303283691406
11528,461.956,514.220703125,150.72308349609375
11529,461.996,516.67919921875,149.6806640625
11530,462.036,517.7462158203125,147.93055725097656
11531,462.076,525.61376953125,144.66177368164062
11532,462.116,531.4591674804688,142.97035217285156
11533,462.156,531.6206665039062,141.5330047607422
11534,462.196,531.552978515625,140.16688537597656
11535,462.236,532.1005249023438,140.3404541015625
11536,462.276,531.3489379882812,142.36512756347656
11537,462.316,528.7590942382812,142.2029571533203
11538,462.357,522.1613159179688,142.35488891601562
11539,462.397,526.5731811523438,135.81365966796875
11540,462.437,526.824462890625,133.13662719726562
11541,462.477,527.7012329101562,133.33932495117188
11542,462.517,528.57080078125,132.93753051757812
11543,462.557,527.5758666992188,132.82847595214844
11544,462.597,527.9649047851562,134.3419952392578
11545,462.637,527.6541748046875,135.0974884033203
11546,462.677,528.7951049804688,135.15249633789062
11547,462.717,530.6561889648438,135.9686279296875
11548,462.757,527.5878295898438,135.38922119140625
11549,462.797,516.701171875,141.0656280517578
11550,462.837,516.8253173828125,139.6510009765625
11551,462.877,520.5630493164062,138.16151428222656
11552,462.918,522.240478515625,136.82632446289062
11553,462.958,522.420166015625,136.32415771484375
11554,462.998,520.2736206054688,136.34683227539062
11555,463.038,518.1112670898438,135.35906982421875
11556,463.078,516.4076538085938,134.62490844726562
11557,463.118,517.5408935546875,134.82537841796875
11558,463.158,516.8863525390625,133.22113037109375
11559,463.198,517.0176391601562,133.52835083007812
11560,463.238,517.3829956054688,134.7187957763672
11561,463.278,517.228759765625,135.75587463378906
11562,463.318,517.6595458984375,135.84364318847656
11563,463.358,516.4782104492188,137.13746643066406
11564,463.398,518.2213134765625,135.6851348876953
11565,463.438,518.8114624023438,135.54934692382812
11566,463.479,519.9481201171875,136.33255004882812
11567,463.519,520.2230834960938,136.94744873046875
11568,463.559,520.38232421875,136.8646697998047
11569,463.599,520.0987548828125,136.68406677246094
11570,463.639,518.3841552734375,136.46435546875
11571,463.679,519.9436645507812,136.76454162597656
11572,463.719,522.9891357421875,136.3406982421875
11573,463.759,520.3155517578125,113.51062774658203
11574,463.799,521.4301147460938,114.90176391601562
11575,463.839,523.7305908203125,115.63925170898438
11576,463.879,516.7730712890625,92.74652099609375
11577,463.919,512.8314208984375,85.59872436523438
11578,463.959,506.8208312988281,74.23419952392578
11579,464.0,508.1957092285156,74.46066284179688
11580,464.04,520.5814819335938,99.40188598632812
11581,464.08,527.160888671875,101.37837219238281
11582,464.12,526.722900390625,111.58885192871094
11583,464.16,522.155517578125,112.8086166381836
11584,464.2,522.8018798828125,109.04492950439453
11585,464.24,523.982421875,97.4420166015625
11586,464.28,527.88525390625,101.55972290039062
11587,464.32,526.5677490234375,93.03087615966797
11588,464.36,530.4361572265625,92.63935852050781
11589,464.4,535.1177978515625,90.87769317626953
11590,464.44,537.0222778320312,91.10736083984375
11591,464.48,533.4751586914062,92.69499969482422
11592,464.52,534.965087890625,91.88044738769531
11593,464.561,538.0817260742188,92.4954605102539
11594,464.601,539.7938842773438,98.80770874023438
11595,464.641,543.2610473632812,91.66692352294922
11596,464.681,514.5564575195312,91.95791625976562
11597,464.721,510.44732666015625,96.62207794189453
11598,464.761,509.83447265625,97.81560516357422
11599,464.801,509.6701354980469,98.34883880615234
11600,464.841,511.3107604980469,97.70008850097656
11601,464.881,512.4464111328125,97.23741149902344
11602,464.921,530.5081787109375,116.55880737304688
11603,464.961,529.5159301757812,127.38935089111328
11604,465.001,529.8543701171875,105.96905517578125
11605,465.041,559.2421875,103.33416748046875
11606,465.081,562.77685546875,94.58163452148438
11607,465.122,518.9009399414062,102.27688598632812
11608,465.162,526.5674438476562,103.91482543945312
11609,465.202,525.3406372070312,104.9880599975586
11610,465.242,527.0552368164062,105.9919204711914
11611,465.282,539.385498046875,101.40371704101562
11612,465.322,590.4224243164062,35.74808120727539
11613,465.362,535.6676025390625,99.62081909179688
11614,465.402,539.337158203125,99.64617919921875
11615,465.442,541.5340576171875,92.73068237304688
11616,465.482,566.0239868164062,66.83318328857422
11617,465.522,580.365966796875,50.118194580078125
11618,465.562,588.52392578125,38.851600646972656
11619,465.602,542.536376953125,97.64375305175781
11620,465.642,522.3469848632812,108.10333251953125
11621,465.683,507.38409423828125,105.8646240234375
11622,465.723,492.6845397949219,102.17938232421875
11623,465.763,488.9037780761719,101.95936584472656
11624,465.803,490.3131103515625,102.07683563232422
11625,465.843,492.050048828125,102.14100646972656
11626,465.883,493.8222961425781,101.85209655761719
11627,465.923,510.767822265625,98.34073638916016
11628,465.963,522.294189453125,98.64634704589844
11629,466.003,531.8233032226562,93.53865051269531
11630,466.043,527.9700927734375,91.86466979980469
11631,466.083,523.0994262695312,91.8382339477539
11632,466.123,522.2540283203125,91.42984771728516
11633,466.163,552.07080078125,100.53598022460938
11634,466.203,532.0489501953125,99.24520111083984
11635,466.244,566.7683715820312,69.14225006103516
11636,466.284,589.5404052734375,48.1905517578125
11637,466.324,585.677734375,40.907493591308594
11638,466.364,626.2698364257812,39.57534408569336
11639,466.404,581.6903076171875,57.2469482421875
11640,466.444,573.942138671875,59.315433502197266
11641,466.484,557.0826416015625,59.80561828613281
11642,466.524,555.9692993164062,58.33314895629883
11643,466.564,557.0232543945312,60.73409652709961
11644,466.604,559.0098876953125,61.12956619262695
11645,466.644,558.656982421875,59.94661331176758
11646,466.684,558.1002197265625,63.19135284423828
11647,466.724,550.6442260742188,68.55823516845703
11648,466.765,553.7324829101562,70.01260375976562
11649,466.805,555.0060424804688,70.49445343017578
11650,466.845,569.4441528320312,60.08045959472656
11651,466.885,560.7354736328125,79.67620086669922
11652,466.925,519.4739990234375,91.33333587646484
11653,466.965,521.4985961914062,91.60081481933594
11654,467.005,519.0765991210938,95.18109130859375
11655,467.045,526.4063720703125,112.82819366455078
11656,467.085,526.0071411132812,112.66355895996094
11657,467.125,524.0107421875,111.84049224853516
11658,467.165,513.4559936523438,106.46371459960938
11659,467.205,498.1519775390625,103.43962097167969
11660,467.245,488.4634094238281,95.33580780029297
11661,467.285,491.39056396484375,92.18688201904297
11662,467.326,487.69818115234375,89.45881652832031
11663,467.366,484.2979431152344,88.4051742553711
11664,467.406,507.4914855957031,86.39535522460938
11665,467.446,525.7245483398438,88.04004669189453
11666,467.486,506.6011962890625,89.09429931640625
11667,467.526,533.2825317382812,88.53209686279297
11668,467.566,535.8582153320312,101.15247344970703
11669,467.606,532.3778076171875,101.82083892822266
11670,467.646,532.481689453125,102.92639923095703
11671,467.686,532.048828125,103.07820129394531
11672,467.726,518.5359497070312,97.76303100585938
11673,467.766,524.3381958007812,95.13933563232422
11674,467.806,519.3890380859375,92.67052459716797
11675,467.846,527.6160278320312,100.7546615600586
11676,467.887,525.7276611328125,102.89110565185547
11677,467.927,558.1008911132812,65.68572235107422
11678,467.967,539.3728637695312,61.65571975708008
11679,468.007,561.6533813476562,6.935022830963135
11680,468.047,576.2916259765625,46.83283996582031
11681,468.087,587.5422973632812,48.79380416870117
11682,468.127,555.2886962890625,90.14899444580078
11683,468.167,514.11279296875,97.24152374267578
11684,468.207,518.3299560546875,93.08688354492188
11685,468.247,552.2256469726562,90.78609466552734
11686,468.287,552.35302734375,87.2252197265625
11687,468.327,581.9359130859375,57.26433563232422
11688,468.367,589.311767578125,48.918418884277344
11689,468.407,597.6107788085938,38.526222229003906
11690,468.448,527.2462158203125,93.35697174072266
11691,468.488,606.6893310546875,84.92841339111328
11692,468.528,581.9120483398438,88.0533447265625
11693,468.568,607.9963989257812,94.02327728271484
11694,468.608,605.5355224609375,94.1614990234375
11695,468.648,619.21044921875,78.08467102050781
11696,468.688,575.68310546875,84.98385620117188
11697,468.728,590.637451171875,94.15973663330078
11698,468.768,580.7962036132812,99.04756164550781
11699,468.808,599.22412109375,101.53007507324219
11700,468.848,594.5170288085938,104.44818115234375
11701,468.888,653.1826171875,75.66084289550781
11702,468.928,734.3388061523438,70.93441772460938
11703,468.969,621.2634887695312,90.68871307373047
11704,469.009,611.2886352539062,90.73562622070312
11705,469.049,635.8753662109375,69.63258361816406
11706,469.089,621.9606323242188,71.32493591308594
11707,469.129,525.7490844726562,130.3648681640625
11708,469.169,531.4443969726562,148.31146240234375
11709,469.209,535.0436401367188,151.50836181640625
11710,469.249,536.466796875,154.63555908203125
11711,469.289,536.6837768554688,157.11911010742188
11712,469.329,537.3734130859375,158.51834106445312
11713,469.369,535.6326904296875,158.3765869140625
11714,469.409,536.50830078125,157.9083709716797
11715,469.449,537.1306762695312,157.06861877441406
11716,469.489,537.4037475585938,156.89669799804688
11717,469.53,539.8496704101562,159.47044372558594
11718,469.57,540.1029052734375,165.28599548339844
11719,469.61,541.7533569335938,162.8181610107422
11720,469.65,542.3338012695312,156.8303985595703
11721,469.69,542.4193115234375,153.14205932617188
11722,469.73,541.3533935546875,151.49697875976562
11723,469.77,537.6039428710938,150.5349884033203
11724,469.81,535.4757080078125,149.5440216064453
11725,469.85,538.0769653320312,148.00894165039062
11726,469.89,537.4044799804688,147.3025665283203
11727,469.93,537.5455322265625,147.13427734375
11728,469.97,538.83544921875,147.15921020507812
11729,470.01,537.5806884765625,146.20062255859375
11730,470.05,537.5643310546875,146.62742614746094
11731,470.091,534.7340087890625,146.52423095703125
11732,470.131,532.4991455078125,146.65174865722656
11733,470.171,535.0841674804688,146.9688720703125
11734,470.211,542.2890014648438,146.4938201904297
11735,470.251,541.5092163085938,149.95249938964844
11736,470.291,540.7385864257812,151.79745483398438
11737,470.331,541.8672485351562,152.26919555664062
11738,470.371,543.1563720703125,151.7403564453125
11739,470.411,506.8523864746094,141.62399291992188
11740,470.451,492.4226379394531,128.69027709960938
11741,470.491,490.7988586425781,125.92018127441406
11742,470.531,487.4096984863281,122.48628997802734
11743,470.571,494.3974609375,125.14944458007812
11744,470.611,494.879638671875,125.1731185913086
11745,470.652,531.1414794921875,113.1676254272461
11746,470.692,548.75341796875,106.57989501953125
11747,470.732,561.033935546875,131.71971130371094
11748,470.772,519.5122680664062,137.82041931152344
11749,470.812,515.4091796875,138.67755126953125
11750,470.852,509.38690185546875,137.22085571289062
11751,470.892,534.7544555664062,137.0050811767578
11752,470.932,550.7676391601562,139.97064208984375
11753,470.972,550.7784423828125,137.86285400390625
11754,471.012,577.562744140625,116.39327239990234
11755,471.052,578.0928344726562,114.34130096435547
11756,471.092,576.6455688476562,120.81758117675781
11757,471.132,579.8755493164062,122.20343017578125
11758,471.172,587.6519165039062,123.09827423095703
11759,471.213,590.9978637695312,115.4652099609375
11760,471.253,593.0792846679688,124.89725494384766
11761,471.293,633.6250610351562,97.59160614013672
11762,471.333,638.0194091796875,101.15131378173828
11763,471.373,637.808837890625,107.42082214355469
11764,471.413,622.7244873046875,122.70926666259766
11765,471.453,618.12890625,124.75824737548828
11766,471.493,612.6282958984375,103.48082733154297
11767,471.533,647.40283203125,66.76448059082031
11768,471.573,642.740966796875,49.32841491699219
11769,471.613,629.720703125,13.784735679626465
11770,471.653,625.3587036132812,58.1112174987793
11771,471.693,641.86962890625,75.86790466308594
11772,471.734,618.704833984375,90.14698028564453
11773,471.774,611.349853515625,97.24254608154297
11774,471.814,632.9185791015625,88.9579086303711
11775,471.854,647.2312622070312,90.32451629638672
11776,471.894,629.7891235351562,87.93878173828125
11777,471.934,605.9970703125,80.45053100585938
11778,471.974,608.9305419921875,77.0123062133789
11779,472.014,616.7642211914062,97.47867584228516
11780,472.054,609.579833984375,93.90179443359375
11781,472.094,566.3432006835938,148.17681884765625
11782,472.134,564.5480346679688,179.48895263671875
11783,472.174,566.7236328125,180.9365692138672
11784,472.214,567.1058349609375,182.28341674804688
11785,472.254,566.27587890625,182.2020721435547
11786,472.295,564.569580078125,181.48890686035156
11787,472.335,563.9754638671875,181.9560089111328
11788,472.375,563.085693359375,182.52906799316406
11789,472.415,563.3383178710938,183.79965209960938
11790,472.455,539.8085327148438,186.3745574951172
11791,472.495,524.9376831054688,198.13748168945312
11792,472.535,503.5074157714844,196.94345092773438
11793,472.575,499.2686767578125,182.20240783691406
11794,472.615,499.681396484375,210.75685119628906
11795,472.655,493.7546081542969,205.60946655273438
11796,472.695,502.8429870605469,207.13711547851562
11797,472.735,502.4092102050781,204.4593505859375
11798,472.775,495.0181579589844,189.24562072753906
11799,472.815,504.9027404785156,186.08494567871094
11800,472.856,505.9532775878906,176.30276489257812
11801,472.896,483.9424743652344,196.06686401367188
11802,472.936,486.93475341796875,191.72283935546875
11803,472.976,488.7381286621094,198.54226684570312
11804,473.016,510.8771057128906,171.06907653808594
11805,473.056,494.2087707519531,211.47325134277344
11806,473.096,491.7042541503906,223.78770446777344
11807,473.136,469.0207214355469,209.2296600341797
11808,473.176,465.5439758300781,209.29953002929688
11809,473.216,460.111572265625,211.7111053466797
11810,473.256,483.12396240234375,202.05612182617188
11811,473.296,453.82403564453125,228.69863891601562
11812,473.336,437.9373779296875,231.5225830078125
11813,473.376,438.63629150390625,293.19390869140625
11814,473.417,nan,nan
11815,473.457,414.9737548828125,301.0224914550781
11816,473.497,418.5457763671875,280.1165466308594
11817,473.537,419.81378173828125,275.9713439941406
11818,473.577,415.68792724609375,274.4858703613281
11819,473.617,408.078125,274.72198486328125
11820,473.657,401.99517822265625,272.85833740234375
11821,473.697,414.9080505371094,266.79852294921875
11822,473.737,414.7464599609375,265.1942138671875
11823,473.777,413.6171569824219,264.30078125
11824,473.817,411.3531494140625,262.031005859375
11825,473.857,410.81005859375,260.3856506347656
11826,473.897,412.8811340332031,259.2969055175781
11827,473.937,424.97344970703125,259.0584716796875
11828,473.978,448.2615966796875,227.35581970214844
11829,474.018,449.4594421386719,224.72975158691406
11830,474.058,448.7745666503906,235.30325317382812
11831,474.098,438.680908203125,235.26283264160156
11832,474.138,437.37188720703125,235.52699279785156
11833,474.178,435.5849609375,222.11402893066406
11834,474.218,433.82794189453125,218.77377319335938
11835,474.258,425.5339050292969,251.27394104003906
11836,474.298,404.18365478515625,253.2101287841797
11837,474.338,413.62408447265625,267.3613586425781
11838,474.378,418.7180480957031,260.8898010253906
11839,474.418,415.1286926269531,263.0040283203125
11840,474.458,418.07708740234375,261.0038757324219
11841,474.499,415.27978515625,259.8255920410156
11842,474.539,421.0991516113281,261.8155822753906
11843,474.579,413.2084045410156,256.6065979003906
11844,474.619,414.75341796875,260.1283264160156
11845,474.659,414.1297912597656,257.86883544921875
11846,474.699,418.5720520019531,256.1717224121094
11847,474.739,420.95843505859375,255.71922302246094
11848,474.779,427.9587707519531,266.2437438964844
11849,474.819,428.795166015625,262.00799560546875
11850,474.859,430.74395751953125,252.1436309814453
11851,474.899,430.2701416015625,249.4834747314453
11852,474.939,432.3427734375,253.5604705810547
11853,474.979,423.3067321777344,263.8412170410156
11854,475.019,438.5129699707031,245.03811645507812
11855,475.06,452.5157165527344,228.62120056152344
11856,475.1,443.2777404785156,226.94581604003906
11857,475.14,442.01873779296875,231.08726501464844
11858,475.18,441.4410400390625,231.0940399169922
11859,475.22,447.4067077636719,245.14895629882812
11860,475.26,438.9109191894531,243.5979461669922
11861,475.3,437.64129638671875,240.6055450439453
11862,475.34,437.2510986328125,234.34043884277344
11863,475.38,439.5787048339844,234.0593719482422
11864,475.42,440.5591735839844,234.20237731933594
11865,475.46,443.907470703125,235.40951538085938
11866,475.5,445.58984375,223.2438507080078
11867,475.54,445.57928466796875,228.26055908203125
11868,475.58,447.923095703125,227.1446075439453
11869,475.621,450.7524719238281,228.70217895507812
11870,475.661,456.56671142578125,224.04843139648438
11871,475.701,457.88348388671875,220.35906982421875
11872,475.741,453.1893310546875,217.2772216796875
11873,475.781,455.2396545410156,216.33563232421875
11874,475.821,453.6723937988281,199.49676513671875
11875,475.861,450.1421203613281,209.6466064453125
11876,475.901,467.9471740722656,202.60903930664062
11877,475.941,457.4784240722656,192.94615173339844
11878,475.981,445.01068115234375,205.79776000976562
11879,476.021,449.0674743652344,189.62319946289062
11880,476.061,451.5364685058594,204.16029357910156
11881,476.101,455.45880126953125,195.90325927734375
11882,476.141,464.40252685546875,182.69964599609375
11883,476.182,461.5188903808594,178.44851684570312
11884,476.222,459.0915222167969,181.09361267089844
11885,476.262,458.5617370605469,179.71652221679688
11886,476.302,457.7565612792969,178.26356506347656
11887,476.342,453.93304443359375,183.24462890625
11888,476.382,459.01873779296875,183.32174682617188
11889,476.422,462.17913818359375,184.0842742919922
11890,476.462,463.52716064453125,183.78271484375
11891,476.502,470.77734375,175.00320434570312
11892,476.542,471.07049560546875,174.3561553955078
11893,476.582,470.0282897949219,171.98379516601562
11894,476.622,465.8912658691406,170.46826171875
11895,476.662,466.0003967285156,169.19229125976562
11896,476.702,470.6243896484375,176.63865661621094
11897,476.743,471.17767333984375,179.6795196533203
11898,476.783,473.06793212890625,183.30819702148438
11899,476.823,468.0835876464844,175.1663360595703
11900,476.863,466.5053405761719,172.1851043701172
11901,476.903,468.08575439453125,167.39273071289062
11902,476.943,472.6511535644531,164.61659240722656
11903,476.983,482.0190734863281,169.55909729003906
11904,477.023,485.1160888671875,173.2244873046875
11905,477.063,488.755126953125,173.16749572753906
11906,477.103,489.93505859375,166.81185913085938
11907,477.143,488.16546630859375,160.0247802734375
11908,477.183,489.1041564941406,161.14376831054688
11909,477.223,489.577880859375,160.653564453125
11910,477.264,490.9259033203125,159.83790588378906
11911,477.304,488.2587890625,160.77682495117188
11912,477.344,488.20904541015625,158.57623291015625
11913,477.384,485.6260070800781,157.65390014648438
11914,477.424,486.2220764160156,156.97276306152344
11915,477.464,492.3678283691406,156.99893188476562
11916,477.504,491.7108459472656,156.28713989257812
11917,477.544,491.6505432128906,154.84326171875
11918,477.584,491.8047790527344,154.66529846191406
11919,477.624,491.5809326171875,154.9676055908203
11920,477.664,491.0511169433594,155.66525268554688
11921,477.704,491.89361572265625,155.7037811279297
11922,477.744,492.20391845703125,155.69805908203125
11923,477.784,492.49658203125,155.45346069335938
11924,477.825,492.3756103515625,154.93690490722656
11925,477.865,485.3341979980469,154.97482299804688
11926,477.905,496.93658447265625,147.17050170898438
11927,477.945,492.1885070800781,151.5224151611328
11928,477.985,492.87152099609375,153.151611328125
11929,478.025,494.9214782714844,155.25987243652344
11930,478.065,487.8348083496094,161.93759155273438
11931,478.105,482.1114196777344,163.3476104736328
11932,478.145,481.6871643066406,163.8249053955078
11933,478.185,481.850341796875,162.4009246826172
11934,478.225,480.3046569824219,161.91683959960938
11935,478.265,498.2724914550781,165.86444091796875
11936,478.305,506.23712158203125,169.10716247558594
11937,478.345,507.98828125,169.70103454589844
11938,478.386,509.1694030761719,168.6129608154297
11939,478.426,510.1908874511719,167.8828887939453
11940,478.466,512.9557495117188,166.60360717773438
11941,478.506,515.5003662109375,165.0559844970703
11942,478.546,512.8217163085938,163.01344299316406
11943,478.586,512.2564697265625,162.98777770996094
11944,478.626,512.22900390625,163.50242614746094
11945,478.666,509.796875,162.75775146484375
11946,478.706,510.3851318359375,162.00607299804688
11947,478.746,512.5625,161.3018341064453
11948,478.786,512.0118408203125,161.19874572753906
11949,478.826,511.0164489746094,160.49224853515625
11950,478.866,512.4266357421875,160.8652801513672
11951,478.906,514.4671020507812,160.58758544921875
11952,478.947,514.0364379882812,162.1605987548828
11953,478.987,515.0263061523438,161.37400817871094
11954,479.027,514.2022094726562,160.3224334716797
11955,479.067,514.2189331054688,159.89268493652344
11956,479.107,506.0671691894531,166.88404846191406
11957,479.147,504.8633728027344,168.31202697753906
11958,479.187,498.63287353515625,169.42633056640625
11959,479.227,495.0528869628906,168.2772216796875
11960,479.267,492.98944091796875,167.7179718017578
11961,479.307,493.17431640625,167.20248413085938
11962,479.347,493.03265380859375,166.95997619628906
11963,479.387,491.2978515625,166.74082946777344
11964,479.427,492.7338562011719,166.44544982910156
11965,479.467,494.8040771484375,165.39915466308594
11966,479.508,495.7115173339844,164.23268127441406
11967,479.548,495.7322998046875,163.12400817871094
11968,479.588,493.14154052734375,163.05084228515625
11969,479.628,495.14825439453125,163.0199432373047
11970,479.668,494.4425964355469,162.41854858398438
11971,479.708,504.9256286621094,161.21920776367188
11972,479.748,509.311767578125,159.59786987304688
11973,479.788,509.4570007324219,158.74383544921875
11974,479.828,510.1976623535156,158.42453002929688
11975,479.868,512.6661987304688,158.0619659423828
11976,479.908,514.2042846679688,159.5519256591797
11977,479.948,514.931884765625,160.08787536621094
11978,479.988,545.1344604492188,179.08258056640625
11979,480.029,541.3671264648438,307.8004455566406
11980,480.069,540.3375244140625,462.41925048828125
11981,480.109,nan,nan
11982,480.149,nan,nan
11983,480.189,nan,nan
11984,480.229,nan,nan
11985,480.269,nan,nan
11986,480.309,nan,nan
11987,480.349,nan,nan
11988,480.389,nan,nan
11989,480.429,nan,nan
11990,480.469,nan,nan
11991,480.509,nan,nan
11992,480.549,nan,nan
11993,480.59,nan,nan
11994,480.63,nan,nan
11995,480.67,nan,nan
11996,480.71,nan,nan
11997,480.75,nan,nan
11998,480.79,nan,nan
11999,480.83,nan,nan
12000,480.87,nan,nan
12001,480.91,nan,nan
12002,480.95,510.17266845703125,32.4644889831543
12003,480.99,477.8814697265625,83.76505279541016
12004,481.03,476.468994140625,106.57814025878906
12005,481.07,479.3687438964844,128.48724365234375
12006,481.11,460.5407409667969,121.17340087890625
12007,481.151,453.258056640625,125.60100555419922
12008,481.191,445.46978759765625,123.71002960205078
12009,481.231,449.613037109375,132.1313018798828
12010,481.271,451.5177307128906,135.2464599609375
12011,481.311,457.06451416015625,133.2584991455078
12012,481.351,459.5549011230469,129.4196319580078
12013,481.391,459.3177185058594,127.03978729248047
12014,481.431,460.0991516113281,125.99567413330078
12015,481.471,457.6600036621094,132.05369567871094
12016,481.511,462.72076416015625,129.06956481933594
12017,481.551,470.1929016113281,128.34950256347656
12018,481.591,472.40521240234375,135.7208251953125
12019,481.631,474.2497253417969,136.031982421875
12020,481.671,475.8532409667969,136.090576171875
12021,481.712,475.2137145996094,134.39463806152344
12022,481.752,471.55908203125,133.75619506835938
12023,481.792,470.3476257324219,131.6814727783203
12024,481.832,471.36968994140625,130.60044860839844
12025,481.872,471.86456298828125,129.1614532470703
12026,481.912,473.630126953125,128.11448669433594
12027,481.952,473.9522705078125,127.17866516113281
12028,481.992,469.66845703125,122.88552856445312
12029,482.032,462.6740417480469,118.58573913574219
12030,482.072,460.7878112792969,117.87633514404297
12031,482.112,461.0906066894531,114.64130401611328
12032,482.152,464.9996032714844,103.09046173095703
12033,482.192,467.1363525390625,103.42627716064453
12034,482.232,469.5091857910156,101.97994995117188
12035,482.273,471.5847473144531,101.1781005859375
12036,482.313,474.1097717285156,97.97015380859375
12037,482.353,476.6961364746094,94.21200561523438
12038,482.393,475.87139892578125,92.65387725830078
12039,482.433,473.1583251953125,106.80087280273438
12040,482.473,470.0718994140625,108.87005615234375
12041,482.513,472.2785339355469,105.8230209350586
12042,482.553,472.7568359375,105.05083465576172
12043,482.593,473.40338134765625,102.69854736328125
12044,482.633,471.7268981933594,101.12885284423828
12045,482.673,471.0283203125,99.90161895751953
12046,482.713,472.1456604003906,100.69005584716797
12047,482.753,471.83953857421875,101.77558898925781
12048,482.794,470.93701171875,103.02776336669922
12049,482.834,470.9001770019531,103.96367645263672
12050,482.874,471.3466796875,103.56188201904297
12051,482.914,472.23486328125,102.91363525390625
12052,482.954,475.17510986328125,101.4068832397461
12053,482.994,477.2823181152344,97.91258239746094
12054,483.034,478.7928466796875,96.48539733886719
12055,483.074,480.11083984375,96.0885009765625
12056,483.114,480.2452392578125,96.4273452758789
12057,483.154,480.6682434082031,96.7869873046875
12058,483.194,480.6674499511719,96.94953155517578
12059,483.234,479.6189270019531,98.27184295654297
12060,483.274,478.98541259765625,100.75725555419922
12061,483.314,475.7370910644531,102.50149536132812
12062,483.355,456.2321472167969,105.70626831054688
12063,483.395,444.7395935058594,102.75143432617188
12064,483.435,440.86846923828125,106.13449096679688
12065,483.475,439.8355407714844,105.65184020996094
12066,483.515,441.76214599609375,104.85128021240234
12067,483.555,422.9844665527344,91.00882720947266
12068,483.595,424.8880615234375,92.1795425415039
12069,483.635,425.6687927246094,94.10530853271484
12070,483.675,425.5933837890625,97.4006118774414
12071,483.715,428.0522155761719,101.98007202148438
12072,483.755,428.28717041015625,104.38359069824219
12073,483.795,427.6869201660156,105.14105224609375
12074,483.835,427.1148986816406,104.87359619140625
12075,483.875,427.3992614746094,104.53693389892578
12076,483.916,426.1035461425781,105.51200866699219
12077,483.956,429.531982421875,105.53640747070312
12078,483.996,431.1239929199219,105.92418670654297
12079,484.036,433.94134521484375,104.64231872558594
12080,484.076,437.6492614746094,100.98147583007812
12081,484.116,438.4024963378906,100.21221160888672
12082,484.156,440.5849609375,101.02656555175781
12083,484.196,439.99700927734375,100.75569915771484
12084,484.236,440.7369079589844,100.01502227783203
12085,484.276,440.91241455078125,99.17005157470703
12086,484.316,440.81427001953125,97.80435180664062
12087,484.356,441.9208068847656,94.86956024169922
12088,484.396,441.68951416015625,92.99256134033203
12089,484.436,441.73284912109375,91.8696517944336
12090,484.477,442.2063903808594,90.36866760253906
12091,484.517,443.2705993652344,88.779052734375
12092,484.557,425.3271179199219,107.76759338378906
12093,484.597,427.03558349609375,107.25360870361328
12094,484.637,426.608642578125,106.98562622070312
12095,484.677,425.77532958984375,106.45268249511719
12096,484.717,426.63092041015625,105.62972259521484
12097,484.757,427.7799987792969,106.91849517822266
12098,484.797,429.0530700683594,107.04875183105469
12099,484.837,429.63433837890625,107.41366577148438
12100,484.877,430.87091064453125,109.61441040039062
12101,484.917,435.02496337890625,135.0819091796875
12102,484.957,437.3684997558594,133.3491668701172
12103,484.998,438.1071472167969,133.19544982910156
12104,485.038,438.20428466796875,134.7288818359375
12105,485.078,436.1938781738281,135.75608825683594
12106,485.118,421.28570556640625,151.0072784423828
12107,485.158,421.47845458984375,149.5117950439453
12108,485.198,423.48480224609375,148.5701141357422
12109,485.238,422.9449462890625,149.47811889648438
12110,485.278,422.1541748046875,149.68470764160156
12111,485.318,432.9249572753906,145.1654052734375
12112,485.358,435.5406188964844,150.90765380859375
12113,485.398,434.1739501953125,138.54519653320312
12114,485.438,434.4246520996094,149.05711364746094
12115,485.478,434.01556396484375,138.83494567871094
12116,485.518,427.4854736328125,143.44598388671875
12117,485.559,429.0923767089844,153.28366088867188
12118,485.599,427.69146728515625,159.28445434570312
12119,485.639,467.5553894042969,139.52613830566406
12120,485.679,470.5373840332031,139.16302490234375
12121,485.719,466.8356628417969,138.37753295898438
12122,485.759,459.55792236328125,136.57382202148438
12123,485.799,454.63421630859375,132.5099334716797
12124,485.839,450.1103515625,124.78649139404297
12125,485.879,451.65350341796875,126.32001495361328
12126,485.919,448.5915832519531,123.12748718261719
12127,485.959,447.38690185546875,123.50556182861328
12128,485.999,449.0291748046875,122.38175964355469
12129,486.039,449.5313720703125,120.3494873046875
12130,486.079,450.8650817871094,119.28266906738281
12131,486.12,450.3338928222656,118.24370574951172
12132,486.16,450.1812438964844,118.22708892822266
12133,486.2,450.76776123046875,117.74605560302734
12134,486.24,452.1120910644531,116.59720611572266
12135,486.28,452.57574462890625,115.66555786132812
12136,486.32,452.0104675292969,115.72908020019531
12137,486.36,452.5719299316406,115.92302703857422
12138,486.4,453.4446716308594,115.68881225585938
12139,486.44,454.7753601074219,114.96991729736328
12140,486.48,460.7331237792969,130.57589721679688
12141,486.52,462.6502380371094,132.03611755371094
12142,486.56,465.3348083496094,133.1913604736328
12143,486.6,466.8660583496094,145.1063232421875
12144,486.64,471.9935302734375,148.5540313720703
12145,486.681,473.65802001953125,150.3093719482422
12146,486.721,472.483642578125,149.7112579345703
12147,486.761,459.6274719238281,146.43075561523438
12148,486.801,457.73284912109375,146.61256408691406
12149,486.841,457.29534912109375,145.76039123535156
12150,486.881,459.01019287109375,146.5736846923828
12151,486.921,459.0083312988281,146.5005645751953
12152,486.961,465.9358825683594,145.4903106689453
12153,487.001,472.9120788574219,146.80221557617188
12154,487.041,473.53289794921875,145.71334838867188
12155,487.081,472.6631774902344,145.8658905029297
12156,487.121,473.5498352050781,145.29306030273438
12157,487.161,479.27789306640625,142.5611572265625
12158,487.201,483.4772644042969,132.9263458251953
12159,487.242,482.05560302734375,131.6676483154297
12160,487.282,483.83184814453125,130.36355590820312
12161,487.322,485.7496643066406,129.15126037597656
12162,487.362,489.1105651855469,127.23080444335938
12163,487.402,490.0580139160156,125.95677185058594
12164,487.442,491.09722900390625,124.79481506347656
12165,487.482,491.4224853515625,123.87181854248047
12166,487.522,491.8742370605469,123.27565002441406
12167,487.562,492.8961181640625,123.23516082763672
12168,487.602,484.43603515625,96.12911224365234
12169,487.642,484.8636779785156,96.7411117553711
12170,487.682,484.5836486816406,96.30093383789062
12171,487.722,484.30621337890625,96.04752349853516
12172,487.763,484.0238342285156,95.9565200805664
12173,487.803,484.0046081542969,96.45812225341797
12174,487.843,483.434814453125,96.443359375
12175,487.883,483.0060729980469,105.56703186035156
12176,487.923,483.47674560546875,108.86431884765625
12177,487.963,484.0997009277344,112.32200622558594
12178,488.003,484.2486267089844,112.04573822021484
12179,488.043,484.304931640625,110.04431915283203
12180,488.083,484.90313720703125,109.2591552734375
12181,488.123,484.9949035644531,101.83737182617188
12182,488.163,485.3263854980469,110.15674591064453
12183,488.203,485.2959289550781,101.85604095458984
12184,488.243,479.91522216796875,81.39834594726562
12185,488.283,478.45513916015625,79.56656646728516
12186,488.324,478.4453430175781,79.48381042480469
12187,488.364,477.92437744140625,92.01082611083984
12188,488.404,477.92596435546875,96.58577728271484
12189,488.444,478.22314453125,101.09112548828125
12190,488.484,477.1789855957031,102.3964614868164
12191,488.524,475.25750732421875,103.99456787109375
12192,488.564,474.28778076171875,106.92233276367188
12193,488.604,473.7283020019531,111.4385757446289
12194,488.644,472.41473388671875,111.65937805175781
12195,488.684,463.2235107421875,113.5047607421875
12196,488.724,463.80718994140625,113.36408996582031
12197,488.764,464.9541931152344,113.47584533691406
12198,488.804,466.09149169921875,114.4375228881836
12199,488.844,465.33026123046875,115.78260803222656
12200,488.885,463.5952453613281,115.81635284423828
12201,488.925,466.10552978515625,108.98663330078125
12202,488.965,457.06854248046875,97.0182113647461
12203,489.005,459.6253356933594,97.17768859863281
12204,489.045,459.44085693359375,94.96550750732422
12205,489.085,461.75787353515625,94.69312286376953
12206,489.125,464.9124450683594,95.6888656616211
12207,489.165,467.10186767578125,99.56092834472656
12208,489.205,469.9809875488281,100.21479034423828
12209,489.245,470.4158020019531,99.52658081054688
12210,489.285,486.8061218261719,121.28700256347656
12211,489.325,485.2926025390625,121.13695526123047
12212,489.365,484.2780456542969,121.19692993164062
12213,489.405,483.8494567871094,119.92621612548828
12214,489.446,485.383056640625,117.59415435791016
12215,489.486,483.1556091308594,111.68367004394531
12216,489.526,469.8255920410156,96.90200805664062
12217,489.566,470.13739013671875,95.63253784179688
12218,489.606,468.6500244140625,79.09953308105469
12219,489.646,466.96142578125,72.4254379272461
12220,489.686,466.2799072265625,65.80655670166016
12221,489.726,467.2757568359375,80.24541473388672
12222,489.766,468.7320861816406,80.6102066040039
12223,489.806,473.74725341796875,76.50259399414062
12224,489.846,479.1626892089844,73.55765533447266
12225,489.886,484.82464599609375,73.15506744384766
12226,489.926,500.19024658203125,51.825809478759766
12227,489.966,496.1265563964844,58.838592529296875
12228,490.007,503.5977783203125,42.953739166259766
12229,490.047,481.1172790527344,28.435400009155273
12230,490.087,478.0313720703125,27.211566925048828
12231,490.127,474.3428039550781,27.29425811767578
12232,490.167,473.5193176269531,27.652082443237305
12233,490.207,nan,nan
12234,490.247,501.3691101074219,14.08398151397705
12235,490.287,507.0570068359375,10.513442039489746
12236,490.327,510.1925048828125,11.015889167785645
12237,490.367,444.98333740234375,16.689374923706055
12238,490.407,nan,nan
12239,490.447,452.48382568359375,48.67222595214844
12240,490.487,nan,nan
12241,490.528,nan,nan
12242,490.568,445.4823303222656,28.25919532775879
12243,490.608,452.3243713378906,38.3747444152832
12244,490.648,449.89373779296875,47.271697998046875
12245,490.688,455.3739929199219,43.212886810302734
12246,490.728,nan,nan
12247,490.768,nan,nan
12248,490.808,nan,nan
12249,490.848,nan,nan
12250,490.888,nan,nan
12251,490.928,nan,nan
12252,490.968,nan,nan
12253,491.008,471.6593322753906,2.9015183448791504
12254,491.048,451.3476867675781,20.567222595214844
12255,491.089,nan,nan
12256,491.129,nan,nan
12257,491.169,nan,nan
12258,491.209,543.6559448242188,3.6488285064697266
12259,491.249,nan,nan
12260,491.289,500.9091796875,23.532453536987305
12261,491.329,501.84417724609375,7.008795261383057
12262,491.369,504.7848205566406,0.37525057792663574
12263,491.409,488.7154541015625,13.561151504516602
12264,491.449,480.01934814453125,20.57843780517578
12265,491.489,468.2090759277344,33.862892150878906
12266,491.529,489.34429931640625,14.585533142089844
12267,491.569,490.5537109375,9.845035552978516
12268,491.609,489.52435302734375,23.258136749267578
12269,491.65,468.65576171875,51.94483184814453
12270,491.69,452.4812316894531,57.039512634277344
12271,491.73,451.3527526855469,57.14417266845703
12272,491.77,454.66424560546875,55.46250915527344
12273,491.81,459.32794189453125,66.56117248535156
12274,491.85,368.84942626953125,79.23965454101562
12275,491.89,78.54480743408203,142.50323486328125
12276,491.93,nan,nan
12277,491.97,nan,nan
12278,492.01,nan,nan
12279,492.05,nan,nan
12280,492.09,234.15866088867188,185.655517578125
12281,492.13,nan,nan
12282,492.17,293.4998474121094,269.4946594238281
12283,492.211,440.12652587890625,161.98387145996094
12284,492.251,562.2614135742188,97.62892150878906
12285,492.291,560.7282104492188,79.18110656738281
12286,492.331,528.5811767578125,72.8564453125
12287,492.371,548.0773315429688,89.20816040039062
12288,492.411,553.09814453125,36.14249801635742
12289,492.451,531.0153198242188,75.27008819580078
12290,492.491,528.6917724609375,82.24772644042969
12291,492.531,526.6768798828125,99.98233032226562
12292,492.571,536.0799560546875,65.51453399658203
12293,492.611,543.4161376953125,62.23763656616211
12294,492.651,531.0008544921875,85.4015121459961
12295,492.691,529.3145141601562,87.58245086669922
12296,492.731,528.5879516601562,88.05204772949219
12297,492.772,528.0752563476562,90.3786849975586
12298,492.812,526.5064086914062,90.19029998779297
12299,492.852,525.3307495117188,86.7008285522461
12300,492.892,521.2252197265625,84.19041442871094
12301,492.932,517.7741088867188,83.66370391845703
12302,492.972,515.2765502929688,84.6191635131836
12303,493.012,515.9674682617188,85.37920379638672
12304,493.052,516.9884643554688,78.44319915771484
12305,493.092,nan,nan
12306,493.132,529.5856323242188,43.790035247802734
12307,493.172,535.9736938476562,20.45976448059082
12308,493.212,535.1098022460938,35.24612045288086
12309,493.252,538.3980102539062,23.905588150024414
12310,493.293,553.1345825195312,13.277294158935547
12311,493.333,550.7080078125,20.540058135986328
12312,493.373,530.9718017578125,53.87881851196289
12313,493.413,528.40673828125,52.2199592590332
12314,493.453,523.2932739257812,65.24655151367188
12315,493.493,520.3427734375,69.60623168945312
12316,493.533,517.9541625976562,70.10131072998047
12317,493.573,516.5686645507812,70.14323425292969
12318,493.613,520.7039794921875,71.96044158935547
12319,493.653,523.859375,63.75462341308594
12320,493.693,521.9093627929688,64.38227844238281
12321,493.733,509.68682861328125,73.46974182128906
12322,493.773,514.9574584960938,65.80032348632812
12323,493.813,510.4450988769531,77.14351654052734
12324,493.854,515.9176025390625,74.78067779541016
12325,493.894,515.4829711914062,68.22827911376953
12326,493.934,496.0468444824219,67.32044982910156
12327,493.974,506.77471923828125,70.08997344970703
12328,494.014,505.81109619140625,77.6836166381836
12329,494.054,505.6240539550781,79.11910247802734
12330,494.094,505.34442138671875,130.96888732910156
12331,494.134,508.7578430175781,147.88682556152344
12332,494.174,508.6197204589844,148.08180236816406
12333,494.214,509.2884826660156,150.04989624023438
12334,494.254,510.49163818359375,153.22659301757812
12335,494.294,511.98797607421875,156.41183471679688
12336,494.334,518.4420166015625,159.43141174316406
12337,494.374,515.0892333984375,162.98519897460938
12338,494.415,511.4149169921875,156.0954132080078
12339,494.455,513.7244873046875,152.4169921875
12340,494.495,508.3204345703125,147.5500946044922
12341,494.535,506.57513427734375,144.72084045410156
12342,494.575,505.03814697265625,142.6453399658203
12343,494.615,500.90863037109375,141.31884765625
12344,494.655,497.64031982421875,139.78355407714844
12345,494.695,496.0410461425781,138.5515594482422
12346,494.735,498.1566162109375,135.37925720214844
12347,494.775,499.75238037109375,135.073486328125
12348,494.815,499.58349609375,136.1618194580078
12349,494.855,494.6734313964844,86.10387420654297
12350,494.895,492.45928955078125,93.46834564208984
12351,494.935,491.5964050292969,94.1404800415039
12352,494.976,491.27587890625,95.32389068603516
12353,495.016,490.65069580078125,96.7504653930664
12354,495.056,491.3983154296875,96.87710571289062
12355,495.096,489.7136535644531,98.93187713623047
12356,495.136,494.9604187011719,101.50338745117188
12357,495.176,495.4300231933594,109.54803466796875
12358,495.216,500.2778015136719,115.52725219726562
12359,495.256,500.86865234375,124.75970458984375
12360,495.296,518.520263671875,154.76670837402344
12361,495.336,514.8638305664062,167.7347412109375
12362,495.376,514.6958618164062,172.88363647460938
12363,495.416,518.9443969726562,183.55784606933594
12364,495.456,534.56494140625,181.34666442871094
12365,495.496,530.4219970703125,194.1407928466797
12366,495.537,523.2828369140625,184.3148956298828
12367,495.577,516.4078979492188,183.9365692138672
12368,495.617,515.7554321289062,180.9747772216797
12369,495.657,510.5946350097656,184.72328186035156
12370,495.697,511.2559509277344,186.2701873779297
12371,495.737,513.2529296875,186.8186492919922
12372,495.777,530.3413696289062,171.8502197265625
12373,495.817,533.1871337890625,171.04551696777344
12374,495.857,529.6148071289062,173.9186248779297
12375,495.897,532.9871215820312,176.25904846191406
12376,495.937,531.8873901367188,177.8477325439453
12377,495.977,536.8914184570312,174.49853515625
12378,496.017,535.2514038085938,172.83375549316406
12379,496.058,525.8433837890625,171.69432067871094
12380,496.098,506.634521484375,171.31515502929688
12381,496.138,507.1985778808594,171.8072967529297
12382,496.178,505.4501037597656,172.91909790039062
12383,496.218,502.0003356933594,173.24603271484375
12384,496.258,500.6750183105469,172.6416473388672
12385,496.298,502.82611083984375,171.09832763671875
12386,496.338,505.02020263671875,165.09353637695312
12387,496.378,505.75323486328125,166.88259887695312
12388,496.418,500.49151611328125,173.66903686523438
12389,496.458,502.40655517578125,174.04791259765625
12390,496.498,502.3407287597656,174.8881378173828
12391,496.538,504.9622802734375,176.5770721435547
12392,496.578,504.73931884765625,178.33779907226562
12393,496.619,505.4272766113281,177.0472412109375
12394,496.659,502.6792297363281,177.23184204101562
12395,496.699,507.70733642578125,174.03292846679688
12396,496.739,505.4541931152344,173.19395446777344
12397,496.779,527.8739013671875,191.78231811523438
12398,496.819,527.3037109375,191.50392150878906
12399,496.859,527.31689453125,191.33633422851562
12400,496.899,528.8922729492188,191.27760314941406
12401,496.939,529.846435546875,193.54229736328125
12402,496.979,535.4078369140625,195.1448974609375
12403,497.019,537.8330078125,191.6372833251953
12404,497.059,534.6802978515625,186.87973022460938
12405,497.099,532.1314086914062,185.08493041992188
12406,497.139,522.3936767578125,175.30572509765625
12407,497.18,516.396728515625,162.4964599609375
12408,497.22,520.7137451171875,163.88819885253906
12409,497.26,518.5767211914062,160.2752685546875
12410,497.3,518.8782348632812,158.59793090820312
12411,497.34,517.400146484375,155.07339477539062
12412,497.38,519.90869140625,152.3264617919922
12413,497.42,524.4921875,151.1820831298828
12414,497.46,525.6220092773438,150.8767547607422
12415,497.5,524.940673828125,148.6373291015625
12416,497.54,525.2703247070312,147.8015594482422
12417,497.58,527.6801147460938,148.096923828125
12418,497.62,529.8924560546875,147.3465118408203
12419,497.66,529.970458984375,144.38150024414062
12420,497.7,529.4857177734375,141.4712371826172
12421,497.741,527.6710815429688,140.3118438720703
12422,497.781,526.2386474609375,138.65602111816406
12423,497.821,526.1713256835938,136.01792907714844
12424,497.861,526.358154296875,134.8388671875
12425,497.901,525.5086669921875,134.54248046875
12426,497.941,535.48193359375,132.58047485351562
12427,497.981,543.3546142578125,130.22714233398438
12428,498.021,544.9718627929688,129.4375762939453
12429,498.061,546.747314453125,128.2892608642578
12430,498.101,549.6556396484375,126.8541030883789
12431,498.141,552.150390625,125.16217803955078
12432,498.181,552.4843139648438,124.13473510742188
12433,498.221,554.4127807617188,121.4912338256836
12434,498.262,553.5316772460938,118.58372497558594
12435,498.302,548.7389526367188,115.54862976074219
12436,498.342,546.4404907226562,114.70989990234375
12437,498.382,545.9791870117188,114.43696594238281
12438,498.422,547.2988891601562,114.22407531738281
12439,498.462,551.0445556640625,112.99043273925781
12440,498.502,547.0740966796875,127.66091918945312
12441,498.542,546.6089477539062,133.1162109375
12442,498.582,545.5380249023438,135.5422821044922
12443,498.622,547.080810546875,131.4634246826172
12444,498.662,548.9619750976562,126.33416748046875
12445,498.702,549.2938232421875,124.80938720703125
12446,498.742,550.8275146484375,121.7297134399414
12447,498.782,550.34423828125,118.32467651367188
12448,498.823,549.1547241210938,114.13591003417969
12449,498.863,550.9734497070312,111.29473876953125
12450,498.903,552.1913452148438,109.72486114501953
12451,498.943,550.6649169921875,108.3860092163086
12452,498.983,543.8718872070312,108.35765838623047
12453,499.023,539.6901245117188,109.24101257324219
12454,499.063,539.8037109375,102.62106323242188
12455,499.103,542.01171875,66.46375274658203
12456,499.143,541.837890625,68.48363494873047
12457,499.183,539.7592163085938,70.35193634033203
12458,499.223,541.2329711914062,68.21095275878906
12459,499.263,541.8404541015625,67.96866607666016
12460,499.303,541.8748168945312,67.20317077636719
12461,499.343,542.0120239257812,67.29683685302734
12462,499.384,541.7381591796875,66.94740295410156
12463,499.424,542.1997680664062,66.20478057861328
12464,499.464,534.1156005859375,72.26412200927734
12465,499.504,529.0472412109375,81.62798309326172
12466,499.544,529.62353515625,82.06206512451172
12467,499.584,530.8958129882812,82.79315948486328
12468,499.624,531.4891357421875,82.36138916015625
12469,499.664,532.90576171875,82.094482421875
12470,499.704,533.5423583984375,81.01258850097656
12471,499.744,534.1599731445312,78.1968002319336
12472,499.784,533.1005859375,76.93303680419922
12473,499.824,533.2802124023438,75.00732421875
12474,499.864,532.1485595703125,75.11312103271484
12475,499.904,530.4112548828125,75.23145294189453
12476,499.945,530.0816650390625,76.2305679321289
12477,499.985,531.9186401367188,78.48224639892578
12478,500.025,532.6051025390625,78.68226623535156
12479,500.065,530.9041748046875,78.3879165649414
12480,500.105,529.4762573242188,77.91814422607422
12481,500.145,530.3676147460938,76.59253692626953
12482,500.185,530.8582153320312,74.59394073486328
12483,500.225,531.6654052734375,70.21512603759766
12484,500.265,523.194091796875,57.9022216796875
12485,500.305,522.0048828125,56.34944534301758
12486,500.345,518.5112915039062,55.969417572021484
12487,500.385,504.5832214355469,57.291015625
12488,500.425,501.9919128417969,55.379478454589844
12489,500.465,490.8822326660156,40.526309967041016
12490,500.506,552.9147338867188,32.290401458740234
12491,500.546,nan,nan
12492,500.586,535.3596801757812,34.82851791381836
12493,500.626,516.1544799804688,41.25445556640625
12494,500.666,514.9951782226562,40.63021469116211
12495,500.706,522.7080078125,36.590396881103516
12496,500.746,529.3089599609375,33.240272521972656
12497,500.786,540.2413940429688,15.167374610900879
12498,500.826,556.2850341796875,29.13889503479004
12499,500.866,541.2308959960938,64.37100982666016
12500,500.906,543.0771484375,69.89785766601562
12501,500.946,521.3685913085938,45.035125732421875
12502,500.986,519.033203125,40.70964050292969
12503,501.027,532.98974609375,95.78632354736328
12504,501.067,529.4185791015625,104.52131652832031
12505,501.107,527.8277587890625,104.65533447265625
12506,501.147,525.2249755859375,104.99197387695312
12507,501.187,525.052978515625,105.2413101196289
12508,501.227,526.4519653320312,106.46844482421875
12509,501.267,527.328857421875,106.50183868408203
12510,501.307,526.9110717773438,105.98754119873047
12511,501.347,526.8114624023438,104.45523071289062
12512,501.387,528.5584716796875,103.49449157714844
12513,501.427,530.1372680664062,103.209716796875
12514,501.467,529.46533203125,97.67974090576172
12515,501.507,528.2797241210938,93.68061065673828
12516,501.547,527.531982421875,94.45066833496094
12517,501.588,544.2870483398438,81.20648193359375
12518,501.628,540.595458984375,84.57571411132812
12519,501.668,537.2273559570312,61.16123580932617
12520,501.708,532.6012573242188,61.49790573120117
12521,501.748,573.6109619140625,6.040981769561768
12522,501.788,nan,nan
12523,501.828,549.1830444335938,24.227102279663086
12524,501.868,541.0256958007812,35.28496170043945
12525,501.908,559.8402709960938,14.124185562133789
12526,501.948,nan,nan
12527,501.988,nan,nan
12528,502.028,nan,nan
12529,502.068,nan,nan
12530,502.108,558.1227416992188,54.40485382080078
12531,502.149,537.9776611328125,77.58145141601562
12532,502.189,539.4033813476562,77.54054260253906
12533,502.229,539.694580078125,77.71886444091797
12534,502.269,540.6956787109375,77.83668518066406
12535,502.309,539.470458984375,86.04041290283203
12536,502.349,546.10693359375,88.34925842285156
12537,502.389,545.9843139648438,89.86849975585938
12538,502.429,547.0943603515625,90.64076232910156
12539,502.469,546.27783203125,89.53852844238281
12540,502.509,546.2720947265625,89.59917449951172
12541,502.549,546.2725219726562,89.4393081665039
12542,502.589,546.100830078125,91.11417388916016
12543,502.629,545.8211669921875,90.10814666748047
12544,502.669,545.6903076171875,89.93234252929688
12545,502.71,544.9785766601562,89.4895248413086
12546,502.75,545.5448608398438,89.41483306884766
12547,502.79,533.9584350585938,104.6822738647461
12548,502.83,532.5664672851562,105.11723327636719
12549,502.87,530.1799926757812,108.09962463378906
12550,502.91,531.0468139648438,107.63563537597656
12551,502.95,530.7870483398438,106.78438568115234
12552,502.99,530.2425537109375,105.6678237915039
12553,503.03,530.240478515625,105.7406005859375
12554,503.07,530.4911499023438,106.7612075805664
12555,503.11,529.4616088867188,108.00050354003906
12556,503.15,528.8585815429688,108.75084686279297
12557,503.19,527.533203125,109.80952453613281
12558,503.23,526.487060546875,111.05107879638672
12559,503.271,524.7352294921875,111.59540557861328
12560,503.311,524.840576171875,107.57259368896484
12561,503.351,533.7364501953125,89.22795867919922
12562,503.391,534.7232666015625,89.85594940185547
12563,503.431,536.9346313476562,88.72473907470703
12564,503.471,536.2069091796875,88.54512023925781
12565,503.511,536.6618041992188,88.05052947998047
12566,503.551,537.087890625,88.97406005859375
12567,503.591,464.8385925292969,115.9231948852539
12568,503.631,nan,nan
12569,503.671,491.4489440917969,48.09421920776367
12570,503.711,512.6151123046875,61.52151870727539
12571,503.751,511.3348693847656,66.06278228759766
12572,503.792,512.62890625,66.21397399902344
12573,503.832,513.1990966796875,66.30917358398438
12574,503.872,514.7794189453125,66.94635772705078
12575,503.912,514.2039184570312,67.86271667480469
12576,503.952,511.8629150390625,69.6517333984375
12577,503.992,510.8802185058594,48.26640319824219
12578,504.032,508.18994140625,65.6168441772461
12579,504.072,507.62774658203125,70.24747467041016
12580,504.112,507.129638671875,76.07186126708984
12581,504.152,508.5435485839844,78.02899169921875
12582,504.192,507.3656005859375,78.67341613769531
12583,504.232,506.89434814453125,80.09777069091797
12584,504.272,505.3853759765625,82.15692138671875
12585,504.312,510.2187805175781,68.81897735595703
12586,504.353,511.9598693847656,64.58137512207031
12587,504.393,512.1151123046875,64.76278686523438
12588,504.433,511.08538818359375,65.5683364868164
12589,504.473,509.62298583984375,65.95372009277344
12590,504.513,510.4558410644531,66.65010833740234
12591,504.553,511.4713439941406,66.18766784667969
12592,504.593,511.3638610839844,65.08307647705078
12593,504.633,513.1344604492188,63.61338424682617
12594,504.673,512.9688110351562,64.61270904541016
12595,504.713,554.5140991210938,58.75529861450195
12596,504.753,530.384033203125,86.91300964355469
12597,504.793,527.2769775390625,88.77986145019531
12598,504.833,525.605224609375,91.27701568603516
12599,504.873,528.1878051757812,91.60482025146484
12600,504.914,527.4571533203125,92.35044860839844
12601,504.954,526.0391845703125,91.7892837524414
12602,504.994,523.5947875976562,91.38324737548828
12603,505.034,521.9581298828125,88.57170104980469
12604,505.074,520.6675415039062,82.8340072631836
12605,505.114,518.1134033203125,77.16963958740234
12606,505.154,516.0850219726562,76.90434265136719
12607,505.194,525.138427734375,59.095340728759766
12608,505.234,564.1326904296875,5.720032215118408
12609,505.274,536.3297729492188,32.55885696411133
12610,505.314,542.8800048828125,41.19723892211914
12611,505.354,537.76123046875,50.06777572631836
12612,505.394,538.9387817382812,54.02315902709961
12613,505.434,536.8587646484375,56.78804016113281
12614,505.475,564.1571044921875,9.538422584533691
12615,505.515,nan,nan
12616,505.555,558.9615478515625,19.626832962036133
12617,505.595,nan,nan
12618,505.635,543.1724853515625,40.130126953125
12619,505.675,541.7575073242188,40.89505386352539
12620,505.715,537.2673950195312,51.49974060058594
12621,505.755,565.0526123046875,4.990604400634766
12622,505.795,nan,nan
12623,505.835,nan,nan
12624,505.875,549.7325439453125,21.120634078979492
12625,505.915,519.4280395507812,79.16850280761719
12626,505.955,522.5350952148438,77.61558532714844
12627,505.995,522.91357421875,79.46737670898438
12628,506.036,523.3480834960938,80.09781646728516
12629,506.076,522.0028686523438,81.42928314208984
12630,506.116,521.1296997070312,81.97187805175781
12631,506.156,522.236572265625,82.88428497314453
12632,506.196,522.461669921875,80.40006256103516
12633,506.236,523.3585815429688,84.25070190429688
12634,506.276,523.4083251953125,87.61637115478516
12635,506.316,522.7154541015625,86.7883071899414
12636,506.356,521.8929443359375,85.31744384765625
12637,506.396,521.7367553710938,85.44876861572266
12638,506.436,531.039794921875,128.57443237304688
12639,506.476,533.3916625976562,131.3699951171875
12640,506.516,535.6932373046875,135.4821319580078
12641,506.557,536.0701904296875,137.9800567626953
12642,506.597,538.4713745117188,139.9182586669922
12643,506.637,537.6864013671875,142.25729370117188
12644,506.677,533.3207397460938,151.9899139404297
12645,506.717,530.6305541992188,155.74951171875
12646,506.757,534.4188842773438,160.68707275390625
12647,506.797,534.213134765625,167.93731689453125
12648,506.837,529.799072265625,171.9811553955078
12649,506.877,526.7008666992188,175.64610290527344
12650,506.917,524.4752807617188,186.970947265625
12651,506.957,525.5603637695312,188.5241241455078
12652,506.997,522.1090087890625,188.86460876464844
12653,507.037,512.2650756835938,158.48231506347656
12654,507.077,509.5784606933594,161.45826721191406
12655,507.118,509.93328857421875,154.07095336914062
12656,507.158,506.4173583984375,155.33676147460938
12657,507.198,506.01409912109375,159.32301330566406
12658,507.238,504.5098876953125,161.81591796875
12659,507.278,503.744140625,160.30783081054688
12660,507.318,502.69952392578125,160.4196014404297
12661,507.358,505.7700500488281,156.968505859375
12662,507.398,504.7952880859375,156.6664276123047
12663,507.438,511.9288024902344,148.7564239501953
12664,507.478,514.7987060546875,144.6928253173828
12665,507.518,512.04736328125,140.80709838867188
12666,507.558,511.52398681640625,138.40220642089844
12667,507.598,512.9636840820312,137.3365936279297
12668,507.638,515.0440673828125,136.63201904296875
12669,507.679,515.9149780273438,136.22036743164062
12670,507.719,518.3555908203125,141.2429962158203
12671,507.759,512.6276245117188,195.9452667236328
12672,507.799,511.42132568359375,223.60464477539062
12673,507.839,506.70703125,217.76657104492188
12674,507.879,506.44635009765625,214.23226928710938
12675,507.919,506.13568115234375,207.98858642578125
12676,507.959,505.2864074707031,203.6869354248047
12677,507.999,499.6933288574219,201.8560333251953
12678,508.039,521.2192993164062,186.73983764648438
12679,508.079,534.9246826171875,147.77943420410156
12680,508.119,536.8387451171875,147.0433349609375
12681,508.159,538.3504638671875,144.1083221435547
12682,508.199,540.7662963867188,138.9788055419922
12683,508.24,541.5465698242188,137.9248046875
12684,508.28,472.165283203125,219.06381225585938
12685,508.32,352.3764953613281,348.6444396972656
12686,508.36,257.8429870605469,473.3422546386719
12687,508.4,nan,nan
12688,508.44,nan,nan
12689,508.48,nan,nan
12690,508.52,nan,nan
12691,508.56,nan,nan
12692,508.6,354.26702880859375,600.379638671875
12693,508.64,358.7867431640625,590.021728515625
12694,508.68,369.92218017578125,576.490966796875
12695,508.72,376.6286315917969,567.0584106445312
12696,508.76,382.631591796875,558.10302734375
12697,508.801,426.807373046875,544.59521484375
12698,508.841,439.6947326660156,536.1497802734375
12699,508.881,446.8693542480469,534.7681884765625
12700,508.921,458.2005920410156,534.043212890625
12701,508.961,nan,nan
12702,509.001,nan,nan
12703,509.041,nan,nan
12704,509.081,330.91082763671875,542.2426147460938
12705,509.121,344.1011657714844,521.5026245117188
12706,509.161,319.6282653808594,496.9914245605469
12707,509.201,284.72076416015625,446.3265686035156
12708,509.241,290.65606689453125,439.43548583984375
12709,509.281,303.6671142578125,431.4517517089844
12710,509.322,312.171630859375,425.9612121582031
12711,509.362,314.78704833984375,407.95947265625
12712,509.402,328.2790222167969,402.3537292480469
12713,509.442,339.01708984375,400.446533203125
12714,509.482,355.9697570800781,397.02337646484375
12715,509.522,368.8099365234375,392.37554931640625
12716,509.562,379.54473876953125,385.37762451171875
12717,509.602,388.3958435058594,379.2770080566406
12718,509.642,391.5020446777344,379.1341552734375
12719,509.682,438.2145080566406,442.36273193359375
12720,509.722,498.89599609375,516.4682006835938
12721,509.762,499.7708740234375,510.8448181152344
12722,509.802,502.238525390625,501.2034912109375
12723,509.842,507.0449523925781,497.19952392578125
12724,509.883,507.60089111328125,497.980712890625
12725,509.923,530.1968994140625,520.580322265625
12726,509.963,530.2853393554688,519.5015258789062
12727,510.003,530.017333984375,518.9826049804688
12728,510.043,528.71923828125,518.9759521484375
12729,510.083,nan,nan
12730,510.123,nan,nan
12731,510.163,nan,nan
12732,510.203,646.18798828125,500.9034423828125
12733,510.243,628.5580444335938,479.2319641113281
12734,510.283,615.7496337890625,470.8281555175781
12735,510.323,604.8278198242188,468.5795593261719
12736,510.363,551.1890258789062,479.6046447753906
12737,510.403,547.483642578125,474.8327941894531
12738,510.444,536.5802612304688,466.0233154296875
12739,510.484,526.0769653320312,461.71875
12740,510.524,522.4974365234375,457.63385009765625
12741,510.564,516.6768798828125,453.8017578125
12742,510.604,404.63214111328125,483.9324035644531
12743,510.644,403.5594482421875,483.90228271484375
12744,510.684,398.05291748046875,491.6471252441406
12745,510.724,399.94036865234375,495.99090576171875
12746,510.764,410.90869140625,501.6647644042969
12747,510.804,413.470947265625,506.98822021484375
12748,510.844,422.0678405761719,505.6631774902344
12749,510.884,475.0809020996094,483.2332458496094
12750,510.924,478.78472900390625,481.5143737792969
12751,510.964,480.7337646484375,483.8142395019531
12752,511.005,484.125244140625,487.7577209472656
12753,511.045,476.3343200683594,484.66162109375
12754,511.085,347.68853759765625,388.63690185546875
12755,511.125,336.90643310546875,380.7051086425781
12756,511.165,346.2129211425781,377.6173095703125
12757,511.205,362.8509826660156,375.864990234375
12758,511.245,372.9885559082031,368.29290771484375
12759,511.285,392.4333801269531,359.7805480957031
12760,511.325,410.8985595703125,354.1879577636719
12761,511.365,426.64532470703125,352.16925048828125
12762,511.405,439.8193054199219,350.8475341796875
12763,511.445,443.6971740722656,350.1572570800781
12764,511.485,447.0603942871094,349.28814697265625
12765,511.525,496.17333984375,343.173095703125
12766,511.566,499.9147644042969,339.6253662109375
12767,511.606,499.44775390625,340.9491882324219
12768,511.646,497.8351745605469,341.1596374511719
12769,511.686,497.6138000488281,343.7228088378906
12770,511.726,495.4834899902344,347.3563537597656
12771,511.766,477.802734375,334.6070861816406
12772,511.806,477.12066650390625,348.7162780761719
12773,511.846,473.5032653808594,358.1963806152344
12774,511.886,470.5950927734375,367.41827392578125
12775,511.926,469.07708740234375,374.2454833984375
12776,511.966,468.30914306640625,379.6697692871094
12777,512.006,467.9686584472656,385.94427490234375
12778,512.046,465.72265625,388.7368469238281
12779,512.087,465.01104736328125,392.02069091796875
12780,512.127,465.30377197265625,392.1156311035156
12781,512.167,483.0645446777344,478.3297119140625
12782,512.207,511.36016845703125,539.953857421875
12783,512.247,509.7552185058594,539.1412963867188
12784,512.287,506.6850891113281,539.9437866210938
12785,512.327,504.7731628417969,540.3336181640625
12786,512.367,501.8895263671875,539.1690063476562
12787,512.407,497.2142639160156,546.9315185546875
12788,512.447,nan,nan
12789,512.487,nan,nan
12790,512.527,nan,nan
12791,512.567,nan,nan
12792,512.607,nan,nan
12793,512.648,nan,nan
12794,512.688,nan,nan
12795,512.728,nan,nan
12796,512.768,nan,nan
12797,512.808,nan,nan
12798,512.848,nan,nan
12799,512.888,nan,nan
12800,512.928,nan,nan
12801,512.968,496.0928955078125,554.8321533203125
12802,513.008,510.997802734375,451.9117736816406
12803,513.048,510.7690734863281,449.69873046875
12804,513.088,512.0873413085938,449.5503845214844
12805,513.128,541.2010498046875,430.4587097167969
12806,513.168,535.5673217773438,433.1538391113281
12807,513.209,533.390869140625,432.8409118652344
12808,513.249,532.1431274414062,435.37493896484375
12809,513.289,530.2579345703125,435.94647216796875
12810,513.329,527.577880859375,437.8730163574219
12811,513.369,521.4376831054688,440.732177734375
12812,513.409,517.4395751953125,442.05169677734375
12813,513.449,521.3741455078125,444.0828552246094
12814,513.489,549.226318359375,438.3354187011719
12815,513.529,545.624755859375,436.4776306152344
12816,513.569,552.6752319335938,428.255615234375
12817,513.609,540.4659423828125,420.9715576171875
12818,513.649,528.0311889648438,412.2062072753906
12819,513.689,513.7478637695312,387.3293151855469
12820,513.729,517.578369140625,396.31390380859375
12821,513.77,502.5204772949219,388.07464599609375
12822,513.81,503.331298828125,385.4625244140625
12823,513.85,497.2933654785156,382.69732666015625
12824,513.89,481.4923400878906,392.65130615234375
12825,513.93,471.7422790527344,405.50213623046875
12826,513.97,471.72308349609375,406.8136901855469
12827,514.01,471.2589416503906,407.16064453125
12828,514.05,470.6943054199219,407.2323913574219
12829,514.09,469.9571533203125,407.3769226074219
12830,514.13,465.23046875,410.360107421875
12831,514.17,456.7757873535156,414.60540771484375
12832,514.21,453.7567443847656,417.368896484375
12833,514.25,451.66680908203125,417.83148193359375
12834,514.291,455.1249084472656,414.037353515625
12835,514.331,458.761962890625,414.5635070800781
12836,514.371,460.6432189941406,420.3586120605469
12837,514.411,459.07720947265625,429.3087158203125
12838,514.451,457.4085998535156,435.2139892578125
12839,514.491,475.0371398925781,437.4139709472656
12840,514.531,471.462158203125,440.1767883300781
12841,514.571,467.6680603027344,445.31219482421875
12842,514.611,464.4794616699219,457.9204406738281
12843,514.651,467.3933410644531,470.2127990722656
12844,514.691,468.3345642089844,480.2564392089844
12845,514.731,466.7308654785156,486.19952392578125
12846,514.771,368.3633728027344,477.32830810546875
12847,514.811,nan,nan
12848,514.852,nan,nan
12849,514.892,nan,nan
12850,514.932,3.549818277359009,168.82708740234375
12851,514.972,87.33055114746094,193.97906494140625
12852,515.012,131.306884765625,167.6576690673828
12853,515.052,150.49424743652344,187.69485473632812
12854,515.092,162.09909057617188,176.36033630371094
12855,515.132,166.44985961914062,150.90042114257812
12856,515.172,176.48129272460938,130.82736206054688
12857,515.212,216.9369354248047,107.4365463256836
12858,515.252,237.8471221923828,130.6756591796875
12859,515.292,170.14736938476562,90.1331787109375
12860,515.332,212.9642791748047,104.82635498046875
12861,515.372,251.1136016845703,115.41925811767578
12862,515.413,226.26116943359375,97.47708892822266
12863,515.453,258.26904296875,120.72087860107422
12864,515.493,261.95166015625,118.9465103149414
12865,515.533,269.0308532714844,126.62225341796875
12866,515.573,332.1120910644531,208.35726928710938
12867,515.613,403.0323181152344,309.1319885253906
12868,515.653,413.25848388671875,493.89044189453125
12869,515.693,515.248779296875,574.821533203125
12870,515.733,543.876708984375,576.327880859375
12871,515.773,505.1787109375,552.4102783203125
12872,515.813,483.3492431640625,537.0320434570312
12873,515.853,473.84967041015625,530.5328979492188
12874,515.893,486.168701171875,572.9222412109375
12875,515.933,480.8519287109375,569.8612060546875
12876,515.974,474.9295654296875,568.2840576171875
12877,516.014,470.11859130859375,566.5562744140625
12878,516.054,467.3831787109375,564.4338989257812
12879,516.094,436.2817077636719,569.927001953125
12880,516.134,435.83612060546875,566.2442016601562
12881,516.174,437.18389892578125,560.4547729492188
12882,516.214,437.8504943847656,549.333984375
12883,516.254,425.6239929199219,498.6235656738281
12884,516.294,425.90447998046875,499.9350280761719
12885,516.334,428.9245910644531,498.9125061035156
12886,516.374,429.7612609863281,497.9297790527344
12887,516.414,412.5211181640625,485.9751281738281
12888,516.454,409.2890930175781,477.7790832519531
12889,516.494,411.3752746582031,477.0470886230469
12890,516.535,414.04559326171875,475.7081298828125
12891,516.575,414.8280029296875,474.768310546875
12892,516.615,414.60369873046875,472.6016540527344
12893,516.655,417.8300476074219,472.6925354003906
12894,516.695,432.05780029296875,476.3207702636719
12895,516.735,433.59332275390625,477.6317443847656
12896,516.775,434.5527648925781,475.926513671875
12897,516.815,436.752685546875,474.9402770996094
12898,516.855,438.9623718261719,474.2859802246094
12899,516.895,449.15118408203125,483.3089904785156
12900,516.935,455.5887451171875,486.1789245605469
12901,516.975,444.475341796875,474.4448547363281
12902,517.015,nan,nan
12903,517.056,nan,nan
12904,517.096,nan,nan
12905,517.136,63.84423828125,309.8476257324219
12906,517.176,nan,nan
12907,517.216,nan,nan
12908,517.256,15.715888977050781,234.20033264160156
12909,517.296,46.036075592041016,186.5472412109375
12910,517.336,82.65596771240234,201.45350646972656
12911,517.376,162.18954467773438,195.2217559814453
12912,517.416,152.0443878173828,198.4788055419922
12913,517.456,176.6432342529297,193.0092315673828
12914,517.496,227.62326049804688,184.80487060546875
12915,517.536,205.32546997070312,179.09376525878906
12916,517.576,227.3366241455078,176.32020568847656
12917,517.617,241.99464416503906,182.39723205566406
12918,517.657,237.9346923828125,180.24656677246094
12919,517.697,243.0482177734375,212.42262268066406
12920,517.737,250.04652404785156,209.1590576171875
12921,517.777,258.59661865234375,209.62623596191406
12922,517.817,262.4139709472656,210.0078125
12923,517.857,265.7242736816406,211.1986541748047
12924,517.897,266.5097351074219,209.86557006835938
12925,517.937,325.6917419433594,275.0665283203125
12926,517.977,nan,nan
12927,518.017,nan,nan
12928,518.057,nan,nan
12929,518.097,nan,nan
12930,518.137,nan,nan
12931,518.178,nan,nan
12932,518.218,nan,nan
12933,518.258,nan,nan
12934,518.298,nan,nan
12935,518.338,nan,nan
12936,518.378,nan,nan
12937,518.418,nan,nan
12938,518.458,nan,nan
12939,518.498,nan,nan
12940,518.538,nan,nan
12941,518.578,nan,nan
12942,518.618,nan,nan
12943,518.658,nan,nan
12944,518.698,nan,nan
12945,518.739,nan,nan
12946,518.779,496.6334228515625,49.988033294677734
12947,518.819,480.9712829589844,90.807373046875
12948,518.859,474.2611999511719,107.12425994873047
12949,518.899,465.7001953125,141.12789916992188
12950,518.939,452.5087585449219,150.82296752929688
12951,518.979,456.6320495605469,157.3385009765625
12952,519.019,456.8102111816406,161.49644470214844
12953,519.059,473.00482177734375,139.0053253173828
12954,519.099,472.7198181152344,143.740966796875
12955,519.139,475.6768493652344,155.12742614746094
12956,519.179,472.27813720703125,165.00448608398438
12957,519.219,483.8963928222656,212.71795654296875
12958,519.259,486.7799072265625,222.3545684814453
12959,519.3,446.5553894042969,250.248291015625
12960,519.34,447.0051574707031,247.21279907226562
12961,519.38,446.685302734375,250.1366424560547
12962,519.42,443.149658203125,254.0285186767578
12963,519.46,439.5333251953125,258.22601318359375
12964,519.5,439.8932189941406,256.416748046875
12965,519.54,441.47174072265625,254.5024871826172
12966,519.58,443.63287353515625,252.12335205078125
12967,519.62,443.5663146972656,252.2477569580078
12968,519.66,445.3328857421875,248.63595581054688
12969,519.7,438.8526916503906,244.63050842285156
12970,519.74,427.1879577636719,244.11399841308594
12971,519.78,433.1462097167969,238.3844757080078
12972,519.821,452.01361083984375,247.24266052246094
12973,519.861,487.677490234375,237.47360229492188
12974,519.901,467.5450744628906,235.00184631347656
12975,519.941,469.73846435546875,234.3489990234375
12976,519.981,470.024658203125,231.49288940429688
12977,520.021,470.08477783203125,232.19509887695312
12978,520.061,469.0364685058594,217.01719665527344
12979,520.101,467.4152526855469,216.74716186523438
12980,520.141,468.0184326171875,214.2281036376953
12981,520.181,468.7203674316406,213.79483032226562
12982,520.221,465.5747985839844,212.3529815673828
12983,520.261,463.73297119140625,211.6891326904297
12984,520.301,461.5357971191406,210.3722381591797
12985,520.341,465.1336669921875,208.05873107910156
12986,520.382,463.0716247558594,202.91412353515625
12987,520.422,464.5783386230469,200.32135009765625
12988,520.462,463.1824645996094,196.7955322265625
12989,520.502,464.0941467285156,194.47674560546875
12990,520.542,473.0537414550781,191.49945068359375
12991,520.582,470.9448547363281,188.9862060546875
12992,520.622,472.5650939941406,186.02227783203125
12993,520.662,470.97760009765625,183.95912170410156
12994,520.702,471.4459228515625,181.77174377441406
12995,520.742,471.0921936035156,182.3767547607422
12996,520.782,473.534912109375,179.24215698242188
12997,520.822,466.3296813964844,188.01242065429688
12998,520.862,477.95684814453125,213.9821014404297
12999,520.902,483.4854431152344,214.68350219726562
13000,520.943,488.9375915527344,214.40069580078125
13001,520.983,488.2510681152344,212.6378173828125
13002,521.023,493.19464111328125,209.31434631347656
13003,521.063,468.4909362792969,206.926513671875
13004,521.103,461.4619445800781,200.92808532714844
13005,521.143,462.6014709472656,200.17138671875
13006,521.183,460.9935302734375,200.01243591308594
13007,521.223,454.6568298339844,196.350341796875
13008,521.263,459.6678466796875,198.66880798339844
13009,521.303,461.45208740234375,198.25331115722656
13010,521.343,462.950927734375,197.5508270263672
13011,521.383,462.82403564453125,195.9309539794922
13012,521.423,466.6429748535156,194.74342346191406
13013,521.463,468.4963073730469,193.1542205810547
13014,521.504,470.4463195800781,191.17225646972656
13015,521.544,494.11065673828125,171.20620727539062
13016,521.584,496.2552490234375,169.0515899658203
13017,521.624,498.0917663574219,167.57003784179688
13018,521.664,498.8429260253906,167.5916748046875
13019,521.704,501.3779296875,168.02955627441406
13020,521.744,503.9149475097656,168.29359436035156
13021,521.784,494.3072204589844,176.87107849121094
13022,521.824,485.7786560058594,188.00575256347656
13023,521.864,486.44537353515625,186.45489501953125
13024,521.904,501.6941833496094,87.37708282470703
13025,521.944,502.0646057128906,92.86409759521484
13026,521.984,501.82275390625,108.28733825683594
13027,522.024,499.4833984375,111.29240417480469
13028,522.065,500.2760925292969,114.81828308105469
13029,522.105,500.9522399902344,116.1934814453125
13030,522.145,501.0247802734375,114.94880676269531
13031,522.185,500.3092346191406,108.15164947509766
13032,522.225,505.7325744628906,152.88836669921875
13033,522.265,503.2746276855469,152.43426513671875
13034,522.305,501.3687438964844,153.89254760742188
13035,522.345,494.92120361328125,153.9111328125
13036,522.385,495.09991455078125,154.81532287597656
13037,522.425,495.76165771484375,155.63294982910156
13038,522.465,470.4012145996094,156.04013061523438
13039,522.505,441.0885009765625,150.93511962890625
13040,522.545,441.9239501953125,150.2047882080078
13041,522.586,442.18414306640625,149.51034545898438
13042,522.626,418.739990234375,159.05726623535156
13043,522.666,486.7970886230469,144.3393096923828
13044,522.706,546.6033325195312,167.2976837158203
13045,522.746,547.1556396484375,174.74937438964844
13046,522.786,551.5416870117188,176.083251953125
13047,522.826,556.0494384765625,175.46969604492188
13048,522.866,556.9819946289062,175.5749969482422
13049,522.906,558.73291015625,175.13099670410156
13050,522.946,560.337158203125,174.77481079101562
13051,522.986,563.819580078125,174.30238342285156
13052,523.026,563.904296875,177.02359008789062
13053,523.066,564.5292358398438,167.0154266357422
13054,523.106,585.3035888671875,109.1061782836914
13055,523.147,574.3021850585938,138.38560485839844
13056,523.187,570.6145629882812,138.47079467773438
13057,523.227,564.7733764648438,145.0166015625
13058,523.267,564.8939819335938,143.6669158935547
13059,523.307,513.58251953125,135.84396362304688
13060,523.347,490.60894775390625,135.9332275390625
13061,523.387,490.39813232421875,134.57896423339844
13062,523.427,489.6297912597656,134.21815490722656
13063,523.467,488.3511657714844,132.4300994873047
13064,523.507,484.5993957519531,84.76930236816406
13065,523.547,470.89324951171875,74.45252990722656
13066,523.587,465.1935119628906,75.02550506591797
13067,523.627,462.11358642578125,72.92585754394531
13068,523.667,465.8236389160156,72.24333190917969
13069,523.708,551.75,28.74846076965332
13070,523.748,549.245361328125,34.43863296508789
13071,523.788,519.957275390625,128.98744201660156
13072,523.828,518.7028198242188,140.23753356933594
13073,523.868,521.9661865234375,133.0109100341797
13074,523.908,522.5230712890625,138.76849365234375
13075,523.948,525.0997314453125,137.2244415283203
13076,523.988,524.1631469726562,136.41098022460938
13077,524.028,524.5814208984375,135.95545959472656
13078,524.068,503.1062927246094,199.6005401611328
13079,524.108,502.80670166015625,201.39544677734375
13080,524.148,502.3921203613281,202.2856903076172
13081,524.188,502.7837829589844,203.71713256835938
13082,524.228,506.20977783203125,204.6307373046875
13083,524.269,506.96240234375,203.99705505371094
13084,524.309,507.7032775878906,209.4752960205078
13085,524.349,450.531982421875,276.559326171875
13086,524.389,446.74542236328125,275.0068664550781
13087,524.429,450.1577453613281,268.4962158203125
13088,524.469,450.3211669921875,271.8951721191406
13089,524.509,456.00701904296875,267.5222473144531
13090,524.549,459.2927551269531,273.7061767578125
13091,524.589,465.0451354980469,261.298095703125
13092,524.629,465.2272644042969,261.4696350097656
13093,524.669,466.0144958496094,257.19232177734375
13094,524.709,465.0028991699219,259.6575927734375
13095,524.749,474.7640686035156,271.29644775390625
13096,524.789,406.3404235839844,423.55889892578125
13097,524.83,266.2763977050781,590.6818237304688
13098,524.87,nan,nan
13099,524.91,nan,nan
13100,524.95,nan,nan
13101,524.99,nan,nan
13102,525.03,nan,nan
13103,525.07,nan,nan
13104,525.11,nan,nan
13105,525.15,nan,nan
13106,525.19,nan,nan
13107,525.23,nan,nan
13108,525.27,nan,nan
13109,525.31,nan,nan
13110,525.351,nan,nan
13111,525.391,610.0797729492188,550.7636108398438
13112,525.431,nan,nan
13113,525.471,nan,nan
13114,525.511,nan,nan
13115,525.551,554.67333984375,51.33335876464844
13116,525.591,506.1997985839844,110.28285217285156
13117,525.631,512.7435913085938,124.61486053466797
13118,525.671,489.7425842285156,154.5201416015625
13119,525.711,476.4105529785156,163.2545623779297
13120,525.751,473.698486328125,170.4956817626953
13121,525.791,466.3785705566406,176.4955291748047
13122,525.831,461.8047180175781,181.74803161621094
13123,525.871,458.4098815917969,185.3189697265625
13124,525.912,450.780029296875,192.51235961914062
13125,525.952,461.841064453125,205.26708984375
13126,525.992,502.9960632324219,204.14772033691406
13127,526.032,502.00250244140625,208.17384338378906
13128,526.072,493.8437194824219,215.42283630371094
13129,526.112,491.0205993652344,220.97923278808594
13130,526.152,484.0762939453125,230.2787322998047
13131,526.192,481.99066162109375,231.16380310058594
13132,526.232,477.2601318359375,232.2516326904297
13133,526.272,482.234375,232.5428009033203
13134,526.312,477.3459777832031,231.04722595214844
13135,526.352,478.1463317871094,229.96353149414062
13136,526.392,485.16943359375,234.88711547851562
13137,526.432,478.81695556640625,229.1956787109375
13138,526.473,477.6335754394531,230.84234619140625
13139,526.513,476.52447509765625,229.00535583496094
13140,526.553,473.2493896484375,229.29974365234375
13141,526.593,468.5795593261719,232.5035858154297
13142,526.633,490.36956787109375,220.57212829589844
13143,526.673,519.9494018554688,207.04380798339844
13144,526.713,517.781005859375,204.8614959716797
13145,526.753,519.1444091796875,200.89495849609375
13146,526.793,505.53338623046875,188.62705993652344
13147,526.833,481.4009704589844,176.68359375
13148,526.873,484.2268981933594,176.5814971923828
13149,526.913,484.45068359375,175.45361328125
13150,526.953,485.7655334472656,174.85325622558594
13151,526.993,485.480224609375,174.7685089111328
13152,527.034,451.72918701171875,216.849365234375
13153,527.074,444.18975830078125,208.4960174560547
13154,527.114,444.1213073730469,208.79212951660156
13155,527.154,445.6823425292969,206.90310668945312
13156,527.194,447.38763427734375,205.48614501953125
13157,527.234,447.3740539550781,205.54681396484375
13158,527.274,451.68035888671875,204.67543029785156
13159,527.314,454.8881530761719,203.78323364257812
13160,527.354,433.6295166015625,226.48226928710938
13161,527.394,435.88507080078125,226.1613311767578
13162,527.434,434.3767395019531,225.48342895507812
13163,527.474,433.98004150390625,223.7603759765625
13164,527.514,434.51898193359375,222.42434692382812
13165,527.554,416.5111389160156,235.90304565429688
13166,527.595,416.2479248046875,233.92135620117188
13167,527.635,415.37274169921875,236.07550048828125
13168,527.675,415.4377746582031,232.14468383789062
13169,527.715,414.0753479003906,230.3668975830078
13170,527.755,413.0926818847656,228.68893432617188
13171,527.795,433.90338134765625,220.6062469482422
13172,527.835,435.01776123046875,218.14370727539062
13173,527.875,436.66448974609375,218.302978515625
13174,527.915,437.3978271484375,217.2815399169922
13175,527.955,438.2225341796875,216.1125946044922
13176,527.995,426.1180114746094,250.0958251953125
13177,528.035,416.7093200683594,256.74432373046875
13178,528.075,424.186767578125,255.6886444091797
13179,528.116,417.8166809082031,255.48544311523438
13180,528.156,419.4797058105469,253.48257446289062
13181,528.196,423.6929016113281,250.3109130859375
13182,528.236,393.6700134277344,272.7185974121094
13183,528.276,405.92919921875,280.1054382324219
13184,528.316,407.30792236328125,279.7991027832031
13185,528.356,406.1701965332031,281.72100830078125
13186,528.396,401.4481201171875,281.87451171875
13187,528.436,403.72198486328125,265.3525390625
13188,528.476,421.6694030761719,235.5073699951172
13189,528.516,412.31268310546875,244.4907989501953
13190,528.556,424.7955322265625,238.8333740234375
13191,528.596,460.08099365234375,225.52816772460938
13192,528.636,472.171142578125,211.54580688476562
13193,528.677,471.2135925292969,217.56541442871094
13194,528.717,477.4244079589844,213.56561279296875
13195,528.757,474.8100280761719,206.9217071533203
13196,528.797,474.3453674316406,199.0480499267578
13197,528.837,474.1966552734375,198.90577697753906
13198,528.877,475.55145263671875,199.50772094726562
13199,528.917,474.6214294433594,200.85546875
13200,528.957,475.08770751953125,202.30662536621094
13201,528.997,475.5415954589844,206.07205200195312
13202,529.037,473.11883544921875,206.3331298828125
13203,529.077,468.4160461425781,206.1323699951172
13204,529.117,476.75970458984375,202.19729614257812
13205,529.157,475.41619873046875,201.94967651367188
13206,529.197,476.5810852050781,201.60147094726562
13207,529.238,472.1656799316406,201.89337158203125
13208,529.278,469.79144287109375,201.36349487304688
13209,529.318,465.2850341796875,202.16029357910156
13210,529.358,498.372314453125,187.87307739257812
13211,529.398,500.37689208984375,188.02574157714844
13212,529.438,498.1753845214844,188.1583251953125
13213,529.478,483.1614990234375,199.54258728027344
13214,529.518,483.78485107421875,196.0161590576172
13215,529.558,487.2298889160156,195.2958984375
13216,529.598,489.477783203125,192.76744079589844
13217,529.638,496.3192443847656,182.97315979003906
13218,529.678,495.8268737792969,179.31573486328125
13219,529.718,478.08038330078125,167.21231079101562
13220,529.758,479.7447814941406,162.8936309814453
13221,529.799,478.5539855957031,162.46192932128906
13222,529.839,481.1283264160156,161.51129150390625
13223,529.879,482.2206726074219,162.37696838378906
13224,529.919,482.53997802734375,162.69691467285156
13225,529.959,482.4708251953125,164.07325744628906
13226,529.999,483.9979248046875,164.60568237304688
13227,530.039,483.9132080078125,165.78106689453125
13228,530.079,483.4300842285156,165.48562622070312
13229,530.119,484.17742919921875,165.4339141845703
13230,530.159,466.2108459472656,171.7507781982422
13231,530.199,466.761474609375,172.6103057861328
13232,530.239,467.0571594238281,172.50588989257812
13233,530.279,468.6402282714844,171.72463989257812
13234,530.32,467.28936767578125,171.0375213623047
13235,530.36,480.75836181640625,187.42027282714844
13236,530.4,482.8973693847656,189.14569091796875
13237,530.44,484.1280517578125,190.4932861328125
13238,530.48,485.14447021484375,192.341552734375
13239,530.52,485.4521789550781,192.58779907226562
13240,530.56,485.75830078125,190.37120056152344
13241,530.6,479.189208984375,161.74053955078125
13242,530.64,477.5201110839844,163.28024291992188
13243,530.68,478.0617370605469,162.14796447753906
13244,530.72,487.29437255859375,154.9282989501953
13245,530.76,487.66522216796875,138.82713317871094
13246,530.8,475.8045654296875,150.49740600585938
13247,530.84,474.55584716796875,150.26405334472656
13248,530.881,472.74749755859375,152.2098846435547
13249,530.921,475.7022705078125,152.11122131347656
13250,530.961,475.5072021484375,151.3598175048828
13251,531.001,475.9137268066406,150.3980255126953
13252,531.041,475.3270568847656,147.9698028564453
13253,531.081,476.19525146484375,132.09640502929688
13254,531.121,476.62835693359375,126.81014251708984
13255,531.161,477.4245910644531,117.64036560058594
13256,531.201,490.9393310546875,132.3909912109375
13257,531.241,507.4939270019531,143.92385864257812
13258,531.281,505.26788330078125,140.03643798828125
13259,531.321,508.1937561035156,140.64085388183594
13260,531.361,497.58758544921875,123.47544860839844
13261,531.401,495.96392822265625,118.85026550292969
13262,531.442,492.3865661621094,110.44648742675781
13263,531.482,495.12896728515625,108.05502319335938
13264,531.522,494.043701171875,106.5823974609375
13265,531.562,492.8093566894531,110.32839965820312
13266,531.602,500.4911193847656,138.2976531982422
13267,531.642,500.4801940917969,138.04640197753906
13268,531.682,501.49041748046875,137.6437225341797
13269,531.722,502.47412109375,136.73255920410156
13270,531.762,504.8631591796875,137.4279022216797
13271,531.802,502.65240478515625,136.8963623046875
13272,531.842,502.9858703613281,136.10581970214844
13273,531.882,500.83099365234375,133.69419860839844
13274,531.922,499.1997985839844,124.12741088867188
13275,531.962,497.22900390625,120.28280639648438
13276,532.003,496.582275390625,119.60692596435547
13277,532.043,496.6658935546875,120.87213134765625
13278,532.083,497.5533142089844,121.33071899414062
13279,532.123,495.0715026855469,121.06647491455078
13280,532.163,492.54278564453125,120.71087646484375
13281,532.203,491.17431640625,120.3712387084961
13282,532.243,491.73260498046875,119.83122253417969
13283,532.283,493.6296691894531,119.62557983398438
13284,532.323,492.59552001953125,119.10803985595703
13285,532.363,492.61328125,119.6878433227539
13286,532.403,492.5635681152344,118.84649658203125
13287,532.443,492.82843017578125,118.40697479248047
13288,532.483,492.396240234375,118.5109634399414
13289,532.523,492.7411804199219,119.42595672607422
13290,532.564,493.9551696777344,120.28076171875
13291,532.604,519.3587036132812,79.37538146972656
13292,532.644,528.7161254882812,65.66918182373047
13293,532.684,543.4965209960938,42.52392578125
13294,532.724,541.4349975585938,48.849849700927734
13295,532.764,528.5054931640625,84.87394714355469
13296,532.804,545.7215576171875,89.99097442626953
13297,532.844,564.1465454101562,68.11882019042969
13298,532.884,574.3316650390625,117.96745300292969
13299,532.924,570.7175903320312,76.31723022460938
13300,532.964,558.9703979492188,90.79981994628906
13301,533.004,544.8954467773438,84.0560531616211
13302,533.044,534.7896118164062,90.40228271484375
13303,533.085,533.5567016601562,89.69442749023438
13304,533.125,nan,nan
13305,533.165,518.599609375,70.8138656616211
13306,533.205,521.4757080078125,86.76232147216797
13307,533.245,517.2777099609375,91.69355773925781
13308,533.285,511.85723876953125,97.15762329101562
13309,533.325,512.3475952148438,97.96048736572266
13310,533.365,511.97589111328125,99.08494567871094
13311,533.405,512.759521484375,99.54048919677734
13312,533.445,512.6028442382812,99.38386535644531
13313,533.485,522.9645385742188,94.04029846191406
13314,533.525,533.351806640625,106.57373809814453
13315,533.565,563.81884765625,105.89969635009766
13316,533.605,524.5752563476562,91.3458251953125
13317,533.646,533.7366333007812,97.16484069824219
13318,533.686,534.31787109375,96.81891632080078
13319,533.726,553.592041015625,87.78450012207031
13320,533.766,568.7244873046875,66.6595230102539
13321,533.806,573.5145874023438,64.66876220703125
13322,533.846,569.6548461914062,56.340084075927734
13323,533.886,572.143798828125,48.58380889892578
13324,533.926,547.45263671875,72.44721221923828
13325,533.966,544.7406616210938,88.27989959716797
13326,534.006,536.3099365234375,102.45657348632812
13327,534.046,539.771484375,97.88126373291016
13328,534.086,525.9869995117188,100.85506439208984
13329,534.126,534.5719604492188,53.27476501464844
13330,534.166,nan,nan
13331,534.207,nan,nan
13332,534.247,555.2788696289062,92.43152618408203
13333,534.287,nan,nan
13334,534.327,nan,nan
13335,534.367,498.8756103515625,22.52190589904785
13336,534.407,481.88330078125,20.864471435546875
13337,534.447,nan,nan
13338,534.487,478.24163818359375,68.1952133178711
13339,534.527,508.5721740722656,95.9537353515625
13340,534.567,502.91278076171875,62.291046142578125
13341,534.607,507.849609375,68.14073944091797
13342,534.647,nan,nan
13343,534.687,531.3187866210938,43.317352294921875
13344,534.727,544.481201171875,19.295608520507812
13345,534.768,509.5860290527344,48.06684875488281
13346,534.808,504.56005859375,49.63240051269531
13347,534.848,504.3452453613281,53.2995491027832
13348,534.888,505.5489807128906,57.12144088745117
13349,534.928,505.9571228027344,53.761444091796875
13350,534.968,506.20538330078125,50.517982482910156
13351,535.008,532.4098510742188,66.2870864868164
13352,535.048,504.1535949707031,107.40454864501953
13353,535.088,501.23394775390625,103.8812255859375
13354,535.128,501.3276062011719,102.85639190673828
13355,535.168,502.5852966308594,102.09842681884766
13356,535.208,502.8601379394531,101.57356262207031
13357,535.248,511.3995361328125,91.01897430419922
13358,535.288,521.0702514648438,80.52622985839844
13359,535.329,530.6290283203125,69.0744857788086
13360,535.369,510.4457092285156,109.96630096435547
13361,535.409,502.2757568359375,94.74417114257812
13362,535.449,504.58734130859375,104.18988800048828
13363,535.489,541.9083251953125,198.70062255859375
13364,535.529,nan,nan
13365,535.569,583.2183837890625,99.63053894042969
13366,535.609,519.112548828125,133.88937377929688
13367,535.649,506.7541809082031,119.18392181396484
13368,535.689,502.9224853515625,116.54822540283203
13369,535.729,499.624755859375,111.39911651611328
13370,535.769,508.6300354003906,126.0508041381836
13371,535.809,502.5143737792969,123.23754119873047
13372,535.85,549.3523559570312,137.08973693847656
13373,535.89,548.368408203125,106.86323547363281
13374,535.93,546.1763305664062,105.35441589355469
13375,535.97,554.5423583984375,122.9850082397461
13376,536.01,556.0829467773438,128.86048889160156
13377,536.05,539.1524047851562,126.94454193115234
13378,536.09,505.9302978515625,137.7472686767578
13379,536.13,499.48602294921875,135.97021484375
13380,536.17,497.4354248046875,133.3043212890625
13381,536.21,492.0873718261719,133.29214477539062
13382,536.25,490.4920654296875,133.37863159179688
13383,536.29,493.76409912109375,121.75630950927734
13384,536.33,499.479736328125,116.02818298339844
13385,536.37,499.9803161621094,131.9581298828125
13386,536.411,533.0867309570312,107.67332458496094
13387,536.451,513.1582641601562,114.31307220458984
13388,536.491,513.0050659179688,117.12298583984375
13389,536.531,539.2106323242188,99.09204864501953
13390,536.571,535.6598510742188,97.40071105957031
13391,536.611,560.9158935546875,86.43138885498047
13392,536.651,555.19189453125,101.35842895507812
13393,536.691,531.7273559570312,129.8280029296875
13394,536.731,528.450439453125,133.75299072265625
13395,536.771,639.7101440429688,52.43500900268555
13396,536.811,607.6070556640625,85.38631439208984
13397,536.851,498.43121337890625,151.87481689453125
13398,536.891,495.4397888183594,146.5984344482422
13399,536.931,493.9219055175781,139.12327575683594
13400,536.972,489.63482666015625,154.44924926757812
13401,537.012,487.7692565917969,168.0126495361328
13402,537.052,492.493408203125,175.11007690429688
13403,537.092,499.19854736328125,191.22515869140625
13404,537.132,486.17523193359375,185.68289184570312
13405,537.172,491.7231750488281,186.56881713867188
13406,537.212,492.257080078125,191.723876953125
13407,537.252,486.6271667480469,193.80137634277344
13408,537.292,465.4590759277344,193.118408203125
13409,537.332,525.9089965820312,186.21966552734375
13410,537.372,533.1431884765625,200.7327423095703
13411,537.412,525.7883911132812,209.0292205810547
13412,537.452,521.554931640625,210.7290802001953
13413,537.492,514.2433471679688,217.44493103027344
13414,537.533,497.5396728515625,226.1319580078125
13415,537.573,538.2597045898438,234.0533447265625
13416,537.613,540.4220581054688,229.63818359375
13417,537.653,548.286376953125,224.56686401367188
13418,537.693,541.6036376953125,239.1294403076172
13419,537.733,534.869873046875,245.3972930908203
13420,537.773,529.689453125,243.6343231201172
13421,537.813,525.14990234375,243.41595458984375
13422,537.853,528.7284545898438,215.6510467529297
13423,537.893,530.7619018554688,207.83428955078125
13424,537.933,524.6109008789062,205.5769500732422
13425,537.973,524.72216796875,203.65866088867188
13426,538.013,529.3988647460938,204.13365173339844
13427,538.053,526.7578735351562,203.524658203125
13428,538.094,521.11181640625,203.23876953125
13429,538.134,526.9884033203125,203.0928497314453
13430,538.174,528.2562255859375,203.28073120117188
13431,538.214,532.5119018554688,205.8870849609375
13432,538.254,550.1709594726562,222.99380493164062
13433,538.294,553.8046875,243.77337646484375
13434,538.334,548.7465209960938,245.2628936767578
13435,538.374,541.9837646484375,252.98159790039062
13436,538.414,542.6832275390625,251.5160369873047
13437,538.454,540.4462890625,257.42877197265625
13438,538.494,547.1509399414062,253.24270629882812
13439,538.534,539.3387451171875,243.9933624267578
13440,538.574,534.4108276367188,241.50563049316406
13441,538.615,533.0847778320312,250.53753662109375
13442,538.655,552.6064453125,242.3328094482422
13443,538.695,544.4906616210938,252.2187042236328
13444,538.735,538.526123046875,242.26490783691406
13445,538.775,534.629638671875,245.18975830078125
13446,538.815,539.0768432617188,250.5475616455078
13447,538.855,540.4168701171875,248.2508544921875
13448,538.895,538.5426635742188,244.78358459472656
13449,538.935,536.3438110351562,248.9376983642578
13450,538.975,533.5208740234375,249.8534393310547
13451,539.015,532.0999755859375,250.29249572753906
13452,539.055,531.818359375,242.7696533203125
13453,539.095,532.8153686523438,242.86244201660156
13454,539.135,534.762451171875,239.82005310058594
13455,539.176,531.838134765625,239.7789764404297
13456,539.216,538.8692016601562,238.4590606689453
13457,539.256,544.5917358398438,227.61439514160156
13458,539.296,543.4628295898438,231.9121551513672
13459,539.336,546.126953125,237.09188842773438
13460,539.376,535.241455078125,246.78036499023438
13461,539.416,539.946044921875,247.424560546875
13462,539.456,544.1228637695312,258.2311706542969
13463,539.496,541.3533325195312,260.2600402832031
13464,539.536,547.2869873046875,256.45098876953125
13465,539.576,541.9508666992188,259.6597900390625
13466,539.616,541.2557373046875,264.07177734375
13467,539.656,538.2274169921875,265.00445556640625
13468,539.696,533.06494140625,276.5666809082031
13469,539.737,533.322998046875,275.2337646484375
13470,539.777,533.1057739257812,276.25201416015625
13471,539.817,550.2114868164062,250.82882690429688
13472,539.857,555.9171142578125,240.359130859375
13473,539.897,558.6239013671875,240.27532958984375
13474,539.937,552.6868286132812,241.81039428710938
13475,539.977,553.179931640625,237.54275512695312
13476,540.017,559.982177734375,241.1311492919922
13477,540.057,570.805419921875,246.5400848388672
13478,540.097,575.3596801757812,238.28347778320312
13479,540.137,578.7265014648438,239.69053649902344
13480,540.177,582.4359741210938,236.84103393554688
13481,540.217,576.4522705078125,238.47613525390625
13482,540.257,584.2373657226562,233.3448486328125
13483,540.298,588.3509521484375,226.1251220703125
13484,540.338,579.3046264648438,224.04066467285156
13485,540.378,578.2009887695312,223.43760681152344
13486,540.418,575.2923583984375,222.04896545410156
13487,540.458,575.7102661132812,220.73373413085938
13488,540.498,575.19677734375,217.80154418945312
13489,540.538,575.4454956054688,216.4198760986328
13490,540.578,574.4962158203125,208.9849853515625
13491,540.618,575.2984008789062,205.2542266845703
13492,540.658,575.3328857421875,200.3924560546875
13493,540.698,577.005859375,196.20079040527344
13494,540.738,576.7984008789062,192.99386596679688
13495,540.778,576.8347778320312,188.58152770996094
13496,540.818,574.9771728515625,185.96942138671875
13497,540.859,570.1194458007812,186.57345581054688
13498,540.899,571.8811645507812,184.36431884765625
13499,540.939,571.6077880859375,183.56362915039062
13500,540.979,571.8486938476562,181.2363739013672
13501,541.019,571.3416137695312,179.26547241210938
13502,541.059,571.4461059570312,177.4679412841797
13503,541.099,573.0215454101562,174.50790405273438
13504,541.139,572.37744140625,172.53485107421875
13505,541.179,573.0924682617188,172.06365966796875
13506,541.219,565.2545166015625,186.0272674560547
13507,541.259,563.7448120117188,192.41677856445312
13508,541.299,563.7758178710938,193.70004272460938
13509,541.339,564.2666625976562,195.5886993408203
13510,541.38,564.9006958007812,197.02789306640625
13511,541.42,564.9448852539062,198.49952697753906
13512,541.46,565.0968017578125,199.10215759277344
13513,541.5,566.5785522460938,200.97610473632812
13514,541.54,603.131103515625,219.6959686279297
13515,541.58,597.3854370117188,222.1909637451172
13516,541.62,603.5740356445312,220.65403747558594
13517,541.66,605.3599243164062,219.82080078125
13518,541.7,607.9551391601562,219.49266052246094
13519,541.74,608.5452270507812,219.12791442871094
13520,541.78,608.8069458007812,217.7416534423828
13521,541.82,609.8435668945312,216.56130981445312
13522,541.86,601.1985473632812,216.97129821777344
13523,541.9,602.7761840820312,218.3078155517578
13524,541.941,603.5155029296875,218.03590393066406
13525,541.981,603.5729370117188,218.56153869628906
13526,542.021,600.7852783203125,218.5615234375
13527,542.061,600.8090209960938,217.6083221435547
13528,542.101,602.1696166992188,217.05081176757812
13529,542.141,597.6614379882812,216.79905700683594
13530,542.181,597.3427124023438,217.2526397705078
13531,542.221,597.33154296875,201.82032775878906
13532,542.261,602.037353515625,192.30972290039062
13533,542.301,605.576171875,191.09156799316406
13534,542.341,606.9893798828125,206.88270568847656
13535,542.381,583.389892578125,218.4525146484375
13536,542.421,556.913818359375,213.66485595703125
13537,542.461,555.4922485351562,221.90655517578125
13538,542.502,552.1077270507812,226.06231689453125
13539,542.542,558.5508422851562,226.86378479003906
13540,542.582,560.9523315429688,232.09860229492188
13541,542.622,558.2223510742188,223.15052795410156
13542,542.662,559.5534057617188,213.32496643066406
13543,542.702,567.1939697265625,206.5803680419922
13544,542.742,605.9125366210938,242.38540649414062
13545,542.782,605.8195190429688,244.48146057128906
13546,542.822,602.3594360351562,239.07913208007812
13547,542.862,607.6107788085938,236.57589721679688
13548,542.902,606.8880004882812,245.006591796875
13549,542.942,603.780517578125,246.6488494873047
13550,542.982,602.5961303710938,248.38352966308594
13551,543.022,603.4235229492188,246.2515869140625
13552,543.063,582.188720703125,231.602294921875
13553,543.103,567.1473388671875,221.24758911132812
13554,543.143,561.768310546875,220.20928955078125
13555,543.183,555.990234375,227.60418701171875
13556,543.223,573.0676879882812,257.0048522949219
13557,543.263,575.3585815429688,249.1944122314453
13558,543.303,574.2390747070312,247.2165069580078
13559,543.343,570.526123046875,250.2274169921875
13560,543.383,568.3037109375,251.90005493164062
13561,543.423,567.3628540039062,248.71022033691406
13562,543.463,573.6196899414062,244.97117614746094
13563,543.503,574.9759521484375,233.3280029296875
13564,543.543,592.374755859375,262.65777587890625
13565,543.584,593.6865844726562,260.7841796875
13566,543.624,586.5322265625,258.4054260253906
13567,543.664,589.0316162109375,265.3913879394531
13568,543.704,591.4490966796875,264.3002624511719
13569,543.744,598.8453979492188,264.2070007324219
13570,543.784,608.7081298828125,265.72210693359375
13571,543.824,608.5209350585938,264.6675109863281
13572,543.864,613.9005737304688,251.27346801757812
13573,543.904,608.515380859375,264.476806640625
13574,543.944,608.8181762695312,265.0125427246094
13575,543.984,608.2941284179688,261.96685791015625
13576,544.024,610.2413330078125,244.95870971679688
13577,544.064,606.413330078125,254.62704467773438
13578,544.104,602.2203369140625,250.702392578125
13579,544.145,603.0526123046875,247.54934692382812
13580,544.185,601.846435546875,243.0709228515625
13581,544.225,605.9723510742188,237.00587463378906
13582,544.265,605.5385131835938,233.7729034423828
13583,544.305,601.9960327148438,232.9982147216797
13584,544.345,600.4576416015625,235.20101928710938
13585,544.385,597.9097900390625,237.28558349609375
13586,544.425,591.0286254882812,239.7479705810547
13587,544.465,591.4888916015625,237.24839782714844
13588,544.505,590.8080444335938,237.67361450195312
13589,544.545,590.3370971679688,238.27069091796875
13590,544.585,590.0838623046875,238.98855590820312
13591,544.625,589.4043579101562,238.5621337890625
13592,544.665,586.4410400390625,238.38504028320312
13593,544.706,605.7042236328125,224.06906127929688
13594,544.746,609.3544921875,221.0609893798828
13595,544.786,608.1008911132812,219.44769287109375
13596,544.826,605.03662109375,215.4579620361328
13597,544.866,610.224365234375,212.13905334472656
13598,544.906,605.837890625,207.37716674804688
13599,544.946,586.818603515625,196.90798950195312
13600,544.986,587.7976684570312,199.90809631347656
13601,545.026,587.2184448242188,200.74334716796875
13602,545.066,588.1766357421875,208.2041015625
13603,545.106,582.5730590820312,193.23255920410156
13604,545.146,586.5413208007812,209.61190795898438
13605,545.186,589.7599487304688,218.757568359375
13606,545.226,592.299072265625,221.64637756347656
13607,545.267,591.0933227539062,227.83917236328125
13608,545.307,592.9584350585938,229.30032348632812
13609,545.347,603.17626953125,236.51007080078125
13610,545.387,611.5144653320312,252.9239044189453
13611,545.427,611.561279296875,254.21559143066406
13612,545.467,604.61962890625,249.27325439453125
13613,545.507,612.4423217773438,232.8171844482422
13614,545.547,609.5858764648438,245.47418212890625
13615,545.587,614.381103515625,252.80538940429688
13616,545.627,615.0001220703125,252.46311950683594
13617,545.667,614.3238525390625,253.69268798828125
13618,545.707,621.6214599609375,253.59353637695312
13619,545.747,616.3789672851562,252.25531005859375
13620,545.787,607.8211669921875,252.08438110351562
13621,545.828,611.0560913085938,251.58383178710938
13622,545.868,609.2071533203125,256.53399658203125
13623,545.908,612.1025390625,257.0924072265625
13624,545.948,614.6424560546875,249.16680908203125
13625,545.988,609.3460083007812,254.21446228027344
13626,546.028,618.1289672851562,240.8077850341797
13627,546.068,610.9981079101562,253.84152221679688
13628,546.108,615.2590942382812,252.095458984375
13629,546.148,612.8170166015625,252.73507690429688
13630,546.188,609.855712890625,252.90640258789062
13631,546.228,608.8239135742188,253.68382263183594
13632,546.268,610.0521850585938,254.85093688964844
13633,546.308,611.7977294921875,253.94371032714844
13634,546.349,633.08984375,261.691650390625
13635,546.389,634.3145751953125,261.4121398925781
13636,546.429,636.303955078125,261.6943359375
13637,546.469,633.284423828125,266.4157409667969
13638,546.509,634.1192016601562,269.4149475097656
13639,546.549,634.471435546875,271.3897705078125
13640,546.589,635.5552978515625,271.1652526855469
13641,546.629,634.6785888671875,272.40838623046875
13642,546.669,615.5208740234375,274.00042724609375
13643,546.709,614.1849975585938,274.89715576171875
13644,546.749,611.3717651367188,278.0755615234375
13645,546.789,611.4921875,277.2852478027344
13646,546.829,612.7774047851562,275.2491455078125
13647,546.869,605.0013427734375,279.0981140136719
13648,546.91,579.4476928710938,258.51861572265625
13649,546.95,579.23583984375,258.98828125
13650,546.99,582.9298706054688,260.1086730957031
13651,547.03,582.6441650390625,261.239501953125
13652,547.07,582.2445678710938,262.99786376953125
13653,547.11,581.5401000976562,265.4938659667969
13654,547.15,580.4800415039062,265.15576171875
13655,547.19,580.9660034179688,261.2123718261719
13656,547.23,619.5531005859375,250.6798553466797
13657,547.27,617.0864868164062,248.98104858398438
13658,547.31,610.9552612304688,251.40786743164062
13659,547.35,613.1393432617188,252.08047485351562
13660,547.39,615.542724609375,250.8588409423828
13661,547.43,615.8677978515625,250.8331756591797
13662,547.471,620.8519287109375,245.3699188232422
13663,547.511,620.7029418945312,244.91551208496094
13664,547.551,618.01513671875,242.0399932861328
13665,547.591,607.8605346679688,205.11669921875
13666,547.631,599.2465209960938,205.71812438964844
13667,547.671,596.7757568359375,207.96096801757812
13668,547.711,603.505126953125,212.87637329101562
13669,547.751,600.2142944335938,218.97853088378906
13670,547.791,603.6637573242188,228.8938446044922
13671,547.831,598.3280029296875,231.24534606933594
13672,547.871,629.65283203125,266.09747314453125
13673,547.911,635.9666748046875,285.9390563964844
13674,547.951,631.642333984375,286.9814758300781
13675,547.991,630.0593872070312,290.40185546875
13676,548.032,639.2666015625,286.8260803222656
13677,548.072,643.3253784179688,284.72198486328125
13678,548.112,644.65283203125,282.9107666015625
13679,548.152,640.0966796875,287.4422302246094
13680,548.192,639.2460327148438,286.98211669921875
13681,548.232,643.3704223632812,281.9818420410156
13682,548.272,649.8912963867188,275.2952575683594
13683,548.312,615.41943359375,274.5578308105469
13684,548.352,608.4357299804688,281.0077209472656
13685,548.392,605.525146484375,281.27996826171875
13686,548.432,605.1945190429688,280.8138122558594
13687,548.472,608.078857421875,276.1553039550781
13688,548.512,606.4008178710938,275.4440002441406
13689,548.552,603.4508056640625,278.25091552734375
13690,548.593,602.37548828125,278.4842834472656
13691,548.633,609.1564331054688,272.5222473144531
13692,548.673,574.1871337890625,273.5459899902344
13693,548.713,575.965087890625,263.3363037109375
13694,548.753,568.4762573242188,268.3179626464844
13695,548.793,571.6360473632812,262.495361328125
13696,548.833,571.29736328125,261.71173095703125
13697,548.873,572.3297729492188,260.1907653808594
13698,548.913,573.487548828125,258.66455078125
13699,548.953,574.2333374023438,257.77691650390625
13700,548.993,574.1115112304688,257.9381408691406
13701,549.033,572.9771728515625,257.8980712890625
13702,549.073,573.0870361328125,259.0833435058594
13703,549.114,574.1236572265625,253.93289184570312
13704,549.154,572.795166015625,254.8138427734375
13705,549.194,575.54833984375,250.7428436279297
13706,549.234,576.1519775390625,250.04432678222656
13707,549.274,574.09765625,241.7806396484375
13708,549.314,572.3532104492188,249.56150817871094
13709,549.354,564.0521240234375,257.2221374511719
13710,549.394,572.53564453125,253.52203369140625
13711,549.434,588.1874389648438,236.46119689941406
13712,549.474,573.4735717773438,225.510009765625
13713,549.514,575.485107421875,232.89935302734375
13714,549.554,572.1118774414062,232.22705078125
13715,549.594,565.0308837890625,237.6402130126953
13716,549.634,573.22607421875,238.11331176757812
13717,549.675,573.2237548828125,242.00672912597656
13718,549.715,579.341064453125,239.5216827392578
13719,549.755,580.1578369140625,235.3013153076172
13720,549.795,576.1005859375,234.38182067871094
13721,549.835,574.9952392578125,234.2246551513672
13722,549.875,577.0827026367188,235.3052520751953
13723,549.915,578.8545532226562,234.62644958496094
13724,549.955,579.259765625,234.4338836669922
13725,549.995,578.884521484375,236.43736267089844
13726,550.035,581.0509033203125,236.45094299316406
13727,550.075,583.1940307617188,236.79440307617188
13728,550.115,584.3558959960938,235.2293243408203
13729,550.155,581.1902465820312,235.20140075683594
13730,550.195,583.9913330078125,232.69935607910156
13731,550.236,587.763671875,229.23703002929688
13732,550.276,589.3652954101562,229.8305206298828
13733,550.316,589.9755859375,230.68370056152344
13734,550.356,590.6068725585938,231.374267578125
13735,550.396,591.0503540039062,231.0183563232422
13736,550.436,591.9230346679688,229.94590759277344
13737,550.476,591.1729736328125,229.36294555664062
13738,550.516,590.0850830078125,228.6947784423828
13739,550.556,590.3626098632812,228.4160614013672
13740,550.596,591.1259765625,227.79747009277344
13741,550.636,589.586181640625,226.5320281982422
13742,550.676,588.62744140625,224.7240753173828
13743,550.716,578.2738037109375,221.52850341796875
13744,550.756,572.1704711914062,211.9209442138672
13745,550.797,569.94140625,208.7180938720703
13746,550.837,568.931396484375,208.33270263671875
13747,550.877,568.4727783203125,207.15048217773438
13748,550.917,569.8087768554688,204.36329650878906
13749,550.957,569.7456665039062,204.68788146972656
13750,550.997,563.8190307617188,213.41128540039062
13751,551.037,567.3008422851562,208.9976348876953
13752,551.077,568.2691650390625,207.35365295410156
13753,551.117,569.0195922851562,206.85092163085938
13754,551.157,568.8973388671875,206.61888122558594
13755,551.197,568.6163940429688,207.7355499267578
13756,551.237,567.7269897460938,208.0159454345703
13757,551.277,563.6228637695312,209.4394989013672
13758,551.317,555.9138793945312,214.9361114501953
13759,551.358,557.8822021484375,209.8910675048828
13760,551.398,542.6266479492188,222.94737243652344
13761,551.438,534.9154052734375,228.3303680419922
13762,551.478,540.6834106445312,222.13917541503906
13763,551.518,544.8624267578125,212.9972381591797
13764,551.558,547.9940185546875,218.28907775878906
13765,551.598,546.7454833984375,221.26588439941406
13766,551.638,554.0680541992188,226.6787872314453
13767,551.678,603.5059204101562,171.10409545898438
13768,551.718,554.2620239257812,208.4688262939453
13769,551.758,558.034912109375,204.3391876220703
13770,551.798,558.2916870117188,202.1640167236328
13771,551.838,555.7207641601562,200.69139099121094
13772,551.879,555.824951171875,199.6330108642578
13773,551.919,558.6998901367188,204.67013549804688
13774,551.959,556.0162353515625,209.3124237060547
13775,551.999,557.7052612304688,209.09356689453125
13776,552.039,560.1929321289062,208.84458923339844
13777,552.079,559.7960205078125,208.6011199951172
13778,552.119,557.6971435546875,202.88697814941406
13779,552.159,550.0806274414062,202.6547088623047
13780,552.199,547.5278930664062,202.54425048828125
13781,552.239,548.3805541992188,203.74034118652344
13782,552.279,550.8104858398438,203.1516571044922
13783,552.319,550.8607788085938,203.3446502685547
13784,552.359,549.0835571289062,204.3173065185547
13785,552.399,541.570068359375,206.6765899658203
13786,552.44,541.7772827148438,206.68753051757812
13787,552.48,505.13909912109375,207.50997924804688
13788,552.52,495.98834228515625,201.2238006591797
13789,552.56,496.44775390625,202.13882446289062
13790,552.6,497.1820068359375,201.9670867919922
13791,552.64,498.6458740234375,202.8362579345703
13792,552.68,531.2807006835938,209.9272003173828
13793,552.72,527.9816284179688,211.1608123779297
13794,552.76,526.6697998046875,211.01577758789062
13795,552.8,527.1702270507812,209.1070556640625
13796,552.84,503.21942138671875,209.9744415283203
13797,552.88,499.6667785644531,208.51402282714844
13798,552.92,501.71405029296875,208.8833770751953
13799,552.96,538.9169311523438,201.1630859375
13800,553.001,536.2518310546875,206.31858825683594
13801,553.041,530.4100952148438,215.8633575439453
13802,553.081,530.903076171875,215.86459350585938
13803,553.121,529.0277099609375,217.67823791503906
13804,553.161,516.6605834960938,212.31459045410156
13805,553.201,522.6915283203125,194.96084594726562
13806,553.241,516.97119140625,215.43202209472656
13807,553.281,534.2635498046875,214.6699676513672
13808,553.321,535.6929321289062,215.33856201171875
13809,553.361,538.19970703125,214.9196319580078
13810,553.401,541.3886108398438,216.04151916503906
13811,553.441,536.5826416015625,213.99708557128906
13812,553.481,522.614990234375,195.73678588867188
13813,553.521,523.4891357421875,194.56631469726562
13814,553.562,525.8416748046875,193.55270385742188
13815,553.602,526.3110961914062,194.30067443847656
13816,553.642,526.8128662109375,195.8365936279297
13817,553.682,559.3959350585938,160.1295623779297
13818,553.722,548.7618408203125,164.1155242919922
13819,553.762,549.1654663085938,163.3134765625
13820,553.802,549.21142578125,164.25076293945312
13821,553.842,533.7105102539062,169.07022094726562
13822,553.882,531.1481323242188,166.96217346191406
13823,553.922,527.5987548828125,115.60236358642578
13824,553.962,533.6038818359375,87.8515396118164
13825,554.002,558.92626953125,67.8855972290039
13826,554.042,576.716064453125,77.64763641357422
13827,554.082,586.4847412109375,83.62237548828125
13828,554.123,586.6251220703125,77.8575439453125
13829,554.163,579.0943603515625,67.53294372558594
13830,554.203,564.3572998046875,161.27877807617188
13831,554.243,569.7373046875,161.9665985107422
13832,554.283,569.741943359375,162.98509216308594
13833,554.323,570.8869018554688,165.61781311035156
13834,554.363,571.728759765625,171.19741821289062
13835,554.403,570.0154418945312,173.43434143066406
13836,554.443,571.2421875,176.1412353515625
13837,554.483,572.19287109375,177.2392120361328
13838,554.523,571.3469848632812,178.47909545898438
13839,554.563,571.6787109375,179.931396484375
13840,554.603,572.3839721679688,178.71951293945312
13841,554.644,574.7490844726562,177.53038024902344
13842,554.684,575.7941284179688,177.57203674316406
13843,554.724,576.4276733398438,178.58738708496094
13844,554.764,574.913818359375,177.9530487060547
13845,554.804,576.4014282226562,177.73011779785156
13846,554.844,576.5617065429688,177.9784698486328
13847,554.884,577.0258178710938,178.22467041015625
13848,554.924,566.068359375,197.9320068359375
13849,554.964,556.1378784179688,253.99249267578125
13850,555.004,555.5701904296875,251.15469360351562
13851,555.044,563.2687377929688,249.43540954589844
13852,555.084,565.883056640625,242.26304626464844
13853,555.124,560.1112060546875,244.69801330566406
13854,555.164,552.1025390625,251.79051208496094
13855,555.205,571.500244140625,220.18740844726562
13856,555.245,568.8577270507812,223.75376892089844
13857,555.285,575.9711303710938,217.5364532470703
13858,555.325,578.4032592773438,213.78582763671875
13859,555.365,576.4937133789062,215.5777587890625
13860,555.405,574.2985229492188,212.8725128173828
13861,555.445,579.2481689453125,213.50653076171875
13862,555.485,582.9984130859375,214.62852478027344
13863,555.525,585.0695190429688,216.206298828125
13864,555.565,586.8340454101562,215.05661010742188
13865,555.605,589.5457763671875,216.57362365722656
13866,555.645,568.4384155273438,196.4894561767578
13867,555.685,566.250244140625,196.38368225097656
13868,555.725,565.3594970703125,197.7530975341797
13869,555.766,562.7283325195312,197.16668701171875
13870,555.806,559.8348999023438,195.30078125
13871,555.846,569.6220092773438,176.98696899414062
13872,555.886,569.7389526367188,180.5026092529297
13873,555.926,569.92724609375,182.05075073242188
13874,555.966,570.4385986328125,184.88157653808594
13875,556.006,571.6337280273438,184.7638702392578
13876,556.046,569.7569580078125,174.5599822998047
13877,556.086,567.8296508789062,169.1820831298828
13878,556.126,551.89697265625,157.6010284423828
13879,556.166,552.501953125,157.36228942871094
13880,556.206,557.6993408203125,160.8997802734375
13881,556.246,559.18212890625,164.27867126464844
13882,556.286,582.1731567382812,198.57762145996094
13883,556.327,585.0048828125,208.28985595703125
13884,556.367,584.6148071289062,209.96591186523438
13885,556.407,586.513427734375,213.55519104003906
13886,556.447,585.2853393554688,213.1580352783203
13887,556.487,586.782958984375,212.52980041503906
13888,556.527,582.56005859375,210.99545288085938
13889,556.567,582.7786865234375,208.98703002929688
13890,556.607,582.1472778320312,208.65817260742188
13891,556.647,584.3912353515625,207.37779235839844
13892,556.687,585.9996337890625,218.13128662109375
13893,556.727,591.9922485351562,232.3164520263672
13894,556.767,592.4210815429688,231.4251708984375
13895,556.807,592.2171020507812,229.3470458984375
13896,556.847,592.4697265625,227.8507080078125
13897,556.888,591.9781494140625,226.29527282714844
13898,556.928,594.2811279296875,224.48764038085938
13899,556.968,593.4242553710938,223.97866821289062
13900,557.008,594.8997802734375,223.49557495117188
13901,557.048,595.232421875,223.83973693847656
13902,557.088,595.7073974609375,224.7754364013672
13903,557.128,598.1605834960938,226.19769287109375
13904,557.168,599.8799438476562,227.8976593017578
13905,557.208,600.3644409179688,228.83694458007812
13906,557.248,597.8670043945312,221.2881317138672
13907,557.288,597.7490234375,216.199951171875
13908,557.328,597.2884521484375,215.77796936035156
13909,557.368,594.2280883789062,214.40029907226562
13910,557.409,595.17822265625,216.0181427001953
13911,557.449,595.47216796875,211.38241577148438
13912,557.489,556.98095703125,218.90350341796875
13913,557.529,552.957763671875,217.1131134033203
13914,557.569,549.538818359375,217.9546661376953
13915,557.609,548.4598999023438,216.96681213378906
13916,557.649,542.3355712890625,217.7538299560547
13917,557.689,539.572265625,218.35772705078125
13918,557.729,540.67529296875,217.46107482910156
13919,557.769,539.2848510742188,215.75917053222656
13920,557.809,541.85693359375,208.8597869873047
13921,557.849,547.0782470703125,207.91770935058594
13922,557.889,613.2765502929688,201.78892517089844
13923,557.929,543.4508056640625,201.50228881835938
13924,557.97,544.007080078125,210.517333984375
13925,558.01,545.4994506835938,212.45697021484375
13926,558.05,543.7522583007812,213.8955535888672
13927,558.09,543.584228515625,223.58322143554688
13928,558.13,588.7601928710938,220.9702911376953
13929,558.17,588.6442260742188,220.54335021972656
13930,558.21,589.9619140625,219.39305114746094
13931,558.25,593.259033203125,218.1514892578125
13932,558.29,594.8695678710938,215.77072143554688
13933,558.33,581.5897827148438,212.24009704589844
13934,558.37,580.7677612304688,211.82705688476562
13935,558.41,579.5364379882812,211.24256896972656
13936,558.45,579.0479736328125,210.1289825439453
13937,558.49,578.8511352539062,208.50184631347656
13938,558.531,578.6835327148438,207.18975830078125
13939,558.571,581.4911499023438,206.58688354492188
13940,558.611,582.0748291015625,205.10916137695312
13941,558.651,584.2801513671875,203.83270263671875
13942,558.691,584.7171020507812,197.33811950683594
13943,558.731,584.5824584960938,191.8190155029297
13944,558.771,584.0592651367188,188.46224975585938
13945,558.811,583.1094970703125,188.0352783203125
13946,558.851,586.75390625,189.39076232910156
13947,558.891,589.181884765625,190.27041625976562
13948,558.931,590.547119140625,190.5727081298828
13949,558.971,590.7089233398438,190.8367462158203
13950,559.011,590.0199584960938,192.82818603515625
13951,559.051,587.839111328125,194.7925567626953
13952,559.092,584.43310546875,196.54823303222656
13953,559.132,582.7674560546875,196.859130859375
13954,559.172,581.252685546875,196.38502502441406
13955,559.212,579.9063720703125,196.59519958496094
13956,559.252,579.28515625,208.32769775390625
13957,559.292,579.6314086914062,209.2707977294922
13958,559.332,586.456298828125,211.5839385986328
13959,559.372,584.4017944335938,214.70228576660156
13960,559.412,586.5184326171875,213.89999389648438
13961,559.452,581.942138671875,216.24765014648438
13962,559.492,545.6963500976562,214.800048828125
13963,559.532,544.471923828125,216.42913818359375
13964,559.572,542.9779052734375,220.74395751953125
13965,559.613,542.2684936523438,222.9427032470703
13966,559.653,538.4618530273438,224.7837371826172
13967,559.693,538.8618774414062,224.43801879882812
13968,559.733,541.954345703125,223.2259521484375
13969,559.773,544.190185546875,221.60618591308594
13970,559.813,545.2407836914062,221.1413116455078
13971,559.853,537.8734741210938,216.56314086914062
13972,559.893,537.6295166015625,215.0438690185547
13973,559.933,565.9425048828125,214.49295043945312
13974,559.973,580.5960083007812,212.7887725830078
13975,560.013,600.5192260742188,210.84353637695312
13976,560.053,604.7555541992188,208.96864318847656
13977,560.093,606.0687866210938,207.10702514648438
13978,560.133,587.183349609375,207.61817932128906
13979,560.174,560.090576171875,206.26390075683594
13980,560.214,567.2081298828125,209.50543212890625
13981,560.254,574.324462890625,207.14625549316406
13982,560.294,586.81787109375,188.24900817871094
13983,560.334,593.7913818359375,178.05337524414062
13984,560.374,593.6273193359375,176.50521850585938
13985,560.414,588.6036987304688,172.2407684326172
13986,560.454,587.8258056640625,174.13119506835938
13987,560.494,596.8571166992188,182.45481872558594
13988,560.534,601.5632934570312,191.1005096435547
13989,560.574,587.9242553710938,203.35179138183594
13990,560.614,581.4232177734375,207.33505249023438
13991,560.654,578.301025390625,208.70059204101562
13992,560.694,542.3983764648438,219.30633544921875
13993,560.735,538.1654663085938,219.59715270996094
13994,560.775,539.7186279296875,215.85003662109375
13995,560.815,541.34619140625,211.563720703125
13996,560.855,542.5902709960938,209.54205322265625
13997,560.895,542.3861083984375,207.39479064941406
13998,560.935,542.2203979492188,206.2549591064453
13999,560.975,543.115478515625,206.56744384765625
14000,561.015,545.4976806640625,206.3260955810547
14001,561.055,556.0682373046875,216.97962951660156
14002,561.095,569.8305053710938,220.3675537109375
14003,561.135,566.4266357421875,221.85121154785156
14004,561.175,565.8154296875,222.12376403808594
14005,561.215,564.61865234375,221.9975128173828
14006,561.255,567.0914306640625,219.84999084472656
14007,561.296,568.9860229492188,217.11856079101562
14008,561.336,573.8427124023438,189.66371154785156
14009,561.376,566.4519653320312,199.182373046875
14010,561.416,574.7150268554688,212.50413513183594
14011,561.456,577.1356811523438,212.27194213867188
14012,561.496,581.96044921875,189.99752807617188
14013,561.536,580.8945922851562,182.90696716308594
14014,561.576,583.5598754882812,171.57992553710938
14015,561.616,573.84326171875,207.26100158691406
14016,561.656,576.7537841796875,208.29689025878906
14017,561.696,573.2476806640625,206.14755249023438
14018,561.736,554.4986572265625,197.61280822753906
14019,561.776,556.1375732421875,184.33689880371094
14020,561.816,550.4368896484375,192.13192749023438
14021,561.857,551.1618041992188,192.26095581054688
14022,561.897,548.6444702148438,191.7548828125
14023,561.937,545.175537109375,189.9578399658203
14024,561.977,541.8543090820312,188.51661682128906
14025,562.017,542.345947265625,185.0174560546875
14026,562.057,540.24853515625,183.1509552001953
14027,562.097,539.3143920898438,182.23265075683594
14028,562.137,539.7401733398438,181.43971252441406
14029,562.177,563.9125366210938,171.76348876953125
14030,562.217,566.8621826171875,173.7192840576172
14031,562.257,568.194580078125,172.69239807128906
14032,562.297,567.5346069335938,172.69393920898438
14033,562.337,570.2640991210938,172.25039672851562
14034,562.378,567.9068603515625,170.9626922607422
14035,562.418,564.8152465820312,173.35157775878906
14036,562.458,564.911376953125,173.89727783203125
14037,562.498,564.8052368164062,173.79800415039062
14038,562.538,563.4573974609375,173.66604614257812
14039,562.578,561.1946411132812,172.37791442871094
14040,562.618,546.2750244140625,167.00257873535156
14041,562.658,535.8045654296875,147.16421508789062
14042,562.698,535.4871215820312,141.4744415283203
14043,562.738,531.2379760742188,127.6131362915039
14044,562.778,542.0940551757812,130.2409210205078
14045,562.818,539.6449584960938,133.22702026367188
14046,562.858,537.8660278320312,133.52442932128906
14047,562.898,536.0086669921875,137.5030975341797
14048,562.939,535.8280639648438,136.1505889892578
14049,562.979,521.7410888671875,154.6092071533203
14050,563.019,527.9341430664062,144.0251007080078
14051,563.059,521.818603515625,153.54733276367188
14052,563.099,522.0840454101562,152.1763458251953
14053,563.139,521.75439453125,151.0712890625
14054,563.179,529.3140258789062,145.4130859375
14055,563.219,534.298828125,145.2894287109375
14056,563.259,539.2683715820312,144.8623809814453
14057,563.299,542.2854614257812,142.4563446044922
14058,563.339,541.7116088867188,141.06259155273438
14059,563.379,541.3760986328125,139.4561004638672
14060,563.419,539.89453125,139.48995971679688
14061,563.459,535.2618408203125,152.36204528808594
14062,563.5,528.0306396484375,160.1511993408203
14063,563.54,529.0587158203125,152.70025634765625
14064,563.58,526.408447265625,153.7366485595703
14065,563.62,531.947021484375,151.00758361816406
14066,563.66,532.1107177734375,150.94290161132812
14067,563.7,533.2400512695312,145.99639892578125
14068,563.74,532.203369140625,138.6193389892578
14069,563.78,531.3260498046875,139.9562530517578
14070,563.82,535.37255859375,155.30235290527344
14071,563.86,536.8234252929688,140.23988342285156
14072,563.9,543.9197387695312,168.9441680908203
14073,563.94,531.71142578125,187.32583618164062
14074,563.98,527.8590087890625,188.14219665527344
14075,564.02,528.4690551757812,189.3025360107422
14076,564.061,528.1798706054688,190.55740356445312
14077,564.101,529.06689453125,177.50535583496094
14078,564.141,525.2464599609375,190.58334350585938
14079,564.181,524.6908569335938,194.5137481689453
14080,564.221,524.70458984375,195.64108276367188
14081,564.261,535.8228759765625,173.09884643554688
14082,564.301,575.0034790039062,153.87168884277344
14083,564.341,578.4807739257812,152.30551147460938
14084,564.381,559.1065063476562,185.2691192626953
14085,564.421,562.2928466796875,188.75125122070312
14086,564.461,561.4309692382812,189.55027770996094
14087,564.501,561.7382202148438,190.05809020996094
14088,564.541,561.4371948242188,189.80860900878906
14089,564.581,561.4371948242188,189.80860900878906
14090,564.622,561.427001953125,189.3828582763672
14091,564.662,562.1681518554688,189.44192504882812
14092,564.702,566.3433227539062,188.97396850585938
14093,564.742,567.5487060546875,189.11009216308594
14094,564.782,568.608642578125,189.0733642578125
14095,564.822,567.8606567382812,189.44552612304688
14096,564.862,567.8881225585938,190.38836669921875
14097,564.902,567.74267578125,190.5627899169922
14098,564.942,566.8739624023438,191.1062469482422
14099,564.982,567.4414672851562,190.83773803710938
14100,565.022,561.20068359375,191.0390625
14101,565.062,557.5803833007812,190.4534149169922
14102,565.102,553.8186645507812,189.01858520507812
14103,565.143,553.298583984375,186.9731903076172
14104,565.183,552.34033203125,184.43594360351562
14105,565.223,552.016357421875,182.95773315429688
14106,565.263,551.693359375,182.61183166503906
14107,565.303,551.8340454101562,181.5069580078125
14108,565.343,551.8140869140625,180.81536865234375
14109,565.383,551.350341796875,180.29029846191406
14110,565.423,539.94482421875,175.5308074951172
14111,565.463,552.3721313476562,176.58755493164062
14112,565.503,552.3009033203125,176.17967224121094
14113,565.543,553.9154052734375,169.28907775878906
14114,565.583,554.8026123046875,169.1537322998047
14115,565.623,554.51123046875,168.7321319580078
14116,565.663,555.5057373046875,166.97731018066406
14117,565.704,557.9605102539062,163.93695068359375
14118,565.744,552.5653076171875,142.43508911132812
14119,565.784,552.9437255859375,139.51148986816406
14120,565.824,553.59619140625,135.6094512939453
14121,565.864,526.963623046875,134.50848388671875
14122,565.904,518.25146484375,133.1165008544922
14123,565.944,515.70751953125,130.58438110351562
14124,565.984,540.7877197265625,146.15916442871094
14125,566.024,540.9459838867188,147.1946258544922
14126,566.064,540.8388061523438,148.5302734375
14127,566.104,540.9492797851562,147.53756713867188
14128,566.144,539.1632080078125,146.68899536132812
14129,566.184,534.6871337890625,144.9431915283203
14130,566.224,533.3410034179688,144.73326110839844
14131,566.265,533.0167846679688,143.38111877441406
14132,566.305,533.4474487304688,143.1162109375
14133,566.345,506.08380126953125,137.081787109375
14134,566.385,522.7830200195312,138.775634765625
14135,566.425,543.6673583984375,139.92832946777344
14136,566.465,554.895751953125,146.61691284179688
14137,566.505,556.2074584960938,145.82704162597656
14138,566.545,557.8770751953125,146.7161865234375
14139,566.585,556.86279296875,147.51998901367188
14140,566.625,557.1434936523438,147.3282012939453
14141,566.665,556.422607421875,148.1317138671875
14142,566.705,541.8433837890625,151.903564453125
14143,566.745,555.7718505859375,170.39942932128906
14144,566.785,553.3767700195312,170.71315002441406
14145,566.826,552.9706420898438,172.86489868164062
14146,566.866,553.2708740234375,172.9508056640625
14147,566.906,554.5663452148438,171.64987182617188
14148,566.946,554.7777099609375,168.07858276367188
14149,566.986,554.9423828125,167.67825317382812
14150,567.026,559.182861328125,167.1053466796875
14151,567.066,560.2579345703125,165.619140625
14152,567.106,559.3787841796875,165.58297729492188
14153,567.146,537.8837280273438,161.33836364746094
14154,567.186,533.3668823242188,160.34347534179688
14155,567.226,531.0219116210938,159.54705810546875
14156,567.266,530.8262939453125,160.06309509277344
14157,567.306,529.8323974609375,161.8570098876953
14158,567.346,530.6229858398438,163.65106201171875
14159,567.387,529.0311889648438,165.6599884033203
14160,567.427,520.0018920898438,178.6600341796875
14161,567.467,503.5137939453125,184.44003295898438
14162,567.507,509.39532470703125,178.16439819335938
14163,567.547,510.0621643066406,175.8675079345703
14164,567.587,510.7886657714844,173.00927734375
14165,567.627,510.0265197753906,172.01744079589844
14166,567.667,510.1463317871094,170.89596557617188
14167,567.707,510.30816650390625,167.7482452392578
14168,567.747,489.552490234375,147.31521606445312
14169,567.787,491.4715270996094,148.49314880371094
14170,567.827,479.18035888671875,149.28802490234375
14171,567.867,490.8833312988281,91.95093536376953
14172,567.908,494.1009216308594,130.32705688476562
14173,567.948,497.1652526855469,146.71865844726562
14174,567.988,534.8950805664062,151.57009887695312
14175,568.028,533.0006713867188,149.1818084716797
14176,568.068,535.0751342773438,150.52272033691406
14177,568.108,535.72119140625,152.65301513671875
14178,568.148,536.18359375,152.89109802246094
14179,568.188,536.8139038085938,153.66131591796875
14180,568.228,537.5172729492188,153.78733825683594
14181,568.268,526.0810546875,133.9105987548828
14182,568.308,533.2710571289062,144.93402099609375
14183,568.348,538.795654296875,155.15267944335938
14184,568.388,542.0350952148438,159.2266845703125
14185,568.428,541.3189697265625,158.1666259765625
14186,568.469,533.871337890625,163.2047882080078
14187,568.509,531.96826171875,171.17010498046875
14188,568.549,533.0316162109375,175.92037963867188
14189,568.589,544.8033447265625,160.98878479003906
14190,568.629,544.8129272460938,167.8124542236328
14191,568.669,545.6382446289062,171.11456298828125
14192,568.709,546.369873046875,170.34413146972656
14193,568.749,545.0076293945312,169.52354431152344
14194,568.789,520.5747680664062,177.3578338623047
14195,568.829,521.9762573242188,177.34988403320312
14196,568.869,521.2597045898438,177.82177734375
14197,568.909,518.318603515625,177.47801208496094
14198,568.949,506.9870910644531,184.92860412597656
14199,568.989,507.1296691894531,184.8433380126953
14200,569.03,513.2244873046875,177.9954833984375
14201,569.07,516.1296997070312,175.42349243164062
14202,569.11,517.3001098632812,172.81373596191406
14203,569.15,519.7280883789062,169.66903686523438
14204,569.19,514.5355224609375,166.1976776123047
14205,569.23,505.3625793457031,160.9580841064453
14206,569.27,501.9162902832031,154.6454620361328
14207,569.31,501.09912109375,156.5128631591797
14208,569.35,504.7908630371094,167.7986297607422
14209,569.39,533.634765625,172.72274780273438
14210,569.43,533.5872802734375,172.62908935546875
14211,569.47,535.2320556640625,171.89707946777344
14212,569.51,535.9861450195312,172.2110595703125
14213,569.55,535.1340942382812,172.94203186035156
14214,569.591,534.9756469726562,173.26812744140625
14215,569.631,548.0157470703125,164.59820556640625
14216,569.671,547.9114379882812,166.7649383544922
14217,569.711,549.0895385742188,166.92001342773438
14218,569.751,549.4327392578125,168.01516723632812
14219,569.791,549.4141845703125,166.82406616210938
14220,569.831,572.1723022460938,108.43963623046875
14221,569.871,575.1519165039062,100.65765380859375
14222,569.911,577.9817504882812,90.7856674194336
14223,569.951,577.8314819335938,89.29522705078125
14224,569.991,569.39990234375,101.1540756225586
14225,570.031,566.2620849609375,105.64147186279297
14226,570.071,546.5895385742188,141.18212890625
14227,570.111,541.8253173828125,151.05865478515625
14228,570.152,536.962890625,160.92652893066406
14229,570.192,537.78466796875,159.6024627685547
14230,570.232,549.38720703125,161.40806579589844
14231,570.272,550.18408203125,160.8146209716797
14232,570.312,552.0993041992188,161.7528839111328
14233,570.352,552.2457885742188,147.5775604248047
14234,570.392,553.5691528320312,160.01617431640625
14235,570.432,551.5816040039062,156.46490478515625
14236,570.472,552.7362670898438,157.0680389404297
14237,570.512,550.9842529296875,144.5824432373047
14238,570.552,551.8818359375,152.42523193359375
14239,570.592,518.4844360351562,147.63406372070312
14240,570.632,514.4559936523438,149.79934692382812
14241,570.673,539.1188354492188,151.9442901611328
14242,570.713,531.4043579101562,142.7837677001953
14243,570.753,530.4623413085938,141.35675048828125
14244,570.793,528.9683227539062,139.64248657226562
14245,570.833,525.571533203125,139.89968872070312
14246,570.873,525.361083984375,139.23004150390625
14247,570.913,585.15185546875,59.73875045776367
14248,570.953,569.4288940429688,74.79117584228516
14249,570.993,561.695556640625,106.63953399658203
14250,571.033,553.6913452148438,122.98469543457031
14251,571.073,548.3458251953125,132.5847625732422
14252,571.113,547.251953125,130.27378845214844
14253,571.153,546.7914428710938,129.74765014648438
14254,571.193,548.9805297851562,128.40097045898438
14255,571.234,550.8663940429688,126.03522491455078
14256,571.274,550.141357421875,126.56716918945312
14257,571.314,550.4639282226562,128.25494384765625
14258,571.354,550.3182983398438,127.82872009277344
14259,571.394,550.616455078125,128.0799102783203
14260,571.434,549.8895874023438,128.35513305664062
14261,571.474,549.0081787109375,128.89732360839844
14262,571.514,544.5328369140625,133.16445922851562
14263,571.554,536.4553833007812,138.5968475341797
14264,571.594,535.5272827148438,142.40573120117188
14265,571.634,534.3699340820312,144.33946228027344
14266,571.674,532.549072265625,148.64097595214844
14267,571.714,531.5352172851562,150.99517822265625
14268,571.754,531.26171875,152.11866760253906
14269,571.795,532.4336547851562,151.23985290527344
14270,571.835,532.3975830078125,149.28463745117188
14271,571.875,531.3234252929688,147.27764892578125
14272,571.915,536.3338012695312,130.48834228515625
14273,571.955,515.164794921875,128.89898681640625
14274,571.995,533.173095703125,126.86028289794922
14275,572.035,555.260498046875,130.03567504882812
14276,572.075,551.2529907226562,127.99169158935547
14277,572.115,547.8875732421875,125.20469665527344
14278,572.155,545.5086669921875,127.9637451171875
14279,572.195,546.3058471679688,128.2798309326172
14280,572.235,545.8588256835938,127.05394744873047
14281,572.275,547.673095703125,129.95274353027344
14282,572.315,548.498291015625,118.886962890625
14283,572.356,543.0162963867188,124.63374328613281
14284,572.396,544.4442749023438,136.4379119873047
14285,572.436,540.4465942382812,136.6644744873047
14286,572.476,544.5907592773438,147.20277404785156
14287,572.516,545.9296264648438,149.18447875976562
14288,572.556,545.2443237304688,153.27220153808594
14289,572.596,545.2275390625,152.51206970214844
14290,572.636,543.2564086914062,151.6224822998047
14291,572.676,538.9154663085938,148.20640563964844
14292,572.716,537.2785034179688,147.75717163085938
14293,572.756,534.2014770507812,148.51263427734375
14294,572.796,531.8026733398438,149.3824920654297
14295,572.836,532.258544921875,149.530517578125
14296,572.877,532.1851196289062,146.7547607421875
14297,572.917,555.1705322265625,80.70208740234375
14298,572.957,533.69580078125,108.9726791381836
14299,572.997,526.2593383789062,116.44053649902344
14300,573.037,518.4453125,100.162109375
14301,573.077,507.1126403808594,87.52851104736328
14302,573.117,498.947998046875,79.66578674316406
14303,573.157,507.37408447265625,88.74383544921875
14304,573.197,521.358642578125,110.14788818359375
14305,573.237,509.9257507324219,93.42647552490234
14306,573.277,566.7468872070312,6.868625640869141
14307,573.317,412.14141845703125,66.92180633544922
14308,573.357,417.86767578125,64.75247955322266
14309,573.397,485.8931884765625,84.38249206542969
14310,573.438,520.06884765625,25.971996307373047
14311,573.478,560.0331420898438,39.75007247924805
14312,573.518,551.3911743164062,53.80137252807617
14313,573.558,521.1131591796875,103.3685073852539
14314,573.598,521.5739135742188,102.67853546142578
14315,573.638,522.0110473632812,102.66704559326172
14316,573.678,531.5771484375,87.11652374267578
14317,573.718,545.2219848632812,79.80017852783203
14318,573.758,557.0138549804688,76.82453155517578
14319,573.798,518.3592529296875,117.81861877441406
14320,573.838,521.6466064453125,96.70403289794922
14321,573.878,510.7718811035156,97.177001953125
14322,573.918,522.4609985351562,103.9122314453125
14323,573.958,502.2841491699219,116.01797485351562
14324,573.999,501.8904724121094,119.99858093261719
14325,574.039,501.9259948730469,122.09441375732422
14326,574.079,503.33502197265625,110.90885925292969
14327,574.119,502.0472412109375,112.40755462646484
14328,574.159,483.7198486328125,121.36034393310547
14329,574.199,499.83245849609375,129.23043823242188
14330,574.239,500.602294921875,132.01669311523438
14331,574.279,506.241455078125,138.63473510742188
14332,574.319,490.67138671875,112.7103500366211
14333,574.359,488.41961669921875,130.7201385498047
14334,574.399,513.7937622070312,166.84182739257812
14335,574.439,473.1976013183594,138.156494140625
14336,574.479,482.1899719238281,145.45420837402344
14337,574.519,476.5273742675781,141.57186889648438
14338,574.56,476.8200988769531,141.8156280517578
14339,574.6,477.8456115722656,141.69615173339844
14340,574.64,499.9201354980469,118.3218002319336
14341,574.68,478.82708740234375,100.89260864257812
14342,574.72,472.8816833496094,97.87029266357422
14343,574.76,449.5718078613281,86.51467895507812
14344,574.8,470.1369934082031,93.09363555908203
14345,574.84,469.3128967285156,92.56354522705078
14346,574.88,487.8401794433594,104.02645111083984
14347,574.92,468.7550964355469,120.0989761352539
14348,574.96,469.755615234375,117.44297790527344
14349,575.0,471.90399169921875,93.84183502197266
14350,575.04,458.3491516113281,87.21698760986328
14351,575.08,467.5077209472656,93.49496459960938
14352,575.121,451.87628173828125,94.1368637084961
14353,575.161,463.3968811035156,109.77381134033203
14354,575.201,446.22296142578125,107.71146392822266
14355,575.241,444.7059631347656,104.61492919921875
14356,575.281,449.6736145019531,106.89173889160156
14357,575.321,445.34100341796875,99.19518280029297
14358,575.361,446.2082824707031,97.61577606201172
14359,575.401,447.5119323730469,96.90127563476562
14360,575.441,458.02642822265625,76.90754699707031
14361,575.481,448.7722473144531,38.04715347290039
14362,575.521,413.4800720214844,17.468807220458984
14363,575.561,397.23272705078125,7.1892547607421875
14364,575.601,415.50091552734375,37.5107421875
14365,575.642,361.5596008300781,45.92833709716797
14366,575.682,433.3003234863281,80.72071838378906
14367,575.722,430.7571105957031,86.93790435791016
14368,575.762,428.3163146972656,89.1337890625
14369,575.802,432.0780029296875,86.33987426757812
14370,575.842,426.2674255371094,85.5547866821289
14371,575.882,430.2081298828125,89.04048919677734
14372,575.922,430.7730712890625,88.3580093383789
14373,575.962,435.37109375,72.12118530273438
14374,576.002,425.252197265625,78.38838958740234
14375,576.042,433.3921813964844,65.69448852539062
14376,576.082,460.3823547363281,1.4464112520217896
14377,576.122,nan,nan
14378,576.162,nan,nan
14379,576.203,476.5814208984375,71.73292541503906
14380,576.243,443.43115234375,33.43934631347656
14381,576.283,434.234130859375,48.539161682128906
14382,576.323,426.3918762207031,50.13237762451172
14383,576.363,443.2423095703125,87.2852554321289
14384,576.403,463.312744140625,117.73539733886719
14385,576.443,465.2392272949219,118.39196014404297
14386,576.483,463.81048583984375,109.8193130493164
14387,576.523,457.92669677734375,99.0810775756836
14388,576.563,503.8619384765625,49.102664947509766
14389,576.603,478.7443542480469,115.11714935302734
14390,576.643,472.92059326171875,98.34040069580078
14391,576.683,451.7352600097656,111.85723114013672
14392,576.723,455.8983459472656,72.76380157470703
14393,576.764,464.5387268066406,67.64600372314453
14394,576.804,470.9725036621094,77.6930923461914
14395,576.844,479.59906005859375,121.7223129272461
14396,576.884,520.994384765625,150.01400756835938
14397,576.924,513.426513671875,155.01089477539062
14398,576.964,516.4207763671875,150.36941528320312
14399,577.004,518.4371948242188,148.83761596679688
14400,577.044,521.747802734375,150.0883331298828
14401,577.084,520.8414916992188,148.90150451660156
14402,577.124,519.9191284179688,147.06639099121094
14403,577.164,519.3145751953125,146.15882873535156
14404,577.204,518.8422241210938,144.6334991455078
14405,577.244,517.7987060546875,143.06675720214844
14406,577.284,519.6528930664062,142.1431884765625
14407,577.325,458.90460205078125,145.87332153320312
14408,577.365,454.1177978515625,149.8674774169922
14409,577.405,453.38372802734375,149.2836456298828
14410,577.445,451.1416931152344,149.70867919921875
14411,577.485,452.4241943359375,144.40960693359375
14412,577.525,456.9195556640625,143.25057983398438
14413,577.565,455.1954345703125,135.5696258544922
14414,577.605,462.76605224609375,143.35723876953125
14415,577.645,464.948974609375,143.89830017089844
14416,577.685,471.5510559082031,142.61492919921875
14417,577.725,475.451171875,117.28958129882812
14418,577.765,478.8910217285156,103.39260864257812
14419,577.805,474.0592346191406,90.62161254882812
14420,577.845,484.0086975097656,94.45561218261719
14421,577.886,491.0235595703125,148.34544372558594
14422,577.926,491.2533874511719,135.0745086669922
14423,577.966,492.1080017089844,133.865966796875
14424,578.006,494.1496276855469,132.3489532470703
14425,578.046,495.0367431640625,141.80783081054688
14426,578.086,494.334228515625,152.07566833496094
14427,578.126,495.0486755371094,151.70974731445312
14428,578.166,567.0128173828125,99.94134521484375
14429,578.206,592.6930541992188,92.96038055419922
14430,578.246,591.4998779296875,94.75543212890625
14431,578.286,589.4022216796875,98.51932525634766
14432,578.326,556.8865966796875,116.08428192138672
14433,578.366,533.0043334960938,128.05435180664062
14434,578.407,536.1728515625,126.15271759033203
14435,578.447,538.5668334960938,126.4688491821289
14436,578.487,541.232177734375,126.537841796875
14437,578.527,543.0374145507812,127.66140747070312
14438,578.567,544.3878784179688,128.64364624023438
14439,578.607,539.3214111328125,121.8119125366211
14440,578.647,504.5151062011719,124.44114685058594
14441,578.687,515.4939575195312,127.20978546142578
14442,578.727,518.486328125,136.9154052734375
14443,578.767,572.2522583007812,139.71429443359375
14444,578.807,569.6637573242188,146.59976196289062
14445,578.847,569.6172485351562,128.71957397460938
14446,578.887,571.1866455078125,137.68624877929688
14447,578.927,541.70947265625,132.618408203125
14448,578.968,522.3937377929688,132.50477600097656
14449,579.008,570.426025390625,140.6099395751953
14450,579.048,570.9542236328125,139.4670867919922
14451,579.088,570.9641723632812,134.1168212890625
14452,579.128,575.2742309570312,190.88914489746094
14453,579.168,575.0963134765625,190.963134765625
14454,579.208,578.7003784179688,174.9324493408203
14455,579.248,576.5878295898438,172.85406494140625
14456,579.288,581.7671508789062,129.70140075683594
14457,579.328,585.5051879882812,146.7211151123047
14458,579.368,588.0092163085938,146.57803344726562
14459,579.408,589.15625,143.41551208496094
14460,579.448,585.704345703125,144.2573699951172
14461,579.488,586.6962890625,143.0257568359375
14462,579.529,587.107177734375,141.6454315185547
14463,579.569,570.5691528320312,137.64122009277344
14464,579.609,576.8565063476562,142.7664337158203
14465,579.649,576.6004638671875,141.51417541503906
14466,579.689,576.7810668945312,137.76986694335938
14467,579.729,574.1905517578125,132.16905212402344
14468,579.769,603.964111328125,84.93887329101562
14469,579.809,607.2210083007812,77.50859069824219
14470,579.849,617.0032958984375,62.93448257446289
14471,579.889,617.6608276367188,61.08794403076172
14472,579.929,625.0989379882812,59.77313995361328
14473,579.969,585.9843139648438,114.1324234008789
14474,580.009,579.36279296875,121.89004516601562
14475,580.049,566.5294799804688,133.9979248046875
14476,580.09,565.232421875,130.31016540527344
14477,580.13,564.695556640625,127.27230072021484
14478,580.17,564.7091674804688,127.49362182617188
14479,580.21,565.2723388671875,126.38632202148438
14480,580.25,564.9446411132812,126.1477279663086
14481,580.29,598.3364868164062,152.7892303466797
14482,580.33,595.5216674804688,153.49331665039062
14483,580.37,596.25,153.0504608154297
14484,580.41,596.1934814453125,145.734130859375
14485,580.45,596.4080200195312,141.25814819335938
14486,580.49,594.2158203125,137.9158172607422
14487,580.53,591.62451171875,142.40428161621094
14488,580.57,582.2615966796875,145.54505920410156
14489,580.61,581.9480590820312,144.98362731933594
14490,580.651,579.6777954101562,147.9339599609375
14491,580.691,580.42236328125,141.5437774658203
14492,580.731,589.2237548828125,165.03993225097656
14493,580.771,589.6349487304688,173.84800720214844
14494,580.811,591.5142211914062,180.3429412841797
14495,580.851,591.0574340820312,181.32676696777344
14496,580.891,589.560791015625,181.0540771484375
14497,580.931,588.1555786132812,181.36546325683594
14498,580.971,580.3956298828125,178.96458435058594
14499,581.011,580.3292846679688,178.818359375
14500,581.051,585.8032836914062,176.67852783203125
14501,581.091,588.15966796875,175.21844482421875
14502,581.131,590.2742919921875,174.9732666015625
14503,581.172,584.7991333007812,177.4510040283203
14504,581.212,581.2430419921875,178.26168823242188
14505,581.252,581.572265625,177.4815673828125
14506,581.292,582.3746948242188,177.1171875
14507,581.332,583.8532104492188,176.80838012695312
14508,581.372,579.38720703125,179.72747802734375
14509,581.412,579.5302124023438,174.0896453857422
14510,581.452,597.24365234375,160.22702026367188
14511,581.492,601.5625610351562,161.4380340576172
14512,581.532,574.4784545898438,172.62881469726562
14513,581.572,571.8175659179688,173.56422424316406
14514,581.612,562.886474609375,174.2730712890625
14515,581.652,567.62158203125,173.6979217529297
14516,581.692,566.73583984375,173.14112854003906
14517,581.733,566.5678100585938,174.23672485351562
14518,581.773,565.6988525390625,174.02052307128906
14519,581.813,566.14306640625,174.5243682861328
14520,581.853,566.2593994140625,173.1775665283203
14521,581.893,563.876708984375,171.45700073242188
14522,581.933,562.673828125,172.48875427246094
14523,581.973,562.36083984375,172.23634338378906
14524,582.013,561.2921752929688,171.2568359375
14525,582.053,560.4234619140625,171.17227172851562
14526,582.093,562.2279052734375,180.33502197265625
14527,582.133,562.6823120117188,191.63653564453125
14528,582.173,562.7942504882812,196.11907958984375
14529,582.213,560.600341796875,191.66014099121094
14530,582.253,560.1066284179688,189.94908142089844
14531,582.294,559.7282104492188,187.12994384765625
14532,582.334,557.9652709960938,188.0970458984375
14533,582.374,553.8858032226562,191.22232055664062
14534,582.414,552.6773681640625,192.64889526367188
14535,582.454,552.7963256835938,192.57827758789062
14536,582.494,557.1520385742188,191.14598083496094
14537,582.534,557.1452026367188,192.27130126953125
14538,582.574,555.5302124023438,192.3052215576172
14539,582.614,556.2515869140625,191.8909912109375
14540,582.654,586.3431396484375,202.22344970703125
14541,582.694,586.8204345703125,201.94969177246094
14542,582.734,585.1448364257812,201.63284301757812
14543,582.774,585.56396484375,200.58889770507812
14544,582.814,585.07373046875,198.96835327148438
14545,582.855,582.9198608398438,196.78256225585938
14546,582.895,582.5430908203125,194.21469116210938
14547,582.935,562.1276245117188,176.52244567871094
14548,582.975,562.8585815429688,174.6388397216797
14549,583.015,563.7021484375,172.63290405273438
14550,583.055,563.8408813476562,172.02291870117188
14551,583.095,563.4055786132812,171.69566345214844
14552,583.135,563.6665649414062,170.82455444335938
14553,583.175,562.3031616210938,170.18359375
14554,583.215,563.0861206054688,171.69381713867188
14555,583.255,563.1336669921875,173.3160858154297
14556,583.295,560.9241333007812,174.59437561035156
14557,583.335,560.7994384765625,175.45697021484375
14558,583.375,561.404296875,176.45928955078125
14559,583.416,560.5564575195312,177.9652557373047
14560,583.456,559.9552612304688,177.63543701171875
14561,583.496,582.8434448242188,182.99349975585938
14562,583.536,598.6056518554688,167.97337341308594
14563,583.576,601.2990112304688,161.8352508544922
14564,583.616,604.0327758789062,152.8827362060547
14565,583.656,603.5572509765625,160.6206512451172
14566,583.696,599.2316284179688,183.9771728515625
14567,583.736,599.510498046875,187.90597534179688
14568,583.776,599.5957641601562,191.9283447265625
14569,583.816,600.2737426757812,194.4341583251953
14570,583.856,599.8121948242188,193.07044982910156
14571,583.896,599.6334838867188,192.37648010253906
14572,583.937,599.7766723632812,192.11509704589844
14573,583.977,600.2091064453125,192.0205078125
14574,584.017,601.84619140625,191.1931915283203
14575,584.057,604.2279663085938,191.20382690429688
14576,584.097,605.1602172851562,191.173583984375
14577,584.137,627.8162841796875,168.66041564941406
14578,584.177,589.546142578125,180.5229949951172
14579,584.217,585.7926635742188,179.85328674316406
14580,584.257,568.0897216796875,187.4346160888672
14581,584.297,614.0961303710938,160.31344604492188
14582,584.337,629.82666015625,149.4759521484375
14583,584.377,637.8740844726562,149.21142578125
14584,584.417,565.2110595703125,179.03656005859375
14585,584.457,566.243896484375,178.80886840820312
14586,584.498,630.4362182617188,156.73037719726562
14587,584.538,641.6874389648438,176.94813537597656
14588,584.578,642.7948608398438,168.26480102539062
14589,584.618,646.79833984375,143.57623291015625
14590,584.658,646.37548828125,140.16238403320312
14591,584.698,647.7720336914062,137.39419555664062
14592,584.738,648.1962890625,140.95205688476562
14593,584.778,650.2625122070312,145.8986053466797
14594,584.818,647.1046142578125,161.82412719726562
14595,584.858,649.0319213867188,156.79388427734375
14596,584.898,645.7896118164062,171.93106079101562
14597,584.938,642.3209838867188,182.67884826660156
14598,584.978,580.367431640625,163.3649444580078
14599,585.018,583.3079223632812,172.275634765625
14600,585.059,607.8938598632812,173.11776733398438
14601,585.099,614.61181640625,180.24032592773438
14602,585.139,534.1846923828125,180.38552856445312
14603,585.179,485.4404602050781,141.18040466308594
14604,585.219,498.2498779296875,142.52230834960938
14605,585.259,487.614013671875,141.04148864746094
14606,585.299,472.7579345703125,135.1662139892578
14607,585.339,478.88226318359375,140.58506774902344
14608,585.379,445.76556396484375,134.28367614746094
14609,585.419,446.1796569824219,199.74270629882812
14610,585.459,471.63262939453125,291.74267578125
14611,585.499,489.1929016113281,207.5606231689453
14612,585.539,478.80609130859375,216.4028778076172
14613,585.579,486.9827575683594,215.46595764160156
14614,585.62,491.6009826660156,216.29095458984375
14615,585.66,495.9833984375,220.15020751953125
14616,585.7,510.9942626953125,224.1444854736328
14617,585.74,551.8428955078125,247.13864135742188
14618,585.78,544.7789916992188,254.404541015625
14619,585.82,547.544921875,253.5026092529297
14620,585.86,552.2471313476562,247.8411407470703
14621,585.9,553.031494140625,243.75665283203125
14622,585.94,506.7365417480469,180.26220703125
14623,585.98,503.603759765625,164.88238525390625
14624,586.02,502.0937805175781,167.1006622314453
14625,586.06,508.3859558105469,178.07713317871094
14626,586.1,507.9302062988281,175.12130737304688
14627,586.14,498.43359375,205.4539031982422
14628,586.181,497.5303649902344,197.54270935058594
14629,586.221,505.37078857421875,216.14561462402344
14630,586.261,511.3509521484375,225.42526245117188
14631,586.301,510.9138488769531,223.43295288085938
14632,586.341,516.1898193359375,224.20556640625
14633,586.381,514.5208129882812,229.2423095703125
14634,586.421,480.26611328125,214.08056640625
14635,586.461,476.95703125,220.58106994628906
14636,586.501,478.48724365234375,218.83221435546875
14637,586.541,480.36370849609375,218.5618438720703
14638,586.581,479.9818115234375,218.3382110595703
14639,586.621,531.1305541992188,244.91720581054688
14640,586.661,526.3390502929688,232.16445922851562
14641,586.702,526.2957763671875,230.58758544921875
14642,586.742,524.7738037109375,228.5331268310547
14643,586.782,523.5554809570312,227.7498321533203
14644,586.822,480.4940185546875,211.52999877929688
14645,586.862,483.2464904785156,211.8912811279297
14646,586.902,486.68780517578125,213.09634399414062
14647,586.942,488.1610107421875,213.05210876464844
14648,586.982,485.22174072265625,213.3220672607422
14649,587.022,484.00994873046875,212.0630340576172
14650,587.062,479.9765625,203.47579956054688
14651,587.102,481.955322265625,204.7740020751953
14652,587.142,483.3294372558594,205.45452880859375
14653,587.182,482.11138916015625,203.3593292236328
14654,587.222,482.0793151855469,200.85189819335938
14655,587.263,481.6204528808594,199.50450134277344
14656,587.303,481.6997375488281,196.44583129882812
14657,587.343,481.25323486328125,194.22866821289062
14658,587.383,483.4222412109375,192.9429931640625
14659,587.423,508.1759033203125,180.6690673828125
14660,587.463,510.54376220703125,185.3227081298828
14661,587.503,509.9210205078125,171.19772338867188
14662,587.543,510.27825927734375,184.73089599609375
14663,587.583,512.0120239257812,185.18698120117188
14664,587.623,512.927978515625,185.93775939941406
14665,587.663,512.5924072265625,184.01681518554688
14666,587.703,496.5926818847656,178.56463623046875
14667,587.743,507.7145690917969,188.11387634277344
14668,587.783,496.5685119628906,185.24191284179688
14669,587.824,507.56170654296875,189.77833557128906
14670,587.864,506.69183349609375,189.7471466064453
14671,587.904,507.3592834472656,188.79588317871094
14672,587.944,506.1638488769531,187.54600524902344
14673,587.984,482.07666015625,195.27769470214844
14674,588.024,482.8481140136719,192.70091247558594
14675,588.064,481.24200439453125,192.306640625
14676,588.104,481.5216369628906,191.77972412109375
14677,588.144,480.0426025390625,192.77084350585938
14678,588.184,480.6073913574219,192.67539978027344
14679,588.224,481.6371765136719,191.53121948242188
14680,588.264,483.396484375,190.61961364746094
14681,588.304,485.0690612792969,191.89395141601562
14682,588.344,486.646240234375,191.3756866455078
14683,588.385,489.587890625,190.10198974609375
14684,588.425,492.3789367675781,189.1516571044922
14685,588.465,493.72314453125,189.44651794433594
14686,588.505,494.9184875488281,189.66029357910156
14687,588.545,495.9637451171875,190.74281311035156
14688,588.585,515.7351684570312,180.45399475097656
14689,588.625,531.4002075195312,174.47714233398438
14690,588.665,532.20166015625,178.9752960205078
14691,588.705,525.8631591796875,184.78311157226562
14692,588.745,524.3663330078125,185.50814819335938
14693,588.785,534.7929077148438,181.16995239257812
14694,588.825,540.5715942382812,179.8833770751953
14695,588.865,544.740234375,178.62451171875
14696,588.906,538.3675537109375,187.92942810058594
14697,588.946,520.6596069335938,200.67282104492188
14698,588.986,523.2869873046875,198.42930603027344
14699,589.026,520.432373046875,198.70928955078125
14700,589.066,523.0880737304688,197.32835388183594
14701,589.106,522.8406372070312,188.33802795410156
14702,589.146,515.3115844726562,197.9021453857422
14703,589.186,518.00244140625,197.13223266601562
14704,589.226,519.25732421875,199.94398498535156
14705,589.266,525.057861328125,198.06619262695312
14706,589.306,518.352783203125,185.24986267089844
14707,589.346,512.8269653320312,179.2384490966797
14708,589.386,515.7618408203125,190.75433349609375
14709,589.426,517.923828125,193.15174865722656
14710,589.467,517.5020141601562,199.9788360595703
14711,589.507,540.4287719726562,183.41285705566406
14712,589.547,552.3722534179688,185.1084442138672
14713,589.587,551.1583251953125,184.6103973388672
14714,589.627,552.3849487304688,186.02572631835938
14715,589.667,560.4000244140625,187.07379150390625
14716,589.707,560.6364135742188,187.4182586669922
14717,589.747,561.9568481445312,187.21084594726562
14718,589.787,564.0620727539062,187.31466674804688
14719,589.827,567.3460693359375,186.95925903320312
14720,589.867,567.9295654296875,186.17098999023438
14721,589.907,567.0338745117188,185.76744079589844
14722,589.947,564.9446411132812,185.8356170654297
14723,589.987,563.3834228515625,183.65426635742188
14724,590.028,562.4237060546875,180.02294921875
14725,590.068,561.7407836914062,177.16709899902344
14726,590.108,559.4381713867188,174.0327911376953
14727,590.148,544.486572265625,182.74229431152344
14728,590.188,542.4376831054688,181.6072235107422
14729,590.228,541.734130859375,182.38027954101562
14730,590.268,540.6251831054688,179.88168334960938
14731,590.308,540.3057861328125,179.4506072998047
14732,590.348,539.2463989257812,177.09823608398438
14733,590.388,540.3602294921875,175.42965698242188
14734,590.428,525.8826904296875,163.58518981933594
14735,590.468,526.0048217773438,170.3702392578125
14736,590.508,528.4880981445312,169.6192169189453
14737,590.548,531.1182861328125,172.2049560546875
14738,590.589,531.940185546875,170.20599365234375
14739,590.629,528.9544067382812,169.02935791015625
14740,590.669,527.76171875,169.38571166992188
14741,590.709,525.4379272460938,181.61351013183594
14742,590.749,526.582275390625,185.0091094970703
14743,590.789,527.0558471679688,185.56698608398438
14744,590.829,518.27197265625,176.54495239257812
14745,590.869,524.6334838867188,184.80874633789062
14746,590.909,513.0575561523438,167.46603393554688
14747,590.949,522.701416015625,175.98812866210938
14748,590.989,518.0221557617188,168.9629669189453
14749,591.029,522.5726928710938,164.2586669921875
14750,591.069,529.375732421875,170.48191833496094
14751,591.109,537.7144775390625,170.91720581054688
14752,591.15,540.7645263671875,168.64967346191406
14753,591.19,555.642822265625,139.9746856689453
14754,591.23,544.0902709960938,162.18946838378906
14755,591.27,544.8359375,161.90896606445312
14756,591.31,546.8025512695312,165.43092346191406
14757,591.35,510.29254150390625,160.7763214111328
14758,591.39,507.2510070800781,158.62371826171875
14759,591.43,519.2780151367188,144.1774444580078
14760,591.47,523.9820556640625,141.8104705810547
14761,591.51,530.8593139648438,149.70596313476562
14762,591.55,540.4459838867188,158.0642852783203
14763,591.59,540.267578125,156.86312866210938
14764,591.63,540.6685180664062,154.98207092285156
14765,591.671,542.148193359375,154.9145965576172
14766,591.711,542.60546875,155.07260131835938
14767,591.751,544.2411499023438,155.6993865966797
14768,591.791,545.5792846679688,155.9116668701172
14769,591.831,547.2550659179688,157.54591369628906
14770,591.871,546.8495483398438,158.25669860839844
14771,591.911,540.5614624023438,148.86627197265625
14772,591.951,544.154541015625,155.49429321289062
14773,591.991,543.5440063476562,157.60719299316406
14774,592.031,570.6546020507812,157.03492736816406
14775,592.071,572.2488403320312,156.11729431152344
14776,592.111,576.322265625,159.32192993164062
14777,592.151,577.2959594726562,160.69464111328125
14778,592.191,576.8865966796875,161.0886688232422
14779,592.232,575.2218017578125,160.7687225341797
14780,592.272,574.7714233398438,160.52621459960938
14781,592.312,574.6092529296875,160.18637084960938
14782,592.352,573.10302734375,159.3832550048828
14783,592.392,572.4232177734375,144.03195190429688
14784,592.432,570.7826538085938,138.57077026367188
14785,592.472,610.2415161132812,115.64823913574219
14786,592.512,625.2940063476562,89.50843048095703
14787,592.552,627.5811157226562,85.97853088378906
14788,592.592,610.4223022460938,105.8075180053711
14789,592.632,596.7645874023438,120.73684692382812
14790,592.672,520.611083984375,151.03614807128906
14791,592.712,522.8041381835938,151.35809326171875
14792,592.752,523.4036865234375,151.53199768066406
14793,592.793,522.5847778320312,153.83673095703125
14794,592.833,511.3443603515625,167.38690185546875
14795,592.873,506.7278137207031,179.01971435546875
14796,592.913,507.037109375,179.5353240966797
14797,592.953,512.6442260742188,181.4071044921875
14798,592.993,516.1124877929688,181.8213653564453
14799,593.033,515.8421630859375,182.5074462890625
14800,593.073,521.268798828125,169.26856994628906
14801,593.113,514.2838134765625,163.23374938964844
14802,593.153,514.2618408203125,184.06077575683594
14803,593.193,523.5626831054688,191.10678100585938
14804,593.233,523.3741455078125,191.6041717529297
14805,593.273,527.3400268554688,193.22621154785156
14806,593.313,526.3700561523438,195.1948699951172
14807,593.354,523.5850219726562,196.92626953125
14808,593.394,526.546630859375,199.108154296875
14809,593.434,526.743408203125,199.62139892578125
14810,593.474,525.9065551757812,199.5670166015625
14811,593.514,522.7976684570312,203.28514099121094
14812,593.554,523.3501586914062,203.60899353027344
14813,593.594,529.3038330078125,196.29098510742188
14814,593.634,533.77099609375,194.16937255859375
14815,593.674,537.538330078125,192.9501495361328
14816,593.714,531.5892333984375,204.1075897216797
14817,593.754,530.7520751953125,207.1583709716797
14818,593.794,535.0369873046875,230.77333068847656
14819,593.834,526.9882202148438,228.22740173339844
14820,593.874,525.48583984375,226.9608154296875
14821,593.915,520.850341796875,225.52078247070312
14822,593.955,522.923095703125,224.38369750976562
14823,593.995,524.60986328125,218.83160400390625
14824,594.035,524.1304931640625,211.42623901367188
14825,594.075,528.1107788085938,198.89866638183594
14826,594.115,530.433837890625,200.98065185546875
14827,594.155,533.5872192382812,200.7250213623047
14828,594.195,524.5317993164062,203.99659729003906
14829,594.235,524.3856811523438,195.816650390625
14830,594.275,520.826416015625,194.02952575683594
14831,594.315,521.5426025390625,193.67381286621094
14832,594.355,520.2000732421875,201.27943420410156
14833,594.395,518.3143310546875,201.4468536376953
14834,594.436,540.7960815429688,201.4847412109375
14835,594.476,541.1981811523438,200.59091186523438
14836,594.516,542.0662841796875,198.91995239257812
14837,594.556,535.6497192382812,191.54872131347656
14838,594.596,537.124267578125,192.56826782226562
14839,594.636,531.1275634765625,187.29159545898438
14840,594.676,528.1271362304688,187.29432678222656
14841,594.716,526.7892456054688,186.29981994628906
14842,594.756,525.7135620117188,185.9844512939453
14843,594.796,523.036376953125,185.8966827392578
14844,594.836,526.003662109375,186.65762329101562
14845,594.876,528.525390625,186.33290100097656
14846,594.916,529.885986328125,185.7810821533203
14847,594.956,527.7780151367188,185.32308959960938
14848,594.997,528.5093994140625,184.70945739746094
14849,595.037,531.5989990234375,184.4386749267578
14850,595.077,536.7853393554688,188.65771484375
14851,595.117,536.2149047851562,190.46633911132812
14852,595.157,536.1074829101562,191.8648223876953
14853,595.197,537.4160766601562,191.4791259765625
14854,595.237,538.3185424804688,191.27999877929688
14855,595.277,538.3344116210938,191.44444274902344
14856,595.317,537.2705078125,191.05812072753906
14857,595.357,537.1368408203125,190.80880737304688
14858,595.397,538.4148559570312,189.5638885498047
14859,595.437,538.8677978515625,188.86705017089844
14860,595.477,539.7466430664062,188.91226196289062
14861,595.517,542.5305786132812,188.74935913085938
14862,595.558,546.0146484375,188.72549438476562
14863,595.598,546.7523803710938,188.5335235595703
14864,595.638,547.0631713867188,188.34494018554688
14865,595.678,547.21728515625,188.9354705810547
14866,595.718,546.5007934570312,189.90609741210938
14867,595.758,546.0665283203125,190.70091247558594
14868,595.798,545.3234252929688,190.46975708007812
14869,595.838,543.8229370117188,190.0821990966797
14870,595.878,540.5374755859375,189.49758911132812
14871,595.918,539.7858276367188,189.59197998046875
14872,595.958,540.2029418945312,189.9210662841797
14873,595.998,530.1892700195312,179.34844970703125
14874,596.038,501.1785888671875,191.89576721191406
14875,596.078,501.5985412597656,190.6753692626953
14876,596.119,500.8450927734375,189.66920471191406
14877,596.159,501.1374206542969,188.45326232910156
14878,596.199,503.42803955078125,187.37428283691406
14879,596.239,505.27032470703125,188.73065185546875
14880,596.279,503.9426574707031,189.5709228515625
14881,596.319,505.5662536621094,189.17413330078125
14882,596.359,506.4668884277344,189.57806396484375
14883,596.399,508.2352294921875,189.18157958984375
14884,596.439,509.5188293457031,188.82568359375
14885,596.479,513.1341552734375,187.99212646484375
14886,596.519,557.4485473632812,186.3759765625
14887,596.559,586.798095703125,177.2736358642578
14888,596.599,584.7212524414062,157.90440368652344
14889,596.639,612.7127075195312,164.14637756347656
14890,596.68,629.6041259765625,138.792236328125
14891,596.72,665.0396728515625,133.43223571777344
14892,596.76,640.986328125,143.81666564941406
14893,596.8,602.946533203125,159.69708251953125
14894,596.84,575.6172485351562,132.36532592773438
14895,596.88,565.8911743164062,233.96266174316406
14896,596.92,501.64642333984375,237.13221740722656
14897,596.96,500.4088134765625,237.90017700195312
14898,597.0,499.365478515625,244.17477416992188
14899,597.04,477.8968200683594,287.4339904785156
14900,597.08,479.1503601074219,283.1584167480469
14901,597.12,483.673828125,289.12445068359375
14902,597.16,474.8746337890625,269.6883544921875
14903,597.201,495.610595703125,321.0932922363281
14904,597.241,535.5220947265625,312.5359802246094
14905,597.281,543.82861328125,297.0945739746094
14906,597.321,542.11181640625,312.8203125
14907,597.361,586.1694946289062,299.7572021484375
14908,597.401,575.558349609375,301.44537353515625
14909,597.441,571.0313720703125,299.311767578125
14910,597.481,568.5880126953125,300.02752685546875
14911,597.521,571.9576416015625,301.6302490234375
14912,597.561,574.2245483398438,272.22540283203125
14913,597.601,571.2412109375,256.9635009765625
14914,597.641,580.4730224609375,254.3719482421875
14915,597.681,572.1446533203125,251.1179656982422
14916,597.721,604.3519287109375,140.52789306640625
14917,597.762,591.9820556640625,167.91094970703125
14918,597.802,575.0532836914062,173.31370544433594
14919,597.842,574.2376098632812,169.53720092773438
14920,597.882,573.5764770507812,172.62156677246094
14921,597.922,574.6519775390625,173.5638885498047
14922,597.962,574.2741088867188,175.21836853027344
14923,598.002,531.1098022460938,180.1086883544922
14924,598.042,496.48675537109375,187.9779815673828
14925,598.082,496.4129943847656,190.55311584472656
14926,598.122,497.0270080566406,193.40975952148438
14927,598.162,495.35601806640625,195.4302978515625
14928,598.202,495.035888671875,197.00364685058594
14929,598.242,522.845947265625,201.310546875
14930,598.282,553.857177734375,194.10748291015625
14931,598.323,554.6612548828125,194.0574188232422
14932,598.363,555.2504272460938,194.56199645996094
14933,598.403,554.1051635742188,195.87991333007812
14934,598.443,554.424072265625,196.73777770996094
14935,598.483,552.9755859375,199.87245178222656
14936,598.523,551.2996826171875,203.2911376953125
14937,598.563,551.7531127929688,204.58572387695312
14938,598.603,550.5632934570312,204.71603393554688
14939,598.643,549.2222290039062,203.65818786621094
14940,598.683,533.5958862304688,186.26939392089844
14941,598.723,536.668212890625,185.22865295410156
14942,598.763,535.0475463867188,184.67446899414062
14943,598.803,535.2191772460938,185.1774139404297
14944,598.843,498.7242126464844,188.90586853027344
14945,598.884,498.47705078125,190.0144805908203
14946,598.924,497.74481201171875,189.76048278808594
14947,598.964,497.73638916015625,188.9942169189453
14948,599.004,496.23052978515625,187.6620330810547
14949,599.044,494.255126953125,168.40567016601562
14950,599.084,494.3377380371094,143.85308837890625
14951,599.124,493.6034851074219,142.4257354736328
14952,599.164,499.8156433105469,151.74241638183594
14953,599.204,499.8922119140625,140.90402221679688
14954,599.244,499.2113952636719,152.6525115966797
14955,599.284,499.60394287109375,150.63119506835938
14956,599.324,501.7757263183594,160.62501525878906
14957,599.364,493.86236572265625,171.15347290039062
14958,599.404,482.3118896484375,180.9440460205078
14959,599.445,477.6750183105469,181.80657958984375
14960,599.485,489.2160949707031,182.39759826660156
14961,599.525,499.743408203125,176.82569885253906
14962,599.565,499.82861328125,173.5417022705078
14963,599.605,506.5976257324219,166.93878173828125
14964,599.645,539.3553466796875,155.10569763183594
14965,599.685,525.7955932617188,158.3451385498047
14966,599.725,517.1013793945312,152.58575439453125
14967,599.765,513.1982421875,150.60867309570312
14968,599.805,513.8414306640625,145.83743286132812
14969,599.845,516.9940185546875,154.39447021484375
14970,599.885,498.79486083984375,129.2244415283203
14971,599.925,500.7767333984375,134.1206512451172
14972,599.966,503.24835205078125,140.462158203125
14973,600.006,504.25,146.59649658203125
14974,600.046,504.4720153808594,150.45748901367188
14975,600.086,503.72418212890625,149.38742065429688
14976,600.126,509.9031677246094,129.17138671875
14977,600.166,514.2918090820312,130.8594207763672
14978,600.206,514.4473876953125,131.3006134033203
14979,600.246,515.7609252929688,131.0009765625
14980,600.286,517.5970458984375,127.10787200927734
14981,600.326,509.9053039550781,132.5966796875
14982,600.366,500.9651184082031,135.64471435546875
14983,600.406,474.0543518066406,129.9089813232422
14984,600.446,473.9112243652344,131.93826293945312
14985,600.486,477.43988037109375,132.74148559570312
14986,600.527,478.9114685058594,133.77391052246094
14987,600.567,480.369873046875,134.33790588378906
14988,600.607,475.9363708496094,130.94203186035156
14989,600.647,501.0308837890625,148.53158569335938
14990,600.687,500.7358703613281,148.03445434570312
14991,600.727,499.97918701171875,144.1705780029297
14992,600.767,485.3199768066406,131.63877868652344
14993,600.807,500.33331298828125,95.56089782714844
14994,600.847,506.911376953125,115.0113296508789
14995,600.887,499.8316955566406,56.0455207824707
14996,600.927,533.7620849609375,84.18174743652344
14997,600.967,521.6929931640625,101.11882781982422
14998,601.007,444.4573059082031,117.6841049194336
14999,601.047,456.1509094238281,116.57757568359375
15000,601.088,457.1376953125,111.5782699584961
15001,601.128,459.1714172363281,112.02409362792969
15002,601.168,459.59271240234375,109.99886322021484
15003,601.208,461.1955261230469,110.27557373046875
15004,601.248,460.5129699707031,113.80915832519531
15005,601.288,462.83697509765625,113.65250396728516
15006,601.328,495.0610656738281,124.90972137451172
15007,601.368,477.7397155761719,130.97512817382812
15008,601.408,502.4973449707031,105.7806625366211
15009,601.448,490.4140625,133.62353515625
15010,601.488,491.3233337402344,131.1935272216797
15011,601.528,476.5997009277344,74.05830383300781
15012,601.568,nan,nan
15013,601.608,nan,nan
15014,601.649,nan,nan
15015,601.689,nan,nan
15016,601.729,nan,nan
15017,601.769,491.3910827636719,4.648957252502441
15018,601.809,468.9344787597656,102.10822296142578
15019,601.849,466.96240234375,104.96299743652344
15020,601.889,451.8834533691406,73.61177825927734
15021,601.929,464.23846435546875,96.99385070800781
15022,601.969,453.6160583496094,79.12555694580078
15023,602.009,444.68463134765625,56.8363151550293
15024,602.049,435.0892028808594,44.45485305786133
15025,602.089,443.4156494140625,78.7140121459961
15026,602.129,456.2745666503906,96.24922180175781
15027,602.17,463.4225158691406,75.41443634033203
15028,602.21,450.9460754394531,90.95918273925781
15029,602.25,420.9264831542969,86.79298400878906
15030,602.29,439.8033447265625,73.70874786376953
15031,602.33,476.530517578125,87.50104522705078
15032,602.37,464.64068603515625,101.62596130371094
15033,602.41,470.48590087890625,63.24203109741211
15034,602.45,475.07647705078125,73.33737182617188
15035,602.49,453.6382751464844,17.182186126708984
15036,602.53,458.4361267089844,34.62091827392578
15037,602.57,453.5224304199219,21.699813842773438
15038,602.61,458.961181640625,35.3138427734375
15039,602.65,459.01177978515625,36.45045852661133
15040,602.69,455.1057434082031,22.26456069946289
15041,602.731,467.796142578125,27.272167205810547
15042,602.771,471.05010986328125,24.404117584228516
15043,602.811,474.6632080078125,37.259765625
15044,602.851,472.24810791015625,61.418331146240234
15045,602.891,490.1353454589844,62.582271575927734
15046,602.931,490.95196533203125,65.12545013427734
15047,602.971,469.6228942871094,60.51875686645508
15048,603.011,487.7784423828125,37.39456558227539
15049,603.051,493.9887390136719,11.447334289550781
15050,603.091,nan,nan
15051,603.131,557.2683715820312,15.021024703979492
15052,603.171,547.99609375,48.266075134277344
15053,603.211,nan,nan
15054,603.251,537.1187744140625,34.61433792114258
15055,603.292,544.4586791992188,39.112091064453125
15056,603.332,556.1124267578125,57.57365798950195
15057,603.372,559.3896484375,60.54045486450195
15058,603.412,541.33349609375,75.38739013671875
15059,603.452,522.5162353515625,53.849647521972656
15060,603.492,526.3728637695312,70.73612213134766
15061,603.532,528.9892578125,70.91348266601562
15062,603.572,535.8059692382812,70.29257202148438
15063,603.612,496.48870849609375,56.31504821777344
15064,603.652,523.9847412109375,25.915910720825195
15065,603.692,514.023193359375,65.39039611816406
15066,603.732,486.6390686035156,50.77720260620117
15067,603.772,515.748779296875,15.28453540802002
15068,603.812,562.79248046875,1.4931650161743164
15069,603.853,501.1439208984375,67.11095428466797
15070,603.893,524.11328125,79.11107635498047
15071,603.933,516.3914184570312,93.62321472167969
15072,603.973,483.49884033203125,102.93177795410156
15073,604.013,482.6514892578125,81.36115264892578
15074,604.053,490.97552490234375,99.62322235107422
15075,604.093,486.7476806640625,116.84935760498047
15076,604.133,482.18402099609375,125.74034118652344
15077,604.173,480.53448486328125,123.69641876220703
15078,604.213,485.4972839355469,115.75189208984375
15079,604.253,501.765625,137.43560791015625
15080,604.293,498.784912109375,136.28085327148438
15081,604.333,500.1472473144531,120.95161437988281
15082,604.373,500.8371276855469,128.47561645507812
15083,604.414,502.3841247558594,115.41999053955078
15084,604.454,504.198486328125,117.70051574707031
15085,604.494,504.8779602050781,114.73571014404297
15086,604.534,503.56787109375,131.41712951660156
15087,604.574,501.76617431640625,118.94520568847656
15088,604.614,499.5979309082031,123.25059509277344
15089,604.654,499.93316650390625,125.9677963256836
15090,604.694,497.64630126953125,129.6683807373047
15091,604.734,497.93096923828125,129.8390655517578
15092,604.774,499.12744140625,131.0511474609375
15093,604.814,502.1719055175781,130.55393981933594
15094,604.854,506.4148864746094,110.49882507324219
15095,604.894,500.264892578125,119.75239562988281
15096,604.935,508.59295654296875,109.1252670288086
15097,604.975,512.5691528320312,118.35029602050781
15098,605.015,523.628173828125,108.23465728759766
15099,605.055,525.9777221679688,101.47454071044922
15100,605.095,530.0955200195312,87.95539855957031
15101,605.135,530.7847900390625,85.5052490234375
15102,605.175,511.4656066894531,101.80696105957031
15103,605.215,526.7352905273438,123.94466400146484
15104,605.255,523.9569702148438,123.54576873779297
15105,605.295,530.1504516601562,125.38287353515625
15106,605.335,523.9513549804688,123.7594985961914
15107,605.375,540.5986328125,129.01849365234375
15108,605.415,540.5509033203125,128.6949920654297
15109,605.455,539.5078125,127.80120086669922
15110,605.496,539.87646484375,124.6764144897461
15111,605.536,539.11181640625,123.32508087158203
15112,605.576,539.2594604492188,122.93470001220703
15113,605.616,539.123291015625,124.24214935302734
15114,605.656,539.4304809570312,124.57711791992188
15115,605.696,539.7240600585938,124.65849304199219
15116,605.736,539.9906005859375,123.29637145996094
15117,605.776,537.6203002929688,116.73800659179688
15118,605.816,535.4356079101562,124.11425018310547
15119,605.856,534.9805297851562,124.14116668701172
15120,605.896,535.8803100585938,99.40819549560547
15121,605.936,516.553466796875,137.4961700439453
15122,605.976,516.9205322265625,137.1407928466797
15123,606.016,515.8663330078125,135.5757598876953
15124,606.057,513.63330078125,134.70669555664062
15125,606.097,512.457763671875,134.49545288085938
15126,606.137,510.43121337890625,136.58901977539062
15127,606.177,509.13555908203125,137.65725708007812
15128,606.217,506.3601379394531,139.10345458984375
15129,606.257,502.6816711425781,139.4078826904297
15130,606.297,500.1629333496094,138.997314453125
15131,606.337,498.6610107421875,137.68919372558594
15132,606.377,500.23931884765625,135.7276153564453
15133,606.417,475.4422607421875,132.50653076171875
15134,606.457,469.3883361816406,130.4116668701172
15135,606.497,474.2796936035156,128.80499267578125
15136,606.537,475.240478515625,130.0880126953125
15137,606.577,484.2866516113281,141.22364807128906
15138,606.618,473.8066101074219,129.29481506347656
15139,606.658,535.0624389648438,123.11280059814453
15140,606.698,533.7799682617188,116.17035675048828
15141,606.738,545.078125,125.99089813232422
15142,606.778,545.7604370117188,123.18202209472656
15143,606.818,529.1273803710938,109.62728881835938
15144,606.858,527.371826171875,107.54275512695312
15145,606.898,528.2650756835938,106.98824310302734
15146,606.938,542.761474609375,96.1099853515625
15147,606.978,526.5904541015625,99.9384994506836
15148,607.018,510.3707275390625,101.3888168334961
15149,607.058,513.0830688476562,104.47145080566406
15150,607.098,511.6899719238281,108.00440216064453
15151,607.138,508.7321472167969,107.6263198852539
15152,607.179,508.4425048828125,108.54625701904297
15153,607.219,497.9296569824219,96.46393585205078
15154,607.259,513.6841430664062,113.130859375
15155,607.299,512.1351928710938,118.32307434082031
15156,607.339,516.1588745117188,120.92963409423828
15157,607.379,515.4762573242188,112.79377746582031
15158,607.419,519.6878051757812,112.17991638183594
15159,607.459,476.9335632324219,111.21089172363281
15160,607.499,483.109619140625,139.9822998046875
15161,607.539,479.4018249511719,126.16566467285156
15162,607.579,482.2320861816406,130.14556884765625
15163,607.619,485.57501220703125,127.53883361816406
15164,607.659,488.72430419921875,114.7156753540039
15165,607.7,490.5208435058594,115.8451156616211
15166,607.74,493.67938232421875,112.8722915649414
15167,607.78,493.84344482421875,113.2098159790039
15168,607.82,494.3113098144531,113.9432373046875
15169,607.86,494.2955017089844,112.20311737060547
15170,607.9,493.2692565917969,114.74296569824219
15171,607.94,494.78314208984375,116.17131805419922
15172,607.98,495.5198059082031,116.357177734375
15173,608.02,497.0822448730469,113.686279296875
15174,608.06,497.95513916015625,113.22687530517578
15175,608.1,498.944580078125,111.92399597167969
15176,608.14,499.2403564453125,111.33118438720703
15177,608.18,502.4183349609375,110.22199249267578
15178,608.22,504.16717529296875,108.30276489257812
15179,608.261,505.0162048339844,105.7674331665039
15180,608.301,506.1022033691406,100.02564239501953
15181,608.341,507.9927673339844,99.7503890991211
15182,608.381,508.54449462890625,97.54243469238281
15183,608.421,508.5192565917969,96.12373352050781
15184,608.461,507.5252990722656,88.55103302001953
15185,608.501,505.40289306640625,76.78531646728516
15186,608.541,504.0066223144531,71.94313049316406
15187,608.581,503.26556396484375,71.81707763671875
15188,608.621,504.045654296875,66.45540618896484
15189,608.661,504.53289794921875,69.04215240478516
15190,608.701,490.0205383300781,91.58992004394531
15191,608.741,492.7569580078125,93.27167510986328
15192,608.781,493.11175537109375,96.1714859008789
15193,608.822,494.90277099609375,97.0800552368164
15194,608.862,495.8869323730469,95.32454681396484
15195,608.902,498.0728759765625,102.35130310058594
15196,608.942,503.2022399902344,102.9239730834961
15197,608.982,501.848876953125,108.41624450683594
15198,609.022,502.2997131347656,110.45794677734375
15199,609.062,502.04937744140625,112.05451202392578
15200,609.102,490.8275451660156,107.94745635986328
15201,609.142,494.5451965332031,109.74983978271484
15202,609.182,495.9445495605469,108.86270141601562
15203,609.222,498.5517883300781,105.9327392578125
15204,609.262,518.4365234375,123.47930145263672
15205,609.302,525.1363525390625,133.87440490722656
15206,609.342,528.3871459960938,135.45164489746094
15207,609.383,527.44970703125,139.1143341064453
15208,609.423,526.6155395507812,141.381103515625
15209,609.463,526.2247924804688,143.8536376953125
15210,609.503,523.4805908203125,147.2567138671875
15211,609.543,521.1644897460938,149.89503479003906
15212,609.583,521.6622314453125,147.5460662841797
15213,609.623,521.3790893554688,146.51193237304688
15214,609.663,523.8745727539062,145.12039184570312
15215,609.703,522.87353515625,146.67953491210938
15216,609.743,519.8231811523438,147.87289428710938
15217,609.783,519.7241821289062,144.81088256835938
15218,609.823,518.4659423828125,140.79627990722656
15219,609.863,518.88525390625,139.3255157470703
15220,609.903,517.2769165039062,139.75315856933594
15221,609.944,513.739990234375,139.4217071533203
15222,609.984,497.997314453125,146.253662109375
15223,610.024,496.5437927246094,144.22323608398438
15224,610.064,496.248291015625,142.66798400878906
15225,610.104,495.7950134277344,142.44308471679688
15226,610.144,490.128173828125,149.37391662597656
15227,610.184,498.1055603027344,140.33604431152344
15228,610.224,503.1590881347656,136.64743041992188
15229,610.264,505.038330078125,132.72731018066406
15230,610.304,506.8981018066406,127.987060546875
15231,610.344,506.3465270996094,123.08583068847656
15232,610.384,513.7411499023438,108.50618743896484
15233,610.424,515.3837890625,101.29519653320312
15234,610.465,515.2120361328125,100.83061981201172
15235,610.505,514.5256958007812,101.48233032226562
15236,610.545,513.1928100585938,101.5617446899414
15237,610.585,513.1688232421875,101.1378173828125
15238,610.625,511.7000427246094,100.69512939453125
15239,610.665,512.2234497070312,98.95308685302734
15240,610.705,512.9391479492188,96.6201171875
15241,610.745,514.1681518554688,92.4922866821289
15242,610.785,510.24835205078125,83.55213928222656
15243,610.825,510.02294921875,81.40824127197266
15244,610.865,509.6946716308594,79.21991729736328
15245,610.905,507.5461120605469,80.99789428710938
15246,610.945,505.1949768066406,81.4140396118164
15247,610.985,507.0232238769531,78.54095458984375
15248,611.026,509.6304016113281,76.31673431396484
15249,611.066,510.4884948730469,75.86332702636719
15250,611.106,510.5195617675781,76.02224731445312
15251,611.146,509.759521484375,75.13346099853516
15252,611.186,509.7887268066406,77.20407104492188
15253,611.226,508.7713623046875,84.46162414550781
15254,611.266,512.9359130859375,105.34288024902344
15255,611.306,512.1347045898438,117.18386840820312
15256,611.346,510.7810363769531,123.26849365234375
15257,611.386,510.4860534667969,123.4632339477539
15258,611.426,508.5209655761719,128.17311096191406
15259,611.466,501.688720703125,133.91062927246094
15260,611.506,503.3791809082031,138.54847717285156
15261,611.546,501.91412353515625,137.57757568359375
15262,611.587,502.0252685546875,136.64002990722656
15263,611.627,499.4117431640625,138.82334899902344
15264,611.667,502.33294677734375,139.32342529296875
15265,611.707,504.256103515625,139.54916381835938
15266,611.747,502.6777038574219,143.7960662841797
15267,611.787,503.91290283203125,141.29653930664062
15268,611.827,499.58734130859375,147.68923950195312
15269,611.867,493.96234130859375,155.9747772216797
15270,611.907,494.89422607421875,154.2902069091797
15271,611.947,499.474853515625,146.7550048828125
15272,611.987,498.9901123046875,148.43939208984375
15273,612.027,499.2433166503906,146.907958984375
15274,612.067,497.9359130859375,147.79571533203125
15275,612.107,498.5261535644531,147.6038818359375
15276,612.148,500.7709655761719,146.87059020996094
15277,612.188,526.5637817382812,172.1431427001953
15278,612.228,523.492431640625,170.2906494140625
15279,612.268,524.0242309570312,169.84864807128906
15280,612.308,522.1116333007812,168.1239013671875
15281,612.348,523.9386596679688,164.41127014160156
15282,612.388,521.8225708007812,162.07546997070312
15283,612.428,515.684326171875,157.9326171875
15284,612.468,498.7500305175781,144.29736328125
15285,612.508,499.0039367675781,141.83963012695312
15286,612.548,501.1523742675781,139.420654296875
15287,612.588,501.7481384277344,138.86068725585938
15288,612.628,502.9292907714844,138.7900848388672
15289,612.668,501.2930603027344,137.35414123535156
15290,612.709,502.1403503417969,135.69554138183594
15291,612.749,504.9900207519531,137.9814453125
15292,612.789,503.8713073730469,141.71022033691406
15293,612.829,506.2025451660156,142.467529296875
15294,612.869,505.4705810546875,141.6037139892578
15295,612.909,569.7474975585938,118.35649108886719
15296,612.949,570.635986328125,115.85536193847656
15297,612.989,570.36962890625,116.10523223876953
15298,613.029,570.923583984375,115.1554946899414
15299,613.069,571.2072143554688,114.30030822753906
15300,613.109,571.7919921875,113.77092742919922
15301,613.149,568.9803466796875,112.54270935058594
15302,613.189,505.4527587890625,117.8923110961914
15303,613.23,507.67230224609375,115.07482147216797
15304,613.27,507.37994384765625,114.47693634033203
15305,613.31,507.8118591308594,113.96504974365234
15306,613.35,511.2878723144531,111.26795959472656
15307,613.39,512.4177856445312,109.60498809814453
15308,613.43,503.4195556640625,100.23245239257812
15309,613.47,500.08245849609375,100.05414581298828
15310,613.51,497.35748291015625,100.71305847167969
15311,613.55,498.6112365722656,98.7400894165039
15312,613.59,492.816650390625,88.44249725341797
15313,613.63,490.7926025390625,78.14167785644531
15314,613.67,489.9365234375,77.08861541748047
15315,613.71,491.8413391113281,70.37511444091797
15316,613.75,492.25848388671875,68.83710479736328
15317,613.791,518.2037353515625,69.39705657958984
15318,613.831,517.4302978515625,70.06916809082031
15319,613.871,517.8446655273438,69.80931854248047
15320,613.911,517.4004516601562,68.91827392578125
15321,613.951,518.55126953125,68.0361557006836
15322,613.991,517.683837890625,67.99175262451172
15323,614.031,517.0821533203125,66.51005554199219
15324,614.071,516.7545776367188,65.30474853515625
15325,614.111,504.0885009765625,66.84833526611328
15326,614.151,503.3810119628906,70.03670501708984
15327,614.191,502.6995544433594,71.96725463867188
15328,614.231,501.8335266113281,73.77544403076172
15329,614.271,501.2580871582031,73.36729431152344
15330,614.311,501.36163330078125,71.80650329589844
15331,614.352,500.6241149902344,70.91645050048828
15332,614.392,500.6180725097656,70.55816650390625
15333,614.432,499.89715576171875,71.35502624511719
15334,614.472,499.3396911621094,72.95396423339844
15335,614.512,498.92535400390625,74.385498046875
15336,614.552,499.82000732421875,75.93537139892578
15337,614.592,500.99578857421875,76.55924987792969
15338,614.632,502.6158447265625,77.48388671875
15339,614.672,501.88653564453125,77.1201400756836
15340,614.712,503.0454406738281,76.25164794921875
15341,614.752,504.0329284667969,74.8593521118164
15342,614.792,504.7840881347656,75.08255767822266
15343,614.832,506.49267578125,71.74791717529297
15344,614.872,506.7023010253906,76.48484802246094
15345,614.913,506.42742919921875,77.03788757324219
15346,614.953,492.8951721191406,69.27181243896484
15347,614.993,492.928955078125,72.03764343261719
15348,615.033,485.6294250488281,73.58849334716797
15349,615.073,488.7652587890625,73.6031494140625
15350,615.113,488.72821044921875,75.20941925048828
15351,615.153,496.86895751953125,78.33435821533203
15352,615.193,502.25689697265625,70.87760925292969
15353,615.233,504.8047180175781,68.32962036132812
15354,615.273,526.614990234375,43.353824615478516
15355,615.313,520.1317138671875,33.75710678100586
15356,615.353,513.728515625,16.21192169189453
15357,615.393,498.1445617675781,53.39838409423828
15358,615.433,488.3146057128906,67.5633773803711
15359,615.474,445.07611083984375,39.54512023925781
15360,615.514,463.36029052734375,54.970882415771484
15361,615.554,472.6412658691406,52.563438415527344
15362,615.594,480.1907958984375,55.09296798706055
15363,615.634,480.2459411621094,53.668453216552734
15364,615.674,477.3680114746094,55.30019760131836
15365,615.714,478.45843505859375,61.035423278808594
15366,615.754,478.9134826660156,54.14530944824219
15367,615.794,480.3255310058594,49.40461349487305
15368,615.834,480.69158935546875,45.168277740478516
15369,615.874,478.79583740234375,53.845848083496094
15370,615.914,514.4727172851562,84.4521484375
15371,615.954,520.7945556640625,98.52861022949219
15372,615.995,519.7510986328125,100.3118896484375
15373,616.035,520.3539428710938,100.44379425048828
15374,616.075,522.2723999023438,101.80455017089844
15375,616.115,524.0852661132812,103.99095916748047
15376,616.155,522.658935546875,97.95511627197266
15377,616.195,523.5946044921875,101.07804107666016
15378,616.235,510.9570617675781,102.19269561767578
15379,616.275,494.76446533203125,105.41480255126953
15380,616.315,496.1959533691406,104.80867767333984
15381,616.355,498.1192321777344,105.39825439453125
15382,616.395,501.7572937011719,103.9693374633789
15383,616.435,506.05810546875,108.42828369140625
15384,616.475,506.302001953125,111.44319915771484
15385,616.515,507.64569091796875,116.30077362060547
15386,616.556,507.3846435546875,123.32425689697266
15387,616.596,507.5616760253906,124.7907485961914
15388,616.636,508.1802673339844,126.93341064453125
15389,616.676,509.1945495605469,126.24017333984375
15390,616.716,509.0503845214844,125.73359680175781
15391,616.756,508.322509765625,124.59736633300781
15392,616.796,507.72344970703125,125.61827850341797
15393,616.836,505.0856628417969,126.0259017944336
15394,616.876,502.5609130859375,124.62017822265625
15395,616.916,501.3597106933594,123.1409912109375
15396,616.956,500.99066162109375,118.68389129638672
15397,616.996,518.5387573242188,156.66290283203125
15398,617.036,518.3995971679688,162.08677673339844
15399,617.076,516.19140625,160.79852294921875
15400,617.117,516.4505615234375,160.78076171875
15401,617.157,570.0618286132812,177.33860778808594
15402,617.197,619.5319213867188,187.1059112548828
15403,617.237,622.1353149414062,188.13160705566406
15404,617.277,625.6716918945312,185.53578186035156
15405,617.317,626.0564575195312,183.75889587402344
15406,617.357,625.2147827148438,185.02792358398438
15407,617.397,625.0382690429688,184.6147918701172
15408,617.437,624.2859497070312,184.45034790039062
15409,617.477,623.2479248046875,185.3304901123047
15410,617.517,618.8284912109375,181.8550567626953
15411,617.557,618.1726684570312,182.71438598632812
15412,617.597,600.3802490234375,151.08413696289062
15413,617.637,600.0703735351562,143.14857482910156
15414,617.678,594.61328125,146.92355346679688
15415,617.718,593.6234130859375,149.8802032470703
15416,617.758,586.4782104492188,155.2507781982422
15417,617.798,581.34375,158.5832977294922
15418,617.838,576.1834716796875,163.12838745117188
15419,617.878,577.0601806640625,168.6000213623047
15420,617.918,580.046875,168.0395050048828
15421,617.958,579.3278198242188,169.63409423828125
15422,617.998,577.2249755859375,168.2360382080078
15423,618.038,576.4986572265625,169.5587615966797
15424,618.078,568.270263671875,187.156005859375
15425,618.118,519.5423583984375,169.3901824951172
15426,618.158,523.234619140625,168.00502014160156
15427,618.199,523.6309204101562,163.62234497070312
15428,618.239,524.0951538085938,164.62493896484375
15429,618.279,525.01904296875,165.95718383789062
15430,618.319,524.7119140625,174.03359985351562
15431,618.359,521.4610595703125,174.54827880859375
15432,618.399,519.2213745117188,172.49417114257812
15433,618.439,514.0994262695312,168.87738037109375
15434,618.479,527.2393798828125,202.57559204101562
15435,618.519,531.6688232421875,214.76947021484375
15436,618.559,531.4613647460938,213.11630249023438
15437,618.599,531.4385375976562,211.58998107910156
15438,618.639,531.4103393554688,210.19451904296875
15439,618.679,586.577880859375,325.9059753417969
15440,618.719,590.8032836914062,328.0948791503906
15441,618.76,589.4315795898438,328.1909484863281
15442,618.8,584.8983764648438,328.1717529296875
15443,618.84,583.4452514648438,325.7454833984375
15444,618.88,583.0238647460938,322.8813171386719
15445,618.92,581.61376953125,320.7581481933594
15446,618.96,580.05224609375,319.2767028808594
15447,619.0,579.395263671875,317.4150695800781
15448,619.04,578.5977783203125,315.6705017089844
15449,619.08,578.3785400390625,313.698486328125
15450,619.12,576.6497802734375,311.5237731933594
15451,619.16,572.5968017578125,313.10595703125
15452,619.2,568.5452270507812,314.5223083496094
15453,619.24,537.88134765625,315.8257751464844
15454,619.28,521.2507934570312,320.31390380859375
15455,619.321,523.6719970703125,321.093017578125
15456,619.361,525.003173828125,320.0947265625
15457,619.401,526.35400390625,318.4023132324219
15458,619.441,527.0799560546875,317.1289978027344
15459,619.481,527.6650390625,316.58856201171875
15460,619.521,529.0120239257812,315.779296875
15461,619.561,531.58447265625,310.14801025390625
15462,619.601,538.5252075195312,306.3431396484375
15463,619.641,524.672119140625,220.58547973632812
15464,619.681,536.9827270507812,186.00746154785156
15465,619.721,525.8006591796875,203.49525451660156
15466,619.761,526.1801147460938,210.13192749023438
15467,619.801,522.4066162109375,217.3494873046875
15468,619.841,523.9501953125,217.9304962158203
15469,619.882,521.4111328125,217.53367614746094
15470,619.922,519.7584228515625,222.5921173095703
15471,619.962,567.9210205078125,259.4451904296875
15472,620.002,570.7449951171875,255.7053680419922
15473,620.042,567.8018188476562,259.13360595703125
15474,620.082,569.2830200195312,258.4788513183594
15475,620.122,568.7546997070312,256.0847473144531
15476,620.162,575.0859375,320.900146484375
15477,620.202,587.0355834960938,318.1296081542969
15478,620.242,587.3245239257812,318.7832336425781
15479,620.282,585.863037109375,319.58892822265625
15480,620.322,589.6804809570312,317.0527648925781
15481,620.362,563.5807495117188,318.2917175292969
15482,620.402,555.26416015625,320.5375671386719
15483,620.443,554.5260009765625,319.6048889160156
15484,620.483,554.0510864257812,318.726806640625
15485,620.523,552.6448364257812,316.6999206542969
15486,620.563,556.0419921875,318.0219421386719
15487,620.603,587.8672485351562,319.64056396484375
15488,620.643,587.0429077148438,319.0339050292969
15489,620.683,586.180908203125,319.76300048828125
15490,620.723,586.9457397460938,320.8039245605469
15491,620.763,586.3642578125,321.7203674316406
15492,620.803,586.36083984375,321.90582275390625
15493,620.843,585.2715454101562,320.7577209472656
15494,620.883,586.44091796875,319.3275146484375
15495,620.923,586.56396484375,317.9037780761719
15496,620.964,586.5198364257812,316.3948974609375
15497,621.004,586.4939575195312,314.31878662109375
15498,621.044,572.8899536132812,341.60858154296875
15499,621.084,563.7186279296875,353.2026672363281
15500,621.124,563.3662109375,352.5146789550781
15501,621.164,563.6438598632812,351.5376281738281
15502,621.204,564.2318725585938,351.32391357421875
15503,621.244,565.438720703125,351.3028564453125
15504,621.284,566.5459594726562,351.91015625
15505,621.324,562.8773803710938,349.76898193359375
15506,621.364,561.3198852539062,349.58074951171875
15507,621.404,560.0955200195312,350.2356262207031
15508,621.444,557.828125,350.8070068359375
15509,621.484,556.10693359375,300.8499755859375
15510,621.525,585.4192504882812,263.84649658203125
15511,621.565,581.468017578125,263.8360900878906
15512,621.605,582.4583740234375,266.34075927734375
15513,621.645,585.6453247070312,266.872314453125
15514,621.685,584.0712890625,268.4950256347656
15515,621.725,581.9190063476562,268.72467041015625
15516,621.765,581.65185546875,269.7790222167969
15517,621.805,586.6080322265625,268.2561950683594
15518,621.845,590.6907348632812,267.9924011230469
15519,621.885,613.9696655273438,296.0411071777344
15520,621.925,620.4683837890625,291.23687744140625
15521,621.965,619.4266357421875,286.8604736328125
15522,622.005,617.5784301757812,286.3341979980469
15523,622.045,613.1197509765625,289.4969482421875
15524,622.086,611.749755859375,291.1582336425781
15525,622.126,609.9760131835938,293.24755859375
15526,622.166,610.5615234375,292.54266357421875
15527,622.206,610.3584594726562,291.251953125
15528,622.246,610.9603271484375,291.10888671875
15529,622.286,603.5484008789062,333.9985656738281
15530,622.326,599.0568237304688,337.6061706542969
15531,622.366,600.0752563476562,337.355712890625
15532,622.406,600.1105346679688,338.31488037109375
15533,622.446,601.822021484375,339.7131042480469
15534,622.486,598.665283203125,343.42730712890625
15535,622.526,555.5299682617188,343.32562255859375
15536,622.566,556.3514404296875,345.80615234375
15537,622.606,556.0271606445312,345.47906494140625
15538,622.647,556.3395385742188,345.83074951171875
15539,622.687,556.39599609375,342.0126647949219
15540,622.727,556.2314453125,341.10626220703125
15541,622.767,556.5211181640625,340.8333435058594
15542,622.807,557.285400390625,340.997802734375
15543,622.847,557.3118286132812,342.3262023925781
15544,622.887,558.547119140625,343.1072082519531
15545,622.927,560.5086669921875,342.9102783203125
15546,622.967,561.765380859375,343.6717529296875
15547,623.007,561.6259155273438,344.2150573730469
15548,623.047,562.1181640625,345.8963928222656
15549,623.087,563.8624877929688,348.254638671875
15550,623.127,564.2294311523438,351.2198181152344
15551,623.167,563.7169799804688,355.148193359375
15552,623.208,565.075927734375,360.9609069824219
15553,623.248,565.7619018554688,364.2868957519531
15554,623.288,566.6137084960938,367.95269775390625
15555,623.328,567.5609130859375,369.3803405761719
15556,623.368,568.4806518554688,369.8323059082031
15557,623.408,568.0645751953125,370.7281799316406
15558,623.448,567.4513549804688,370.830322265625
15559,623.488,568.5128173828125,370.9859313964844
15560,623.528,570.2208251953125,372.21563720703125
15561,623.568,571.0032348632812,372.9255676269531
15562,623.608,572.0866088867188,373.0860290527344
15563,623.648,571.8200073242188,374.18017578125
15564,623.688,573.518798828125,376.47283935546875
15565,623.729,573.8966064453125,378.00848388671875
15566,623.769,571.7090454101562,381.093994140625
15567,623.809,550.0322265625,373.2430725097656
15568,623.849,549.3885498046875,370.0887451171875
15569,623.889,551.2772827148438,372.9955139160156
15570,623.929,592.5784912109375,389.82806396484375
15571,623.969,593.9882202148438,382.9506530761719
15572,624.009,593.2315063476562,384.7114562988281
15573,624.049,593.8764038085938,387.9849853515625
15574,624.089,593.4276733398438,390.7118225097656
15575,624.129,580.659423828125,394.0750732421875
15576,624.169,556.9088134765625,375.05731201171875
15577,624.209,556.7685546875,378.62530517578125
15578,624.249,554.5189819335938,378.7351379394531
15579,624.29,554.0142211914062,378.9790344238281
15580,624.33,553.3785400390625,377.07232666015625
15581,624.37,553.7925415039062,376.4011535644531
15582,624.41,554.8079223632812,375.5039367675781
15583,624.45,557.1033325195312,372.8935241699219
15584,624.49,569.270263671875,376.56866455078125
15585,624.53,582.0537109375,381.01519775390625
15586,624.57,581.2948608398438,379.6726989746094
15587,624.61,580.3361206054688,379.20184326171875
15588,624.65,581.172607421875,378.0399169921875
15589,624.69,582.0349731445312,375.1413879394531
15590,624.73,581.6425170898438,373.78466796875
15591,624.77,582.6423950195312,370.59332275390625
15592,624.81,582.9309692382812,370.2824401855469
15593,624.851,584.1544799804688,370.0166931152344
15594,624.891,586.016357421875,369.8838195800781
15595,624.931,586.0367431640625,369.7038269042969
15596,624.971,565.8577270507812,364.55999755859375
15597,625.011,565.8248291015625,364.4583435058594
15598,625.051,566.2803344726562,364.4231872558594
15599,625.091,568.0018920898438,364.3887023925781
15600,625.131,568.081298828125,363.2972106933594
15601,625.171,569.8496704101562,361.7850646972656
15602,625.211,570.1468505859375,361.7686767578125
15603,625.251,570.1721801757812,361.93988037109375
15604,625.291,584.7180786132812,347.6651306152344
15605,625.331,584.9710083007812,345.7109375
15606,625.371,585.8057250976562,344.2884826660156
15607,625.412,585.2926025390625,343.6769714355469
15608,625.452,584.8076782226562,343.43603515625
15609,625.492,585.5151977539062,342.5608215332031
15610,625.532,585.9481201171875,342.1693420410156
15611,625.572,586.5297241210938,341.57464599609375
15612,625.612,588.1553344726562,340.55389404296875
15613,625.652,589.0052490234375,339.39483642578125
15614,625.692,590.1918334960938,338.57366943359375
15615,625.732,590.1639404296875,338.2059631347656
15616,625.772,588.5608520507812,339.13128662109375
15617,625.812,586.4664916992188,334.9153137207031
15618,625.852,587.1228637695312,323.13604736328125
15619,625.892,587.2833862304688,304.4430847167969
15620,625.932,584.5615234375,289.01446533203125
15621,625.973,580.3599853515625,273.7002868652344
15622,626.013,580.0767822265625,264.021484375
15623,626.053,589.1732177734375,257.76910400390625
15624,626.093,588.2200317382812,255.81866455078125
15625,626.133,587.645263671875,254.41432189941406
15626,626.173,587.3823852539062,255.0669403076172
15627,626.213,589.73486328125,255.50241088867188
15628,626.253,595.7979125976562,256.36114501953125
15629,626.293,595.23974609375,264.9670104980469
15630,626.333,590.1173095703125,282.59130859375
15631,626.373,596.4140014648438,290.15167236328125
15632,626.413,602.58203125,293.5192565917969
15633,626.453,599.4364013671875,293.40203857421875
15634,626.494,600.9844360351562,294.9789123535156
15635,626.534,604.444580078125,299.49578857421875
15636,626.574,566.6741943359375,277.8083190917969
15637,626.614,536.5114135742188,207.46949768066406
15638,626.654,523.1785278320312,210.52578735351562
15639,626.694,535.4202270507812,207.66192626953125
15640,626.734,536.4293823242188,197.80551147460938
15641,626.774,527.20849609375,198.74618530273438
15642,626.814,540.2225341796875,188.24122619628906
15643,626.854,468.5740661621094,197.89781188964844
15644,626.894,487.5824890136719,189.5329132080078
15645,626.934,474.4375915527344,200.8648223876953
15646,626.974,476.0184631347656,201.95114135742188
15647,627.014,487.4463806152344,200.5829620361328
15648,627.055,489.2890930175781,207.85874938964844
15649,627.095,466.25177001953125,223.86053466796875
15650,627.135,469.94293212890625,214.75164794921875
15651,627.175,517.5584106445312,255.87261962890625
15652,627.215,586.356201171875,217.16775512695312
15653,627.255,586.8578491210938,219.69775390625
15654,627.295,585.6771850585938,230.32989501953125
15655,627.335,571.1099243164062,247.7515411376953
15656,627.375,525.98828125,230.82464599609375
15657,627.415,534.87109375,237.05526733398438
15658,627.455,487.9530334472656,176.4507293701172
15659,627.495,498.75506591796875,177.66738891601562
15660,627.535,500.92779541015625,175.82220458984375
15661,627.575,499.5032653808594,175.7819061279297
15662,627.616,496.0850524902344,177.9826202392578
15663,627.656,541.9198608398438,181.37680053710938
15664,627.696,541.8033447265625,178.92013549804688
15665,627.736,553.3379516601562,170.71173095703125
15666,627.776,517.1123657226562,192.03419494628906
15667,627.816,494.5701904296875,155.23507690429688
15668,627.856,505.492919921875,148.69757080078125
15669,627.896,511.4252624511719,154.68972778320312
15670,627.936,510.26788330078125,159.78363037109375
15671,627.976,505.71295166015625,155.44479370117188
15672,628.016,503.3302001953125,148.12071228027344
15673,628.056,503.1436462402344,141.8887176513672
15674,628.096,544.015380859375,167.42759704589844
15675,628.136,540.782470703125,183.7712860107422
15676,628.177,535.9962768554688,189.53353881835938
15677,628.217,532.1504516601562,194.66778564453125
15678,628.257,531.7567138671875,196.36351013183594
15679,628.297,536.2999267578125,193.2874755859375
15680,628.337,540.9573974609375,192.43312072753906
15681,628.377,543.5957641601562,192.0790252685547
15682,628.417,541.5233154296875,196.0962371826172
15683,628.457,546.1124877929688,208.226806640625
15684,628.497,543.0803833007812,218.29515075683594
15685,628.537,542.4028930664062,210.12147521972656
15686,628.577,542.3994750976562,215.20721435546875
15687,628.617,542.2883911132812,216.26771545410156
15688,628.657,488.6755065917969,215.0810546875
15689,628.697,483.0774230957031,210.4525604248047
15690,628.738,478.5636291503906,210.6238555908203
15691,628.778,479.4457092285156,205.90780639648438
15692,628.818,478.3800048828125,205.60134887695312
15693,628.858,480.5866394042969,203.1610565185547
15694,628.898,483.2806091308594,201.06280517578125
15695,628.938,481.3634948730469,200.88685607910156
15696,628.978,481.48297119140625,200.9585723876953
15697,629.018,472.5495300292969,198.26095581054688
15698,629.058,445.0567626953125,195.19277954101562
15699,629.098,445.1440734863281,198.1963653564453
15700,629.138,446.0194396972656,200.77194213867188
15701,629.178,447.45062255859375,204.30685424804688
15702,629.218,443.3412780761719,197.7038116455078
15703,629.259,417.80615234375,150.81259155273438
15704,629.299,420.4591064453125,151.39991760253906
15705,629.339,422.5629577636719,153.84860229492188
15706,629.379,421.01617431640625,156.40777587890625
15707,629.419,418.9004821777344,160.5806427001953
15708,629.459,417.6602478027344,148.3724822998047
15709,629.499,417.4244689941406,151.29498291015625
15710,629.539,419.7576599121094,153.0388641357422
15711,629.579,420.3798522949219,155.26300048828125
15712,629.619,420.81634521484375,155.5225830078125
15713,629.659,422.1641845703125,161.07565307617188
15714,629.699,421.0729675292969,162.84735107421875
15715,629.739,420.033203125,166.8533172607422
15716,629.779,421.588623046875,174.18777465820312
15717,629.82,461.8716735839844,289.7149658203125
15718,629.86,496.4332580566406,350.7820129394531
15719,629.9,498.8065185546875,357.2998352050781
15720,629.94,503.2681884765625,357.17633056640625
15721,629.98,505.3967590332031,350.67669677734375
15722,630.02,506.0250244140625,344.6871643066406
15723,630.06,506.4304504394531,341.0855712890625
15724,630.1,504.43743896484375,334.34991455078125
15725,630.14,507.4454650878906,328.433349609375
15726,630.18,494.5697021484375,274.08526611328125
15727,630.22,487.0790100097656,255.90399169921875
15728,630.26,491.24053955078125,246.8904571533203
15729,630.3,490.8362731933594,246.54730224609375
15730,630.34,493.67535400390625,241.62025451660156
15731,630.381,497.0047302246094,235.83140563964844
15732,630.421,497.2027893066406,233.22265625
15733,630.461,497.49273681640625,230.11978149414062
15734,630.501,495.809814453125,229.6397247314453
15735,630.541,494.0444030761719,230.5471954345703
15736,630.581,493.1155700683594,233.05148315429688
15737,630.621,507.7522277832031,237.23129272460938
15738,630.661,589.392333984375,273.427978515625
15739,630.701,589.6259765625,271.7294006347656
15740,630.741,589.7032470703125,270.5653076171875
15741,630.781,508.1435241699219,292.9322509765625
15742,630.821,491.9684143066406,287.27532958984375
15743,630.861,495.33465576171875,287.6316833496094
15744,630.901,495.184326171875,287.11737060546875
15745,630.942,495.73883056640625,286.610595703125
15746,630.982,572.73828125,311.669189453125
15747,631.022,576.4909057617188,304.58062744140625
15748,631.062,575.8396606445312,304.0692138671875
15749,631.102,576.8052368164062,302.7420654296875
15750,631.142,577.4713134765625,301.1805725097656
15751,631.182,566.4464721679688,299.69476318359375
15752,631.222,530.9111938476562,306.62359619140625
15753,631.262,533.5025634765625,303.9594421386719
15754,631.302,531.0999755859375,304.4151306152344
15755,631.342,532.5995483398438,302.0319519042969
15756,631.382,532.3417358398438,299.6723327636719
15757,631.422,533.722412109375,297.2517395019531
15758,631.462,531.0721435546875,298.4638671875
15759,631.503,526.9929809570312,299.3229675292969
15760,631.543,525.4032592773438,298.4322814941406
15761,631.583,520.7501220703125,264.47589111328125
15762,631.623,521.219970703125,267.523193359375
15763,631.663,522.4556274414062,267.85565185546875
15764,631.703,523.0531005859375,270.3033447265625
15765,631.743,523.7476196289062,269.0437316894531
15766,631.783,524.658203125,269.0765075683594
15767,631.823,530.6329956054688,266.5634765625
15768,631.863,532.9405517578125,267.3568115234375
15769,631.903,517.9407958984375,256.78759765625
15770,631.943,517.3009033203125,259.703125
15771,631.983,517.2806396484375,261.9353942871094
15772,632.024,517.1290893554688,264.9958190917969
15773,632.064,517.75,265.1483459472656
15774,632.104,519.1119384765625,264.8761291503906
15775,632.144,517.53125,266.3930969238281
15776,632.184,511.7514343261719,271.1438903808594
15777,632.224,522.064453125,314.5165710449219
15778,632.264,526.5723266601562,311.5490417480469
15779,632.304,526.7144775390625,310.9859924316406
15780,632.344,528.1947021484375,310.1836853027344
15781,632.384,526.8941040039062,311.60955810546875
15782,632.424,528.725341796875,311.6047668457031
15783,632.464,528.542236328125,310.9961853027344
15784,632.504,527.1261596679688,310.0710754394531
15785,632.544,527.2605590820312,309.9634094238281
15786,632.585,527.7433471679688,310.02001953125
15787,632.625,531.0306396484375,305.98529052734375
15788,632.665,582.1424560546875,293.26971435546875
15789,632.705,585.8653564453125,291.5155944824219
15790,632.745,587.607421875,290.3326721191406
15791,632.785,590.2174072265625,290.5455627441406
15792,632.825,590.4774169921875,292.15484619140625
15793,632.865,590.44580078125,293.7781677246094
15794,632.905,589.9915161132812,293.89556884765625
15795,632.945,589.7568359375,294.9947509765625
15796,632.985,588.7236938476562,295.4092712402344
15797,633.025,587.9883422851562,295.90509033203125
15798,633.065,586.15576171875,295.8174743652344
15799,633.105,585.4338989257812,296.3978271484375
15800,633.146,582.7571411132812,299.3960876464844
15801,633.186,525.9406127929688,327.3847961425781
15802,633.226,528.453125,325.8041687011719
15803,633.266,528.13525390625,328.03082275390625
15804,633.306,528.7454833984375,328.203857421875
15805,633.346,529.8312377929688,328.5027770996094
15806,633.386,529.3474731445312,332.4082336425781
15807,633.426,501.8849182128906,400.2540588378906
15808,633.466,502.1532897949219,399.79425048828125
15809,633.506,502.6221923828125,399.96575927734375
15810,633.546,523.1296997070312,399.3939514160156
15811,633.586,543.1035766601562,401.8771057128906
15812,633.626,543.907958984375,402.5601806640625
15813,633.666,545.8846435546875,405.0072937011719
15814,633.707,546.7738037109375,406.5630187988281
15815,633.747,548.0158081054688,409.4421691894531
15816,633.787,549.347412109375,413.55535888671875
15817,633.827,552.4261474609375,418.59222412109375
15818,633.867,554.1505737304688,421.5663757324219
15819,633.907,553.149169921875,422.9247131347656
15820,633.947,552.2544555664062,426.1139831542969
15821,633.987,551.0146484375,428.79638671875
15822,634.027,550.4490966796875,429.59893798828125
15823,634.067,549.2495727539062,430.3236083984375
15824,634.107,548.1973876953125,428.52899169921875
15825,634.147,550.068359375,426.6671142578125
15826,634.187,550.1500854492188,424.60931396484375
15827,634.228,551.06298828125,421.3594970703125
15828,634.268,553.8150634765625,418.63531494140625
15829,634.308,548.5811157226562,413.60882568359375
15830,634.348,495.40087890625,385.64410400390625
15831,634.388,494.4951171875,386.20977783203125
15832,634.428,494.62261962890625,379.8748474121094
15833,634.468,491.1612243652344,363.2312316894531
15834,634.508,492.78265380859375,348.3037109375
15835,634.548,491.84454345703125,334.38104248046875
15836,634.588,495.09405517578125,315.8330993652344
15837,634.628,495.3824768066406,337.41607666015625
15838,634.668,452.463134765625,393.08392333984375
15839,634.708,479.54571533203125,460.37188720703125
15840,634.748,nan,nan
15841,634.789,nan,nan
15842,634.829,nan,nan
15843,634.869,nan,nan
15844,634.909,nan,nan
15845,634.949,nan,nan
15846,634.989,nan,nan
15847,635.029,nan,nan
15848,635.069,nan,nan
15849,635.109,nan,nan
15850,635.149,nan,nan
15851,635.189,nan,nan
15852,635.229,nan,nan
15853,635.269,nan,nan
15854,635.309,nan,nan
15855,635.35,nan,nan
15856,635.39,nan,nan
15857,635.43,nan,nan
15858,635.47,nan,nan
15859,635.51,nan,nan
15860,635.55,nan,nan
15861,635.59,524.5657958984375,120.13510131835938
15862,635.63,512.4558715820312,153.7596435546875
15863,635.67,522.15673828125,157.02366638183594
15864,635.71,513.3446655273438,190.22640991210938
15865,635.75,510.4714050292969,198.7943878173828
15866,635.79,508.07415771484375,206.6373748779297
15867,635.83,509.0024108886719,208.32489013671875
15868,635.87,507.9640808105469,208.21620178222656
15869,635.911,509.7755432128906,206.04690551757812
15870,635.951,507.9515686035156,205.67041015625
15871,635.991,508.6001281738281,208.30538940429688
15872,636.031,517.5624389648438,302.2802734375
15873,636.071,518.42236328125,305.38153076171875
15874,636.111,519.2544555664062,308.77337646484375
15875,636.151,521.9306030273438,310.5997314453125
15876,636.191,520.5757446289062,313.30572509765625
15877,636.231,520.2207641601562,315.4154052734375
15878,636.271,519.9391479492188,315.70751953125
15879,636.311,521.1979370117188,316.62774658203125
15880,636.351,521.1431884765625,318.1763000488281
15881,636.391,520.4725341796875,319.74200439453125
15882,636.431,519.6472778320312,321.4370422363281
15883,636.472,519.62060546875,321.257080078125
15884,636.512,464.0000915527344,324.0107116699219
15885,636.552,463.78369140625,323.3401794433594
15886,636.592,464.929931640625,320.99700927734375
15887,636.632,465.4158020019531,318.6328430175781
15888,636.672,464.7375183105469,317.1047058105469
15889,636.712,465.31805419921875,316.5293273925781
15890,636.752,466.02685546875,320.7259216308594
15891,636.792,446.3202819824219,137.23997497558594
15892,636.832,454.1418151855469,98.3517074584961
15893,636.872,453.696044921875,110.5633544921875
15894,636.912,468.3080749511719,103.07013702392578
15895,636.952,464.2626647949219,140.72254943847656
15896,636.993,465.262451171875,154.31130981445312
15897,637.033,436.017578125,124.0205078125
15898,637.073,435.8351745605469,144.360595703125
15899,637.113,431.7388916015625,158.17263793945312
15900,637.153,433.65936279296875,163.10964965820312
15901,637.193,435.67724609375,168.0928955078125
15902,637.233,451.9350891113281,227.1076202392578
15903,637.273,446.72454833984375,225.9707489013672
15904,637.313,443.9139709472656,230.07855224609375
15905,637.353,440.4441223144531,237.93003845214844
15906,637.393,443.334228515625,241.55078125
15907,637.433,431.9061279296875,187.8532257080078
15908,637.473,420.7015075683594,176.877685546875
15909,637.513,411.4681701660156,185.8312225341797
15910,637.554,405.9549865722656,196.45114135742188
15911,637.594,409.0615234375,197.74009704589844
15912,637.634,426.9957580566406,193.5753631591797
15913,637.674,428.9233703613281,177.78912353515625
15914,637.714,454.58734130859375,198.8963623046875
15915,637.754,480.4170227050781,181.72030639648438
15916,637.794,476.3492431640625,172.83462524414062
15917,637.834,472.3079833984375,175.43930053710938
15918,637.874,474.1461181640625,178.92172241210938
15919,637.914,475.2184753417969,178.56137084960938
15920,637.954,480.5975646972656,185.85455322265625
15921,637.994,480.13165283203125,185.1268310546875
15922,638.034,478.8623962402344,185.28160095214844
15923,638.074,476.0534362792969,180.3896484375
15924,638.115,473.79681396484375,178.33702087402344
15925,638.155,473.4176330566406,176.6151885986328
15926,638.195,475.5946960449219,175.74330139160156
15927,638.235,477.1764831542969,173.7889862060547
15928,638.275,477.7995300292969,168.28872680664062
15929,638.315,476.08819580078125,160.58265686035156
15930,638.355,476.427978515625,157.83059692382812
15931,638.395,472.83929443359375,204.71194458007812
15932,638.435,476.4898376464844,199.83082580566406
15933,638.475,475.0201721191406,203.53778076171875
15934,638.515,475.9652404785156,213.4046173095703
15935,638.555,474.94073486328125,211.82127380371094
15936,638.595,470.8603515625,210.78466796875
15937,638.635,469.8944396972656,206.7539825439453
15938,638.676,466.24456787109375,207.5272674560547
15939,638.716,493.2793884277344,205.38504028320312
15940,638.756,525.5653686523438,200.44252014160156
15941,638.796,526.5501098632812,201.21876525878906
15942,638.836,530.6602783203125,200.30801391601562
15943,638.876,527.5368041992188,196.4837188720703
15944,638.916,525.0655517578125,194.6257781982422
15945,638.956,506.47064208984375,220.54225158691406
15946,638.996,492.095703125,188.08213806152344
15947,639.036,488.73431396484375,182.29159545898438
15948,639.076,482.8981018066406,190.13243103027344
15949,639.116,482.7486877441406,186.42498779296875
15950,639.156,479.21826171875,191.09222412109375
15951,639.196,482.70513916015625,199.4071807861328
15952,639.237,478.06243896484375,156.59852600097656
15953,639.277,471.6740417480469,166.7538299560547
15954,639.317,467.2501525878906,178.4547119140625
15955,639.357,467.0500183105469,182.451171875
15956,639.397,465.5000305175781,183.80368041992188
15957,639.437,457.5764465332031,182.08221435546875
15958,639.477,448.38751220703125,177.92630004882812
15959,639.517,461.63226318359375,178.11875915527344
15960,639.557,469.5920715332031,177.19314575195312
15961,639.597,466.88067626953125,174.71653747558594
15962,639.637,472.27630615234375,173.6117706298828
15963,639.677,468.9844055175781,171.24661254882812
15964,639.717,416.24603271484375,177.69845581054688
15965,639.758,405.5096435546875,181.68411254882812
15966,639.798,402.7622985839844,177.93215942382812
15967,639.838,402.4665222167969,179.40496826171875
15968,639.878,400.4327392578125,178.79380798339844
15969,639.918,399.6082763671875,181.91128540039062
15970,639.958,396.2987060546875,186.30889892578125
15971,639.998,387.81207275390625,179.60621643066406
15972,640.038,387.4912414550781,174.92198181152344
15973,640.078,402.2566833496094,164.01943969726562
15974,640.118,399.0554504394531,163.15821838378906
15975,640.158,395.03887939453125,158.0791778564453
15976,640.198,386.5218505859375,150.86122131347656
15977,640.238,375.96820068359375,154.09695434570312
15978,640.278,371.0094299316406,154.42935180664062
15979,640.319,369.4350891113281,158.94776916503906
15980,640.359,378.05242919921875,161.5087890625
15981,640.399,376.60711669921875,159.9628448486328
15982,640.439,376.46795654296875,156.64889526367188
15983,640.479,377.0376892089844,155.14431762695312
15984,640.519,379.38397216796875,154.47647094726562
15985,640.559,381.5454406738281,153.9050750732422
15986,640.599,377.0636901855469,154.22994995117188
15987,640.639,375.2914123535156,151.578857421875
15988,640.679,372.7374572753906,150.85711669921875
15989,640.719,372.8851013183594,150.47434997558594
15990,640.759,374.4411315917969,150.83807373046875
15991,640.799,377.8641662597656,150.25167846679688
15992,640.839,382.1747741699219,147.7479248046875
15993,640.88,386.8033752441406,144.48081970214844
15994,640.92,388.6140441894531,142.44448852539062
15995,640.96,391.5172424316406,138.71913146972656
15996,641.0,392.8496398925781,136.24356079101562
15997,641.04,394.2824401855469,137.39451599121094
15998,641.08,406.03912353515625,135.34129333496094
15999,641.12,412.4973449707031,129.75613403320312
16000,641.16,413.2306823730469,127.26593017578125
16001,641.2,410.1371765136719,126.16097259521484
16002,641.24,403.7260437011719,131.74122619628906
16003,641.28,399.1755676269531,132.29067993164062
16004,641.32,396.9605407714844,131.3306884765625
16005,641.36,399.8652038574219,129.1348419189453
16006,641.4,401.521728515625,126.28971862792969
16007,641.441,398.6360168457031,127.78173065185547
16008,641.481,398.4864807128906,120.46798706054688
16009,641.521,424.6297607421875,116.13705444335938
16010,641.561,425.9726257324219,113.01778411865234
16011,641.601,428.4192810058594,112.80802154541016
16012,641.641,429.7964782714844,111.50572967529297
16013,641.681,429.7584228515625,108.75597381591797
16014,641.721,429.7565002441406,109.93052673339844
16015,641.761,429.88812255859375,107.27688598632812
16016,641.801,433.6834716796875,105.04522705078125
16017,641.841,434.701904296875,100.64583587646484
16018,641.881,433.3847961425781,125.06816864013672
16019,641.921,436.0289611816406,130.0867919921875
16020,641.961,439.2087097167969,133.11636352539062
16021,642.002,442.9793395996094,136.24551391601562
16022,642.042,440.0335998535156,134.30630493164062
16023,642.082,436.82427978515625,134.8087615966797
16024,642.122,436.79962158203125,166.34286499023438
16025,642.162,443.1834411621094,171.69180297851562
16026,642.202,442.0169372558594,174.4550018310547
16027,642.242,445.0815124511719,174.4960479736328
16028,642.282,447.12445068359375,176.0211944580078
16029,642.322,449.01544189453125,177.70233154296875
16030,642.362,447.43902587890625,180.7039794921875
16031,642.402,446.5065002441406,182.8505859375
16032,642.442,440.69329833984375,193.27578735351562
16033,642.482,452.19903564453125,216.0379180908203
16034,642.523,452.8052062988281,215.19613647460938
16035,642.563,453.7066955566406,214.18801879882812
16036,642.603,453.8548583984375,213.90826416015625
16037,642.643,454.15484619140625,213.99217224121094
16038,642.683,455.03887939453125,212.72418212890625
16039,642.723,456.857177734375,211.33200073242188
16040,642.763,458.1821594238281,209.05331420898438
16041,642.803,458.7772521972656,206.95201110839844
16042,642.843,457.0659484863281,204.0470733642578
16043,642.883,454.3625183105469,199.84068298339844
16044,642.923,454.04010009765625,192.61178588867188
16045,642.963,455.2257385253906,188.9803009033203
16046,643.003,456.9521179199219,184.0940704345703
16047,643.043,457.4086608886719,182.7535858154297
16048,643.084,457.20953369140625,179.84909057617188
16049,643.124,456.2474670410156,177.66180419921875
16050,643.164,456.06085205078125,176.10853576660156
16051,643.204,497.4663391113281,174.3297576904297
16052,643.244,497.6431884765625,165.70639038085938
16053,643.284,495.3035888671875,162.45077514648438
16054,643.324,492.4930114746094,157.26544189453125
16055,643.364,489.8750305175781,155.6299591064453
16056,643.404,490.6418151855469,147.95578002929688
16057,643.444,478.1332092285156,134.43731689453125
16058,643.484,481.33447265625,113.87382507324219
16059,643.524,480.0928649902344,112.50582122802734
16060,643.564,477.60943603515625,110.32294464111328
16061,643.604,472.1012878417969,99.82994842529297
16062,643.645,468.1408386230469,95.86323547363281
16063,643.685,465.6527099609375,94.64772033691406
16064,643.725,466.6890563964844,92.36560821533203
16065,643.765,463.318115234375,86.15573120117188
16066,643.805,451.97650146484375,84.64898681640625
16067,643.845,451.8117980957031,86.79947662353516
16068,643.885,453.8407897949219,99.62287139892578
16069,643.925,456.97265625,101.28301239013672
16070,643.965,459.0821228027344,97.97815704345703
16071,644.005,456.4268493652344,95.87321472167969
16072,644.045,457.7593994140625,95.84727478027344
16073,644.085,454.205078125,91.85348510742188
16074,644.125,450.9895324707031,91.46465301513672
16075,644.165,448.29254150390625,90.3677978515625
16076,644.206,447.9288024902344,88.5917739868164
16077,644.246,448.1015319824219,88.44159698486328
16078,644.286,443.1562194824219,88.78642272949219
16079,644.326,442.0732727050781,89.00785064697266
16080,644.366,450.772705078125,78.26199340820312
16081,644.406,469.2774353027344,70.54778289794922
16082,644.446,472.614990234375,70.56056213378906
16083,644.486,477.3715515136719,71.1029052734375
16084,644.526,474.4312744140625,69.0882339477539
16085,644.566,477.42303466796875,67.62416076660156
16086,644.606,452.00048828125,112.53575897216797
16087,644.646,451.2464294433594,108.25028991699219
16088,644.686,449.05853271484375,102.5933609008789
16089,644.726,455.5059814453125,98.20700073242188
16090,644.767,453.7618103027344,100.05278015136719
16091,644.807,454.7863464355469,93.53083801269531
16092,644.847,446.3154602050781,67.01011657714844
16093,644.887,447.743896484375,61.17655563354492
16094,644.927,449.3971252441406,59.48313903808594
16095,644.967,448.017333984375,58.827178955078125
16096,645.007,441.8533020019531,46.440494537353516
16097,645.047,422.5406799316406,12.9902925491333
16098,645.087,420.2433166503906,11.514729499816895
16099,645.127,419.38385009765625,11.589791297912598
16100,645.167,419.57672119140625,12.14204216003418
16101,645.207,420.37933349609375,13.455303192138672
16102,645.247,417.1510314941406,15.011153221130371
16103,645.288,415.4707336425781,17.429719924926758
16104,645.328,417.3519287109375,18.647619247436523
16105,645.368,407.9771423339844,36.92972183227539
16106,645.408,404.2164611816406,40.366092681884766
16107,645.448,404.5556335449219,40.81438446044922
16108,645.488,406.25244140625,40.566158294677734
16109,645.528,407.360595703125,40.84856033325195
16110,645.568,406.12701416015625,41.017948150634766
16111,645.608,415.78839111328125,45.185550689697266
16112,645.648,440.6960754394531,69.4296646118164
16113,645.688,445.3117370605469,65.94711303710938
16114,645.728,446.8756103515625,65.02212524414062
16115,645.768,453.4979553222656,63.99376678466797
16116,645.808,421.0914001464844,42.769126892089844
16117,645.849,418.4884033203125,43.66109085083008
16118,645.889,416.8216552734375,44.95335388183594
16119,645.929,416.0550231933594,45.78157043457031
16120,645.969,414.9686584472656,46.43612289428711
16121,646.009,419.1875305175781,47.36978530883789
16122,646.049,421.23419189453125,48.86139678955078
16123,646.089,423.4678955078125,50.7132453918457
16124,646.129,405.4070129394531,57.60493087768555
16125,646.169,403.3894958496094,59.86509704589844
16126,646.209,402.51654052734375,62.08134078979492
16127,646.249,402.10650634765625,65.42124938964844
16128,646.289,400.757568359375,68.87293243408203
16129,646.329,400.1879577636719,71.44938659667969
16130,646.369,398.3483581542969,73.68013000488281
16131,646.41,399.0030212402344,74.07356262207031
16132,646.45,400.2566223144531,74.24853515625
16133,646.49,397.2947692871094,72.40219116210938
16134,646.53,398.02978515625,72.2191390991211
16135,646.57,402.3592224121094,70.93342590332031
16136,646.61,405.5953369140625,69.3527603149414
16137,646.65,409.5085754394531,70.59783172607422
16138,646.69,414.2684020996094,75.28948211669922
16139,646.73,413.64569091796875,72.23783111572266
16140,646.77,413.12451171875,70.2603759765625
16141,646.81,409.4832763671875,73.18860626220703
16142,646.85,428.28643798828125,115.59966278076172
16143,646.89,430.8204650878906,117.51780700683594
16144,646.93,430.888916015625,121.38560485839844
16145,646.971,430.55718994140625,119.21751403808594
16146,647.011,432.78594970703125,107.30001831054688
16147,647.051,461.91680908203125,94.50296020507812
16148,647.091,460.4968566894531,91.07930755615234
16149,647.131,466.08074951171875,87.2392578125
16150,647.171,467.4561462402344,85.28118896484375
16151,647.211,468.3934631347656,83.70413970947266
16152,647.251,463.3556213378906,86.37096405029297
16153,647.291,461.5167541503906,87.85575866699219
16154,647.331,542.0955810546875,99.63377380371094
16155,647.371,535.2965698242188,101.40518951416016
16156,647.411,533.7579345703125,103.3193130493164
16157,647.451,498.2791442871094,117.31355285644531
16158,647.492,514.4113159179688,109.19976043701172
16159,647.532,501.8377380371094,79.54534912109375
16160,647.572,497.42498779296875,83.17388153076172
16161,647.612,494.124267578125,77.90132141113281
16162,647.652,489.8789978027344,74.6436538696289
16163,647.692,486.1357116699219,71.18498992919922
16164,647.732,479.8531188964844,124.76067352294922
16165,647.772,nan,nan
16166,647.812,515.712890625,71.45817565917969
16167,647.852,513.9320068359375,65.84451293945312
16168,647.892,513.3431396484375,59.505306243896484
16169,647.932,512.8404541015625,56.6222038269043
16170,647.972,511.40740966796875,52.58747100830078
16171,648.012,509.0907287597656,51.291744232177734
16172,648.053,509.0392150878906,48.26429748535156
16173,648.093,507.9510498046875,46.60215759277344
16174,648.133,505.158935546875,43.64937973022461
16175,648.173,500.2653503417969,43.52056884765625
16176,648.213,499.00909423828125,43.701072692871094
16177,648.253,493.9496154785156,56.45606994628906
16178,648.293,484.285888671875,70.45706939697266
16179,648.333,488.24267578125,71.48567962646484
16180,648.373,489.5624694824219,74.55376434326172
16181,648.413,488.6451416015625,74.95897674560547
16182,648.453,488.3623046875,75.88001251220703
16183,648.493,457.1740417480469,92.59555053710938
16184,648.533,466.8238830566406,84.1266098022461
16185,648.573,456.0933532714844,90.49431610107422
16186,648.614,461.1732177734375,84.77317810058594
16187,648.654,458.7930603027344,83.84112548828125
16188,648.694,455.46466064453125,82.42166900634766
16189,648.734,455.90020751953125,85.00428771972656
16190,648.774,462.54742431640625,84.12232208251953
16191,648.814,482.8280944824219,75.97454833984375
16192,648.854,486.5958251953125,73.15225219726562
16193,648.894,488.4512939453125,71.55258178710938
16194,648.934,486.47705078125,71.73892211914062
16195,648.974,487.3576354980469,60.25598907470703
16196,649.014,488.2852783203125,61.90520477294922
16197,649.054,487.506103515625,68.5837631225586
16198,649.094,487.65777587890625,70.4623794555664
16199,649.134,486.88006591796875,69.088623046875
16200,649.175,484.8542175292969,60.694419860839844
16201,649.215,487.0423889160156,52.890289306640625
16202,649.255,486.26348876953125,50.49698257446289
16203,649.295,482.3671569824219,49.492454528808594
16204,649.335,504.6746520996094,27.583127975463867
16205,649.375,505.45697021484375,24.08119010925293
16206,649.415,505.8597412109375,21.54941749572754
16207,649.455,507.3641662597656,19.815887451171875
16208,649.495,507.7603454589844,15.527081489562988
16209,649.535,507.24908447265625,11.704320907592773
16210,649.575,505.3747253417969,9.73931884765625
16211,649.615,505.20965576171875,8.997302055358887
16212,649.655,504.89306640625,8.628466606140137
16213,649.695,503.8230895996094,7.792972087860107
16214,649.736,501.6695556640625,7.678708076477051
16215,649.776,500.58367919921875,7.2096147537231445
16216,649.816,499.66278076171875,7.208449363708496
16217,649.856,497.417236328125,8.17961311340332
16218,649.896,494.599365234375,14.564788818359375
16219,649.936,512.7133178710938,67.86054992675781
16220,649.976,511.1606140136719,66.70520782470703
16221,650.016,509.0673522949219,67.70069885253906
16222,650.056,507.2060241699219,66.70329284667969
16223,650.096,504.89691162109375,64.87665557861328
16224,650.136,499.50152587890625,62.85232925415039
16225,650.176,494.8665771484375,60.9006233215332
16226,650.216,492.0653381347656,57.107643127441406
16227,650.257,490.488525390625,56.03070831298828
16228,650.297,487.52874755859375,53.91642379760742
16229,650.337,487.3653564453125,53.08256530761719
16230,650.377,486.7369689941406,52.245182037353516
16231,650.417,486.1303405761719,52.69687271118164
16232,650.457,485.54071044921875,54.163970947265625
16233,650.497,484.79345703125,55.63331985473633
16234,650.537,484.8036193847656,56.47441864013672
16235,650.577,486.17596435546875,56.3869743347168
16236,650.617,486.5355224609375,58.752811431884766
16237,650.657,487.26922607421875,57.9781379699707
16238,650.697,486.526611328125,57.97715377807617
16239,650.737,443.9046325683594,38.03580856323242
16240,650.777,450.3328857421875,35.62100601196289
16241,650.818,451.42425537109375,34.892005920410156
16242,650.858,454.78369140625,32.87337875366211
16243,650.898,455.06292724609375,31.015464782714844
16244,650.938,454.7529296875,30.078174591064453
16245,650.978,453.51055908203125,30.991300582885742
16246,651.018,451.97930908203125,31.45046615600586
16247,651.058,450.7613525390625,31.44540023803711
16248,651.098,448.6809997558594,29.491058349609375
16249,651.138,447.898193359375,28.85152816772461
16250,651.178,449.4423828125,28.104482650756836
16251,651.218,462.65179443359375,34.766387939453125
16252,651.258,477.876953125,36.459590911865234
16253,651.298,476.3091735839844,35.348350524902344
16254,651.338,478.2845458984375,34.52737808227539
16255,651.379,479.0309753417969,33.417335510253906
16256,651.419,479.15191650390625,31.50127601623535
16257,651.459,479.58392333984375,30.00786590576172
16258,651.499,480.73724365234375,26.420679092407227
16259,651.539,481.4678955078125,20.7177677154541
16260,651.579,483.5775146484375,12.913922309875488
16261,651.619,484.2960510253906,8.408020973205566
16262,651.659,485.20361328125,7.198748588562012
16263,651.699,466.09893798828125,9.545455932617188
16264,651.739,451.7648010253906,10.772605895996094
16265,651.779,448.9515686035156,10.48893928527832
16266,651.819,449.21893310546875,9.108104705810547
16267,651.859,450.3995666503906,5.68273401260376
16268,651.899,452.2214050292969,3.3634557723999023
16269,651.94,451.731689453125,2.0520477294921875
16270,651.98,452.6548767089844,0.7608004212379456
16271,652.02,451.5649719238281,1.2021543979644775
16272,652.06,451.875244140625,1.2119840383529663
16273,652.1,452.5120544433594,2.323728322982788
16274,652.14,455.5938720703125,1.791283130645752
16275,652.18,451.69329833984375,3.7913405895233154
16276,652.22,436.0108947753906,7.504319667816162
16277,652.26,435.0957946777344,9.089212417602539
16278,652.3,434.35650634765625,11.489294052124023
16279,652.34,434.5524597167969,13.550745010375977
16280,652.38,434.7388000488281,14.476228713989258
16281,652.42,466.1720886230469,7.544565200805664
16282,652.46,466.8762512207031,8.363325119018555
16283,652.501,465.9847106933594,11.768877029418945
16284,652.541,463.6415710449219,16.652830123901367
16285,652.581,463.0210266113281,11.241179466247559
16286,652.621,nan,nan
16287,652.661,nan,nan
16288,652.701,nan,nan
16289,652.741,464.290283203125,3.040231466293335
16290,652.781,464.5161437988281,6.297911167144775
16291,652.821,464.1188049316406,9.056550025939941
16292,652.861,462.12451171875,11.113638877868652
16293,652.901,462.4581604003906,12.225553512573242
16294,652.941,480.9876708984375,31.069297790527344
16295,652.981,481.1329040527344,29.832372665405273
16296,653.022,481.4200439453125,29.359363555908203
16297,653.062,481.99957275390625,27.242826461791992
16298,653.102,460.2576904296875,60.796905517578125
16299,653.142,463.79998779296875,80.35038757324219
16300,653.182,460.2778015136719,81.15727233886719
16301,653.222,462.8885192871094,79.22917175292969
16302,653.262,466.03118896484375,75.92071533203125
16303,653.302,464.0698547363281,73.14400482177734
16304,653.342,466.5116882324219,68.82247924804688
16305,653.382,466.950927734375,64.50749206542969
16306,653.422,469.4165954589844,57.051177978515625
16307,653.462,471.5953674316406,49.575191497802734
16308,653.502,474.68804931640625,42.423973083496094
16309,653.542,474.88580322265625,34.19247055053711
16310,653.583,474.8842468261719,25.279376983642578
16311,653.623,473.945556640625,17.129592895507812
16312,653.663,477.14178466796875,15.680130958557129
16313,653.703,477.5918273925781,12.541857719421387
16314,653.743,478.2867431640625,7.90803337097168
16315,653.783,478.1138916015625,7.071164608001709
16316,653.823,477.6370544433594,5.763976573944092
16317,653.863,477.18487548828125,6.852046489715576
16318,653.903,476.2251281738281,13.508705139160156
16319,653.943,476.62677001953125,17.67473793029785
16320,653.983,475.83203125,16.780292510986328
16321,654.023,477.0341491699219,15.944486618041992
16322,654.063,476.857421875,14.643082618713379
16323,654.103,477.1502685546875,13.992074012756348
16324,654.144,477.18548583984375,14.82001781463623
16325,654.184,477.0491943359375,16.5745849609375
16326,654.224,476.1380920410156,17.129467010498047
16327,654.264,477.225830078125,17.14065170288086
16328,654.304,477.1850891113281,15.762784004211426
16329,654.344,nan,nan
16330,654.384,nan,nan
16331,654.424,nan,nan
16332,654.464,nan,nan
16333,654.504,nan,nan
16334,654.544,nan,nan
16335,654.584,nan,nan
16336,654.624,nan,nan
16337,654.664,nan,nan
16338,654.705,nan,nan
16339,654.745,nan,nan
16340,654.785,nan,nan
16341,654.825,nan,nan
16342,654.865,nan,nan
16343,654.905,nan,nan
16344,654.945,nan,nan
16345,654.985,nan,nan
16346,655.025,nan,nan
16347,655.065,nan,nan
16348,655.105,nan,nan
16349,655.145,479.303955078125,17.633575439453125
16350,655.185,473.7276611328125,22.77653694152832
16351,655.225,473.8980407714844,22.02493667602539
16352,655.266,473.15478515625,23.136032104492188
16353,655.306,472.3544006347656,22.669540405273438
16354,655.346,474.06634521484375,22.1132755279541
16355,655.386,480.16021728515625,13.910740852355957
16356,655.426,nan,nan
16357,655.466,nan,nan
16358,655.506,nan,nan
16359,655.546,nan,nan
16360,655.586,nan,nan
16361,655.626,nan,nan
16362,655.666,nan,nan
16363,655.706,nan,nan
16364,655.746,480.47955322265625,11.398534774780273
16365,655.787,479.41192626953125,24.585893630981445
16366,655.827,478.1996765136719,30.58841896057129
16367,655.867,479.371337890625,35.060420989990234
16368,655.907,479.5252685546875,35.542564392089844
16369,655.947,479.20611572265625,34.16163635253906
16370,655.987,479.92156982421875,32.223079681396484
16371,656.027,481.0141906738281,32.86128234863281
16372,656.067,485.7132568359375,35.423377990722656
16373,656.107,512.9691772460938,35.57077407836914
16374,656.147,513.2557983398438,35.95227813720703
16375,656.187,513.1024780273438,34.305938720703125
16376,656.227,513.9081420898438,30.30574607849121
16377,656.267,515.2289428710938,24.55992317199707
16378,656.307,516.8792114257812,22.25649642944336
16379,656.348,519.8963623046875,20.799205780029297
16380,656.388,521.5980834960938,21.15890121459961
16381,656.428,522.3946533203125,22.543479919433594
16382,656.468,521.8142700195312,24.281272888183594
16383,656.508,520.03466796875,27.50275421142578
16384,656.548,518.506103515625,27.41122055053711
16385,656.588,488.7453308105469,24.56224250793457
16386,656.628,412.256591796875,58.10578918457031
16387,656.668,412.3794860839844,56.92591094970703
16388,656.708,413.4674377441406,56.55405044555664
16389,656.748,408.45098876953125,58.34395217895508
16390,656.788,413.652587890625,58.77737808227539
16391,656.828,413.3628234863281,59.230499267578125
16392,656.868,414.1285705566406,58.775482177734375
16393,656.909,375.62890625,79.21472930908203
16394,656.949,379.4881286621094,84.53899383544922
16395,656.989,380.6188659667969,93.7286376953125
16396,657.029,378.7202453613281,98.52738952636719
16397,657.069,374.23529052734375,118.26519775390625
16398,657.109,418.95550537109375,96.62296295166016
16399,657.149,419.8287048339844,101.52876281738281
16400,657.189,421.5538024902344,104.61676025390625
16401,657.229,427.3504943847656,105.68004608154297
16402,657.269,429.13275146484375,102.38648223876953
16403,657.309,427.6181640625,101.25785827636719
16404,657.349,405.58148193359375,104.79961395263672
16405,657.389,408.8739318847656,109.10643005371094
16406,657.429,407.0072326660156,104.78709411621094
16407,657.47,409.29229736328125,104.39727783203125
16408,657.51,408.71966552734375,105.36495208740234
16409,657.55,409.06884765625,105.9601058959961
16410,657.59,408.2088928222656,103.49507904052734
16411,657.63,407.23150634765625,100.06038665771484
16412,657.67,413.6721496582031,94.19795227050781
16413,657.71,429.8916931152344,81.80712127685547
16414,657.75,430.8815612792969,67.20360565185547
16415,657.79,429.0414123535156,64.38783264160156
16416,657.83,428.87664794921875,63.70240783691406
16417,657.87,430.0653381347656,62.04795837402344
16418,657.91,435.19000244140625,62.142879486083984
16419,657.95,405.2093200683594,74.73462677001953
16420,657.99,399.435791015625,75.55421447753906
16421,658.031,399.1335754394531,78.55525207519531
16422,658.071,396.6728210449219,82.5023422241211
16423,658.111,392.0389404296875,88.89442443847656
16424,658.151,399.1223449707031,82.93771362304688
16425,658.191,403.0556945800781,80.22966003417969
16426,658.231,396.4837951660156,84.67839813232422
16427,658.271,396.3229675292969,83.51470184326172
16428,658.311,397.82171630859375,77.24880981445312
16429,658.351,401.27325439453125,71.26652526855469
16430,658.391,403.32489013671875,71.29165649414062
16431,658.431,403.3234558105469,70.82815551757812
16432,658.471,413.37725830078125,81.81526947021484
16433,658.511,407.4698486328125,146.1046142578125
16434,658.552,388.0661315917969,144.1597137451172
16435,658.592,432.8468933105469,85.15479278564453
16436,658.632,436.3548583984375,74.10285186767578
16437,658.672,435.7953186035156,77.41461181640625
16438,658.712,432.11077880859375,75.68489837646484
16439,658.752,429.5343322753906,81.32588195800781
16440,658.792,428.5657043457031,79.87663269042969
16441,658.832,429.0865783691406,84.96786499023438
16442,658.872,430.5701904296875,87.65447998046875
16443,658.912,425.5134582519531,92.30131530761719
16444,658.952,423.87921142578125,96.97114562988281
16445,658.992,423.9657897949219,92.56681823730469
16446,659.032,444.48797607421875,54.35805130004883
16447,659.072,439.6501770019531,50.69557571411133
16448,659.113,444.48382568359375,49.975830078125
16449,659.153,436.27001953125,40.76518630981445
16450,659.193,411.8812561035156,16.551218032836914
16451,659.233,409.1673278808594,14.647358894348145
16452,659.273,408.80010986328125,12.856870651245117
16453,659.313,407.8166198730469,10.709356307983398
16454,659.353,411.2237548828125,7.896440029144287
16455,659.393,411.1781311035156,6.722054481506348
16456,659.433,410.858154296875,5.966392993927002
16457,659.473,413.6813659667969,0.5094004273414612
16458,659.513,nan,nan
16459,659.553,nan,nan
16460,659.593,nan,nan
16461,659.633,nan,nan
16462,659.674,499.6027526855469,1.1637135744094849
16463,659.714,492.4898986816406,5.497934341430664
16464,659.754,nan,nan
16465,659.794,nan,nan
16466,659.834,448.01190185546875,2.874084949493408
16467,659.874,450.63128662109375,1.4916983842849731
16468,659.914,nan,nan
16469,659.954,nan,nan
16470,659.994,nan,nan
16471,660.034,nan,nan
16472,660.074,nan,nan
16473,660.114,nan,nan
16474,660.154,nan,nan
16475,660.194,nan,nan
16476,660.235,nan,nan
16477,660.275,nan,nan
16478,660.315,nan,nan
16479,660.355,nan,nan
16480,660.395,nan,nan
16481,660.435,nan,nan
16482,660.475,nan,nan
16483,660.515,nan,nan
16484,660.555,nan,nan
16485,660.595,nan,nan
16486,660.635,nan,nan
16487,660.675,nan,nan
16488,660.715,nan,nan
16489,660.755,nan,nan
16490,660.796,nan,nan
16491,660.836,nan,nan
16492,660.876,nan,nan
16493,660.916,nan,nan
16494,660.956,nan,nan
16495,660.996,nan,nan
16496,661.036,nan,nan
16497,661.076,nan,nan
16498,661.116,nan,nan
16499,661.156,nan,nan
16500,661.196,404.292236328125,9.519070625305176
16501,661.236,399.99603271484375,8.079763412475586
16502,661.276,399.1865539550781,8.6547269821167
16503,661.317,395.33551025390625,11.236145973205566
16504,661.357,393.9919128417969,14.757037162780762
16505,661.397,395.822265625,14.543550491333008
16506,661.437,398.946044921875,13.631608009338379
16507,661.477,402.6249084472656,9.652968406677246
16508,661.517,403.09490966796875,9.26260757446289
16509,661.557,401.8761901855469,10.071645736694336
16510,661.597,392.1378173828125,7.119688034057617
16511,661.637,389.5390625,5.697811603546143
16512,661.677,388.9842529296875,2.09147572517395
16513,661.717,391.5270080566406,4.420849800109863
16514,661.757,392.9962463378906,5.251636981964111
16515,661.797,393.4790344238281,6.777434825897217
16516,661.837,399.1607360839844,8.06915283203125
16517,661.878,412.05035400390625,18.596357345581055
16518,661.918,415.26690673828125,16.3492488861084
16519,661.958,414.92864990234375,14.681374549865723
16520,661.998,415.8146667480469,11.794401168823242
16521,662.038,417.4364318847656,7.330739974975586
16522,662.078,417.2802429199219,6.0879974365234375
16523,662.118,416.0528259277344,6.538057327270508
16524,662.158,411.8442077636719,7.45719575881958
16525,662.198,409.1683349609375,6.4136223793029785
16526,662.238,380.645751953125,27.031885147094727
16527,662.278,381.0845947265625,28.449687957763672
16528,662.318,381.7049865722656,28.08167266845703
16529,662.358,382.8007507324219,28.089111328125
16530,662.398,383.4001159667969,26.788013458251953
16531,662.439,384.3632507324219,27.712825775146484
16532,662.479,384.4891052246094,26.694669723510742
16533,662.519,390.689453125,24.868371963500977
16534,662.559,396.0487060546875,24.61203384399414
16535,662.599,397.2234191894531,26.64271354675293
16536,662.639,398.1285095214844,26.01485252380371
16537,662.679,397.8417663574219,26.852102279663086
16538,662.719,398.6341552734375,27.679079055786133
16539,662.759,400.6595153808594,27.605213165283203
16540,662.799,400.67449951171875,27.514665603637695
16541,662.839,394.3846130371094,31.641307830810547
16542,662.879,395.20379638671875,32.11555862426758
16543,662.919,407.1407775878906,22.197065353393555
16544,662.959,409.8183898925781,16.685707092285156
16545,663.0,409.6756896972656,16.118371963500977
16546,663.04,409.96697998046875,15.910972595214844
16547,663.08,413.5046081542969,17.061424255371094
16548,663.12,415.4519348144531,17.33907127380371
16549,663.16,418.9010009765625,18.08780860900879
16550,663.2,421.9294128417969,22.339921951293945
16551,663.24,422.7902526855469,24.904827117919922
16552,663.28,423.1570129394531,27.42092514038086
16553,663.32,423.62713623046875,28.1815242767334
16554,663.36,429.1414489746094,59.31288528442383
16555,663.4,422.8642883300781,75.91629791259766
16556,663.44,426.40728759765625,74.16568756103516
16557,663.48,425.3662109375,74.8006820678711
16558,663.521,424.9840087890625,71.88427734375
16559,663.561,421.3990173339844,69.36095428466797
16560,663.601,418.8056335449219,65.31159210205078
16561,663.641,413.7863464355469,63.79822540283203
16562,663.681,397.5881042480469,56.213504791259766
16563,663.721,375.9347839355469,58.39871597290039
16564,663.761,379.8792419433594,52.06709671020508
16565,663.801,381.4007568359375,39.514591217041016
16566,663.841,nan,nan
16567,663.881,nan,nan
16568,663.921,nan,nan
16569,663.961,nan,nan
16570,664.001,nan,nan
16571,664.041,nan,nan
16572,664.082,nan,nan
16573,664.122,nan,nan
16574,664.162,nan,nan
16575,664.202,nan,nan
16576,664.242,nan,nan
16577,664.282,nan,nan
16578,664.322,nan,nan
16579,664.362,nan,nan
16580,664.402,nan,nan
16581,664.442,nan,nan
16582,664.482,nan,nan
16583,664.522,nan,nan
16584,664.562,nan,nan
16585,664.602,nan,nan
16586,664.643,415.916259765625,40.87177276611328
16587,664.683,412.8525390625,44.413055419921875
16588,664.723,415.48370361328125,43.21845245361328
16589,664.763,415.7002258300781,46.14200973510742
16590,664.803,411.390625,46.69545364379883
16591,664.843,411.1235656738281,48.64958572387695
16592,664.883,408.775390625,47.91120910644531
16593,664.923,439.4853820800781,30.171541213989258
16594,664.963,449.5744934082031,26.89535903930664
16595,665.003,448.1909484863281,27.269739151000977
16596,665.043,446.78802490234375,27.08292007446289
16597,665.083,447.0577087402344,26.061914443969727
16598,665.123,449.510009765625,25.697704315185547
16599,665.163,447.8333740234375,24.31160545349121
16600,665.204,444.43170166015625,24.18962287902832
16601,665.244,444.06500244140625,22.994516372680664
16602,665.284,445.1138610839844,21.703615188598633
16603,665.324,443.5054016113281,18.076051712036133
16604,665.364,443.8920593261719,14.382594108581543
16605,665.404,431.60748291015625,25.096521377563477
16606,665.444,419.099853515625,36.90042495727539
16607,665.484,423.04656982421875,36.53059387207031
16608,665.524,419.4740295410156,38.09896469116211
16609,665.564,420.1007080078125,38.47002410888672
16610,665.604,419.01861572265625,38.27811050415039
16611,665.644,418.4100646972656,38.1830940246582
16612,665.684,413.9073486328125,38.7376594543457
16613,665.724,420.635986328125,41.59531021118164
16614,665.765,419.2481994628906,41.26756286621094
16615,665.805,416.5621337890625,31.720401763916016
16616,665.845,418.6908874511719,17.7069091796875
16617,665.885,419.525146484375,2.78407621383667
16618,665.925,nan,nan
16619,665.965,421.6399841308594,12.83659553527832
16620,666.005,419.9147644042969,21.69627571105957
16621,666.045,420.086181640625,28.866477966308594
16622,666.085,423.4280700683594,34.170536041259766
16623,666.125,421.9461364746094,37.073692321777344
16624,666.165,422.42578125,37.26612091064453
16625,666.205,421.4769287109375,36.35932159423828
16626,666.245,426.4398498535156,33.068363189697266
16627,666.286,436.16796875,33.638397216796875
16628,666.326,437.117431640625,33.24610137939453
16629,666.366,437.7388610839844,33.253570556640625
16630,666.406,438.210693359375,33.34565353393555
16631,666.446,437.56195068359375,31.711545944213867
16632,666.486,403.8945007324219,7.248165130615234
16633,666.526,400.88214111328125,6.544445514678955
16634,666.566,397.28399658203125,5.687464714050293
16635,666.606,393.0361633300781,6.307394504547119
16636,666.646,389.12860107421875,7.10693359375
16637,666.686,385.8140563964844,7.0065693855285645
16638,666.726,386.85552978515625,5.894364356994629
16639,666.766,389.8038330078125,4.224499225616455
16640,666.806,433.4143371582031,9.864733695983887
16641,666.847,519.65283203125,1.3514622449874878
16642,666.887,nan,nan
16643,666.927,nan,nan
16644,666.967,nan,nan
16645,667.007,nan,nan
16646,667.047,546.3165283203125,1.4728995561599731
16647,667.087,nan,nan
16648,667.127,nan,nan
16649,667.167,nan,nan
16650,667.207,nan,nan
16651,667.247,547.532958984375,0.5294468998908997
16652,667.287,484.22515869140625,22.584957122802734
16653,667.327,482.6973876953125,22.05776023864746
16654,667.367,477.9524841308594,23.51491355895996
16655,667.408,473.6933288574219,24.600757598876953
16656,667.448,466.1600341796875,25.494342803955078
16657,667.488,457.4797668457031,26.01346206665039
16658,667.528,453.2528076171875,25.910846710205078
16659,667.568,504.77728271484375,19.353227615356445
16660,667.608,501.8827819824219,21.244464874267578
16661,667.648,500.3288879394531,20.231582641601562
16662,667.688,491.6517639160156,17.63189125061035
16663,667.728,nan,nan
16664,667.768,nan,nan
16665,667.808,nan,nan
16666,667.848,nan,nan
16667,667.888,nan,nan
16668,667.928,nan,nan
16669,667.969,nan,nan
16670,668.009,nan,nan
16671,668.049,nan,nan
16672,668.089,nan,nan
16673,668.129,nan,nan
16674,668.169,nan,nan
16675,668.209,nan,nan
16676,668.249,nan,nan
16677,668.289,nan,nan
16678,668.329,nan,nan
16679,668.369,nan,nan
16680,668.409,nan,nan
16681,668.449,nan,nan
16682,668.489,nan,nan
16683,668.53,nan,nan
16684,668.57,nan,nan
16685,668.61,nan,nan
16686,668.65,nan,nan
16687,668.69,nan,nan
16688,668.73,nan,nan
16689,668.77,nan,nan
16690,668.81,nan,nan
16691,668.85,nan,nan
16692,668.89,nan,nan
16693,668.93,nan,nan
16694,668.97,nan,nan
16695,669.01,nan,nan
16696,669.051,nan,nan
16697,669.091,nan,nan
16698,669.131,nan,nan
16699,669.171,nan,nan
16700,669.211,nan,nan
16701,669.251,nan,nan
16702,669.291,nan,nan
16703,669.331,nan,nan
16704,669.371,nan,nan
16705,669.411,nan,nan
16706,669.451,nan,nan
16707,669.491,nan,nan
16708,669.531,nan,nan
16709,669.571,nan,nan
16710,669.612,nan,nan
16711,669.652,nan,nan
16712,669.692,nan,nan
16713,669.732,nan,nan
16714,669.772,nan,nan
16715,669.812,nan,nan
16716,669.852,nan,nan
16717,669.892,nan,nan
16718,669.932,nan,nan
16719,669.972,nan,nan
16720,670.012,410.3031921386719,0.8397703170776367
16721,670.052,408.7890930175781,4.056509971618652
16722,670.092,408.6788024902344,6.66234016418457
16723,670.132,407.9656982421875,9.752610206604004
16724,670.173,407.0590515136719,10.671693801879883
16725,670.213,405.2007141113281,11.794161796569824
16726,670.253,406.1187438964844,12.210776329040527
16727,670.293,416.15911865234375,42.67472457885742
16728,670.333,420.7303771972656,52.01311492919922
16729,670.373,419.9367980957031,53.95854187011719
16730,670.413,422.3793640136719,56.56272506713867
16731,670.453,426.2937316894531,60.35040283203125
16732,670.493,424.5511169433594,63.95664978027344
16733,670.533,423.3171691894531,65.91217041015625
16734,670.573,421.8191833496094,68.11283874511719
16735,670.613,418.47076416015625,68.87240600585938
16736,670.653,374.6885986328125,67.98899841308594
16737,670.693,375.3455810546875,66.0813217163086
16738,670.734,374.69622802734375,65.71891784667969
16739,670.774,370.8838195800781,67.6255111694336
16740,670.814,368.2164001464844,66.5982894897461
16741,670.854,368.4783020019531,64.14529418945312
16742,670.894,370.47332763671875,60.14830780029297
16743,670.934,361.1171569824219,30.426015853881836
16744,670.974,363.4523010253906,22.70472526550293
16745,671.014,364.82574462890625,19.799028396606445
16746,671.054,366.85443115234375,19.971620559692383
16747,671.094,366.11322021484375,20.716032028198242
16748,671.134,366.4139404296875,20.634191513061523
16749,671.174,366.5672912597656,20.26338005065918
16750,671.214,366.73370361328125,20.640941619873047
16751,671.254,354.3387451171875,14.79560661315918
16752,671.295,352.994140625,13.445204734802246
16753,671.335,354.3761901855469,12.245203018188477
16754,671.375,355.00177001953125,11.95006275177002
16755,671.415,357.8262023925781,11.597647666931152
16756,671.455,359.25836181640625,10.748006820678711
16757,671.495,360.47906494140625,9.27428150177002
16758,671.535,356.9792175292969,7.217372894287109
16759,671.575,355.8078308105469,5.405089855194092
16760,671.615,355.4622497558594,4.173271656036377
16761,671.655,354.67730712890625,4.068944931030273
16762,671.695,353.2440490722656,3.6836965084075928
16763,671.735,351.3132019042969,2.5542166233062744
16764,671.775,nan,nan
16765,671.816,376.06060791015625,42.45317077636719
16766,671.856,375.01239013671875,44.939632415771484
16767,671.896,378.2821350097656,50.51322555541992
16768,671.936,381.6401062011719,54.334632873535156
16769,671.976,379.9729309082031,54.905338287353516
16770,672.016,378.25213623046875,55.56663513183594
16771,672.056,377.80364990234375,57.319419860839844
16772,672.096,380.8220520019531,59.83334732055664
16773,672.136,381.84332275390625,62.629730224609375
16774,672.176,382.66107177734375,64.12056732177734
16775,672.216,383.4385681152344,70.07612609863281
16776,672.256,364.5556335449219,131.5872802734375
16777,672.296,363.0168762207031,129.64886474609375
16778,672.336,360.532470703125,129.38851928710938
16779,672.377,357.468017578125,134.2607421875
16780,672.417,372.4506530761719,124.26358032226562
16781,672.457,378.8818664550781,118.17294311523438
16782,672.497,403.6188659667969,83.10993194580078
16783,672.537,397.9666748046875,63.813350677490234
16784,672.577,399.2464904785156,46.508750915527344
16785,672.617,393.53656005859375,31.219995498657227
16786,672.657,399.1064758300781,27.598167419433594
16787,672.697,401.5074462890625,23.729427337646484
16788,672.737,401.603759765625,19.72038459777832
16789,672.777,405.306640625,10.801782608032227
16790,672.817,405.1373596191406,8.99848461151123
16791,672.857,403.4356689453125,8.964712142944336
16792,672.897,401.9907531738281,8.695659637451172
16793,672.938,402.5644226074219,5.814213752746582
16794,672.978,401.5665283203125,3.294520378112793
16795,673.018,399.9477233886719,0.48643675446510315
16796,673.058,nan,nan
16797,673.098,nan,nan
16798,673.138,nan,nan
16799,673.178,nan,nan
16800,673.218,nan,nan
16801,673.258,nan,nan
16802,673.298,nan,nan
16803,673.338,nan,nan
16804,673.378,nan,nan
16805,673.418,nan,nan
16806,673.458,nan,nan
16807,673.499,nan,nan
16808,673.539,nan,nan
16809,673.579,nan,nan
16810,673.619,nan,nan
16811,673.659,nan,nan
16812,673.699,nan,nan
16813,673.739,nan,nan
16814,673.779,nan,nan
16815,673.819,nan,nan
16816,673.859,nan,nan
16817,673.899,nan,nan
16818,673.939,nan,nan
16819,673.979,nan,nan
16820,674.019,nan,nan
16821,674.06,nan,nan
16822,674.1,nan,nan
16823,674.14,nan,nan
16824,674.18,nan,nan
16825,674.22,nan,nan
16826,674.26,nan,nan
16827,674.3,nan,nan
16828,674.34,nan,nan
16829,674.38,nan,nan
16830,674.42,nan,nan
16831,674.46,nan,nan
16832,674.5,nan,nan
16833,674.54,nan,nan
16834,674.581,nan,nan
16835,674.621,nan,nan
16836,674.661,nan,nan
16837,674.701,nan,nan
16838,674.741,nan,nan
16839,674.781,nan,nan
16840,674.821,497.6628112792969,35.02907943725586
16841,674.861,495.4197692871094,38.809471130371094
16842,674.901,495.1697082519531,42.271385192871094
16843,674.941,494.717529296875,43.512020111083984
16844,674.981,493.9788513183594,43.97776794433594
16845,675.021,474.9269104003906,44.1725959777832
16846,675.061,473.3687438964844,44.103294372558594
16847,675.101,472.009521484375,45.665863037109375
16848,675.142,471.0934753417969,45.20943832397461
16849,675.182,470.46484375,45.94111633300781
16850,675.222,466.498779296875,45.10700607299805
16851,675.262,467.19537353515625,44.6497802734375
16852,675.302,466.4139709472656,43.62172317504883
16853,675.342,466.58416748046875,43.8144416809082
16854,675.382,467.5081787109375,45.34946060180664
16855,675.422,469.9422912597656,45.84742736816406
16856,675.462,470.4683837890625,45.669212341308594
16857,675.502,468.55157470703125,43.08882141113281
16858,675.542,469.1851806640625,42.626548767089844
16859,675.582,472.1570739746094,40.79653549194336
16860,675.622,496.3344421386719,38.46900177001953
16861,675.662,496.5833740234375,36.45561218261719
16862,675.703,497.53509521484375,36.610931396484375
16863,675.743,497.6597595214844,35.60794448852539
16864,675.783,495.5254821777344,35.14167404174805
16865,675.823,494.5713195800781,33.85760498046875
16866,675.863,494.8608703613281,33.303192138671875
16867,675.903,494.0853576660156,32.555110931396484
16868,675.943,493.7632141113281,31.629287719726562
16869,675.983,494.2048034667969,30.988149642944336
16870,676.023,494.9786071777344,30.620126724243164
16871,676.063,461.6688537597656,1.652805209159851
16872,676.103,466.71844482421875,15.656893730163574
16873,676.143,467.1076965332031,12.199297904968262
16874,676.183,466.4566650390625,11.06329345703125
16875,676.223,465.0447082519531,9.664124488830566
16876,676.264,464.8930358886719,10.291950225830078
16877,676.304,466.4602966308594,12.435639381408691
16878,676.344,467.4181823730469,13.926230430603027
16879,676.384,469.1528015136719,15.696064949035645
16880,676.424,471.3451843261719,17.92533302307129
16881,676.464,474.0047302246094,20.268056869506836
16882,676.504,469.6969299316406,18.136293411254883
16883,676.544,502.4402770996094,25.52975845336914
16884,676.584,503.82073974609375,31.58644676208496
16885,676.624,501.1998596191406,36.25090408325195
16886,676.664,504.3349914550781,35.807106018066406
16887,676.704,505.45733642578125,34.82106399536133
16888,676.744,502.2774658203125,46.38600158691406
16889,676.785,497.7618103027344,50.02972412109375
16890,676.825,494.1430969238281,54.450531005859375
16891,676.865,490.4837341308594,27.58625602722168
16892,676.905,488.7544250488281,26.99210548400879
16893,676.945,508.6689453125,17.246623992919922
16894,676.985,526.6732177734375,8.094478607177734
16895,677.025,463.5472717285156,32.47097396850586
16896,677.065,455.6568603515625,36.44607162475586
16897,677.105,468.0693054199219,46.89524459838867
16898,677.145,479.54852294921875,49.91938018798828
16899,677.185,486.9384765625,52.390010833740234
16900,677.225,490.69403076171875,51.44209289550781
16901,677.265,489.93701171875,51.06234359741211
16902,677.305,492.3553771972656,50.59983825683594
16903,677.346,493.4267883300781,48.96040344238281
16904,677.386,495.9767150878906,46.75510787963867
16905,677.426,499.0247802734375,44.92254638671875
16906,677.466,502.990478515625,44.91360855102539
16907,677.506,506.8283386230469,45.39889907836914
16908,677.546,578.7855224609375,41.05049514770508
16909,677.586,562.41357421875,48.35927963256836
16910,677.626,569.3517456054688,37.870548248291016
16911,677.666,549.3899536132812,41.82500457763672
16912,677.706,536.4478759765625,25.510608673095703
16913,677.746,527.4434814453125,18.439992904663086
16914,677.786,533.8800048828125,18.858423233032227
16915,677.826,nan,nan
16916,677.866,522.1051635742188,21.390811920166016
16917,677.907,514.4029541015625,33.187232971191406
16918,677.947,514.2451171875,31.781492233276367
16919,677.987,516.0841674804688,19.964927673339844
16920,678.027,518.0969848632812,13.23180866241455
16921,678.067,515.7304077148438,25.196664810180664
16922,678.107,514.97607421875,26.9272403717041
16923,678.147,nan,nan
16924,678.187,nan,nan
16925,678.227,nan,nan
16926,678.267,522.7762451171875,9.393522262573242
16927,678.307,527.3939208984375,12.23832893371582
16928,678.347,533.807861328125,23.009424209594727
16929,678.387,533.971435546875,22.076196670532227
16930,678.427,533.6762084960938,22.154218673706055
16931,678.468,nan,nan
16932,678.508,nan,nan
16933,678.548,nan,nan
16934,678.588,nan,nan
16935,678.628,nan,nan
16936,678.668,nan,nan
16937,678.708,nan,nan
16938,678.748,nan,nan
16939,678.788,nan,nan
16940,678.828,nan,nan
16941,678.868,nan,nan
16942,678.908,nan,nan
16943,678.948,nan,nan
16944,678.988,nan,nan
16945,679.029,nan,nan
16946,679.069,nan,nan
16947,679.109,nan,nan
16948,679.149,nan,nan
16949,679.189,nan,nan
16950,679.229,nan,nan
16951,679.269,nan,nan
16952,679.309,nan,nan
16953,679.349,nan,nan
16954,679.389,nan,nan
16955,679.429,nan,nan
16956,679.469,nan,nan
16957,679.509,nan,nan
16958,679.55,nan,nan
16959,679.59,nan,nan
16960,679.63,nan,nan
16961,679.67,nan,nan
16962,679.71,nan,nan
16963,679.75,nan,nan
16964,679.79,nan,nan
16965,679.83,nan,nan
16966,679.87,nan,nan
16967,679.91,nan,nan
16968,679.95,nan,nan
16969,679.99,nan,nan
16970,680.03,nan,nan
16971,680.07,nan,nan
16972,680.111,nan,nan
16973,680.151,nan,nan
16974,680.191,nan,nan
16975,680.231,nan,nan
16976,680.271,nan,nan
16977,680.311,nan,nan
16978,680.351,nan,nan
16979,680.391,nan,nan
16980,680.431,nan,nan
16981,680.471,nan,nan
16982,680.511,nan,nan
16983,680.551,nan,nan
16984,680.591,nan,nan
16985,680.631,nan,nan
16986,680.672,nan,nan
16987,680.712,nan,nan
16988,680.752,nan,nan
16989,680.792,nan,nan
16990,680.832,nan,nan
16991,680.872,nan,nan
16992,680.912,nan,nan
16993,680.952,nan,nan
16994,680.992,nan,nan
16995,681.032,nan,nan
16996,681.072,nan,nan
16997,681.112,nan,nan
16998,681.152,nan,nan
16999,681.192,nan,nan
17000,681.233,nan,nan
17001,681.273,nan,nan
17002,681.313,nan,nan
17003,681.353,nan,nan
17004,681.393,nan,nan
17005,681.433,nan,nan
17006,681.473,nan,nan
17007,681.513,nan,nan
17008,681.553,nan,nan
17009,681.593,nan,nan
17010,681.633,nan,nan
17011,681.673,nan,nan
17012,681.713,nan,nan
17013,681.753,nan,nan
17014,681.794,nan,nan
17015,681.834,nan,nan
17016,681.874,nan,nan
17017,681.914,nan,nan
17018,681.954,nan,nan
17019,681.994,nan,nan
17020,682.034,nan,nan
17021,682.074,nan,nan
17022,682.114,nan,nan
17023,682.154,471.8598937988281,7.367022514343262
17024,682.194,482.8975524902344,8.16610336303711
17025,682.234,484.128173828125,18.870954513549805
17026,682.274,486.3957214355469,23.372474670410156
17027,682.315,487.1938171386719,24.85889434814453
17028,682.355,nan,nan
17029,682.395,nan,nan
17030,682.435,nan,nan
17031,682.475,nan,nan
17032,682.515,nan,nan
17033,682.555,nan,nan
17034,682.595,nan,nan
17035,682.635,501.2831726074219,13.320978164672852
17036,682.675,nan,nan
17037,682.715,nan,nan
17038,682.755,nan,nan
17039,682.795,nan,nan
17040,682.835,nan,nan
17041,682.876,nan,nan
17042,682.916,nan,nan
17043,682.956,nan,nan
17044,682.996,nan,nan
17045,683.036,nan,nan
17046,683.076,nan,nan
17047,683.116,486.4938049316406,0.05164603516459465
17048,683.156,487.2731018066406,2.1063554286956787
17049,683.196,488.5361633300781,4.248534679412842
17050,683.236,488.2680358886719,6.374382972717285
17051,683.276,487.5279541015625,8.119284629821777
17052,683.316,466.9457092285156,11.33182430267334
17053,683.356,467.69683837890625,11.521846771240234
17054,683.396,466.7716064453125,11.160426139831543
17055,683.437,477.56622314453125,13.46940803527832
17056,683.477,479.74969482421875,13.267578125
17057,683.517,479.9109802246094,12.723461151123047
17058,683.557,471.3631896972656,7.145678520202637
17059,683.597,nan,nan
17060,683.637,nan,nan
17061,683.677,nan,nan
17062,683.717,466.3167724609375,0.6709532737731934
17063,683.757,410.5259094238281,56.374107360839844
17064,683.797,412.28466796875,59.048763275146484
17065,683.837,411.69781494140625,60.817405700683594
17066,683.877,413.4511413574219,63.680198669433594
17067,683.917,416.6842956542969,63.24203872680664
17068,683.957,418.06439208984375,61.58306884765625
17069,683.998,418.0516357421875,58.50472640991211
17070,684.038,378.76483154296875,23.364612579345703
17071,684.078,380.7491455078125,20.69923973083496
17072,684.118,449.3824157714844,31.39280891418457
17073,684.158,452.52996826171875,11.151185989379883
17074,684.198,450.56878662109375,12.69660758972168
17075,684.238,nan,nan
17076,684.278,nan,nan
17077,684.318,nan,nan
17078,684.358,472.89251708984375,0.5890025496482849
17079,684.398,472.3957214355469,5.329832077026367
17080,684.438,472.2542724609375,7.016676902770996
17081,684.478,471.78521728515625,6.918356895446777
17082,684.518,472.2434387207031,7.109252452850342
17083,684.559,472.57611083984375,6.099856376647949
17084,684.599,470.5568542480469,5.8957366943359375
17085,684.639,467.90869140625,5.604536533355713
17086,684.679,nan,nan
17087,684.719,nan,nan
17088,684.759,nan,nan
17089,684.799,nan,nan
17090,684.839,nan,nan
17091,684.879,nan,nan
17092,684.919,nan,nan
17093,684.959,nan,nan
17094,684.999,nan,nan
17095,685.039,nan,nan
17096,685.08,nan,nan
17097,685.12,nan,nan
17098,685.16,nan,nan
17099,685.2,nan,nan
17100,685.24,nan,nan
17101,685.28,nan,nan
17102,685.32,nan,nan
17103,685.36,nan,nan
17104,685.4,nan,nan
17105,685.44,nan,nan
17106,685.48,nan,nan
17107,685.52,nan,nan
17108,685.56,nan,nan
17109,685.6,nan,nan
17110,685.641,nan,nan
17111,685.681,nan,nan
17112,685.721,nan,nan
17113,685.761,nan,nan
17114,685.801,nan,nan
17115,685.841,nan,nan
17116,685.881,nan,nan
17117,685.921,nan,nan
17118,685.961,nan,nan
17119,686.001,nan,nan
17120,686.041,nan,nan
17121,686.081,nan,nan
17122,686.121,nan,nan
17123,686.161,nan,nan
17124,686.202,nan,nan
17125,686.242,nan,nan
17126,686.282,nan,nan
17127,686.322,nan,nan
17128,686.362,nan,nan
17129,686.402,nan,nan
17130,686.442,nan,nan
17131,686.482,nan,nan
17132,686.522,nan,nan
17133,686.562,nan,nan
17134,686.602,nan,nan
17135,686.642,nan,nan
17136,686.682,nan,nan
17137,686.722,nan,nan
17138,686.763,nan,nan
17139,686.803,nan,nan
17140,686.843,nan,nan
17141,686.883,nan,nan
17142,686.923,nan,nan
17143,686.963,nan,nan
17144,687.003,nan,nan
17145,687.043,nan,nan
17146,687.083,nan,nan
17147,687.123,nan,nan
17148,687.163,nan,nan
17149,687.203,nan,nan
17150,687.243,nan,nan
17151,687.283,nan,nan
17152,687.324,nan,nan
17153,687.364,nan,nan
17154,687.404,nan,nan
17155,687.444,nan,nan
17156,687.484,nan,nan
17157,687.524,nan,nan
17158,687.564,nan,nan
17159,687.604,nan,nan
17160,687.644,nan,nan
17161,687.684,nan,nan
17162,687.724,nan,nan
17163,687.764,nan,nan
17164,687.804,nan,nan
17165,687.845,nan,nan
17166,687.885,nan,nan
17167,687.925,nan,nan
17168,687.965,nan,nan
17169,688.005,nan,nan
17170,688.045,nan,nan
17171,688.085,nan,nan
17172,688.125,nan,nan
17173,688.165,nan,nan
17174,688.205,nan,nan
17175,688.245,nan,nan
17176,688.285,nan,nan
17177,688.325,nan,nan
17178,688.365,nan,nan
17179,688.406,nan,nan
17180,688.446,nan,nan
17181,688.486,nan,nan
17182,688.526,nan,nan
17183,688.566,nan,nan
17184,688.606,nan,nan
17185,688.646,nan,nan
17186,688.686,nan,nan
17187,688.726,nan,nan
17188,688.766,nan,nan
17189,688.806,nan,nan
17190,688.846,nan,nan
17191,688.886,nan,nan
17192,688.926,nan,nan
17193,688.967,nan,nan
17194,689.007,nan,nan
17195,689.047,nan,nan
17196,689.087,nan,nan
17197,689.127,nan,nan
17198,689.167,nan,nan
17199,689.207,nan,nan
17200,689.247,nan,nan
17201,689.287,nan,nan
17202,689.327,nan,nan
17203,689.367,nan,nan
17204,689.407,nan,nan
17205,689.447,nan,nan
17206,689.487,nan,nan
17207,689.528,nan,nan
17208,689.568,nan,nan
17209,689.608,nan,nan
17210,689.648,nan,nan
17211,689.688,nan,nan
17212,689.728,nan,nan
17213,689.768,nan,nan
17214,689.808,nan,nan
17215,689.848,386.7485046386719,1.6255251169204712
17216,689.888,389.16644287109375,10.180388450622559
17217,689.928,nan,nan
17218,689.968,nan,nan
17219,690.008,354.3849182128906,9.911904335021973
17220,690.048,356.6090087890625,6.742391109466553
17221,690.089,361.2561340332031,36.33494186401367
17222,690.129,368.4972229003906,57.78227615356445
17223,690.169,366.4394226074219,65.89328002929688
17224,690.209,339.7445373535156,84.80008697509766
17225,690.249,504.1351623535156,180.72666931152344
17226,690.289,508.9767150878906,180.59298706054688
17227,690.329,520.8091430664062,181.96795654296875
17228,690.369,524.8526611328125,188.6758575439453
17229,690.409,530.4606323242188,199.77650451660156
17230,690.449,529.7847290039062,204.71473693847656
17231,690.489,531.534423828125,204.31658935546875
17232,690.529,529.7649536132812,205.32351684570312
17233,690.569,510.4232177734375,180.32957458496094
17234,690.61,510.49334716796875,238.6883544921875
17235,690.65,554.2014770507812,238.50462341308594
17236,690.69,533.0389404296875,249.94345092773438
17237,690.73,533.6542358398438,260.4935607910156
17238,690.77,531.4953002929688,266.33221435546875
17239,690.81,528.6907958984375,258.8574523925781
17240,690.85,544.205322265625,242.34410095214844
17241,690.89,556.8141479492188,214.84857177734375
17242,690.93,571.0874633789062,203.91529846191406
17243,690.97,572.8057861328125,199.14866638183594
17244,691.01,573.8851928710938,193.115966796875
17245,691.05,574.9893798828125,189.70962524414062
17246,691.09,574.3167114257812,186.27011108398438
17247,691.13,572.3789672851562,183.26235961914062
17248,691.171,571.402587890625,180.1387176513672
17249,691.211,555.1528930664062,174.94224548339844
17250,691.251,542.5361938476562,168.2174835205078
17251,691.291,547.4910278320312,167.74195861816406
17252,691.331,546.7974243164062,164.98236083984375
17253,691.371,547.3280029296875,161.70008850097656
17254,691.411,553.8810424804688,141.65618896484375
17255,691.451,551.037109375,145.00595092773438
17256,691.491,551.4085693359375,141.99371337890625
17257,691.531,549.5626220703125,146.27978515625
17258,691.571,549.3074340820312,144.21055603027344
17259,691.611,548.547607421875,143.07955932617188
17260,691.651,550.02783203125,141.07620239257812
17261,691.691,549.8458862304688,140.8280029296875
17262,691.732,555.9603271484375,145.49441528320312
17263,691.772,556.2709350585938,141.2605438232422
17264,691.812,557.2724609375,141.31910705566406
17265,691.852,555.913818359375,140.25784301757812
17266,691.892,554.8470458984375,140.996826171875
17267,691.932,563.0128784179688,151.82266235351562
17268,691.972,557.1862182617188,145.02383422851562
17269,692.012,556.1218872070312,148.017578125
17270,692.052,558.2001953125,149.89459228515625
17271,692.092,557.0353393554688,154.77468872070312
17272,692.132,556.1077880859375,159.80816650390625
17273,692.172,557.4854736328125,162.16294860839844
17274,692.212,560.2415771484375,162.12991333007812
17275,692.252,561.7511596679688,162.15586853027344
17276,692.293,563.0905151367188,160.51527404785156
17277,692.333,566.0470581054688,157.45571899414062
17278,692.373,574.3167114257812,168.26687622070312
17279,692.413,575.6763916015625,169.6508331298828
17280,692.453,577.1603393554688,173.131591796875
17281,692.493,576.4610595703125,174.931640625
17282,692.533,570.6390380859375,176.44091796875
17283,692.573,573.9136962890625,182.5304718017578
17284,692.613,580.1372680664062,198.5288848876953
17285,692.653,580.7601928710938,197.5070343017578
17286,692.693,580.455078125,197.87257385253906
17287,692.733,578.6338500976562,197.86776733398438
17288,692.773,578.5929565429688,197.42816162109375
17289,692.814,579.8170776367188,197.4532928466797
17290,692.854,580.2976684570312,198.32785034179688
17291,692.894,581.3704223632812,198.5538330078125
17292,692.934,582.1146850585938,198.15298461914062
17293,692.974,583.6724853515625,197.74168395996094
17294,693.014,617.3087768554688,212.91062927246094
17295,693.054,618.767822265625,207.6404266357422
17296,693.094,619.3320922851562,203.84246826171875
17297,693.134,619.8513793945312,203.80909729003906
17298,693.174,621.6849975585938,202.57623291015625
17299,693.214,622.23681640625,201.572509765625
17300,693.254,623.1430053710938,199.8367156982422
17301,693.294,638.549072265625,183.9827117919922
17302,693.334,651.9276123046875,175.0670166015625
17303,693.375,653.783447265625,174.83627319335938
17304,693.415,654.2655639648438,174.7180633544922
17305,693.455,654.650146484375,173.28125
17306,693.495,655.42138671875,172.26171875
17307,693.535,657.2244262695312,172.04696655273438
17308,693.575,657.2770385742188,171.636962890625
17309,693.615,655.6547241210938,170.03109741210938
17310,693.655,656.2469482421875,169.08982849121094
17311,693.695,655.279296875,167.9185028076172
17312,693.735,656.1841430664062,167.21395874023438
17313,693.775,653.810302734375,166.1781005859375
17314,693.815,653.6348266601562,165.99349975585938
17315,693.855,655.1934204101562,166.09994506835938
17316,693.895,653.9450073242188,165.8080596923828
17317,693.936,652.7444458007812,165.6684112548828
17318,693.976,653.7583618164062,165.18777465820312
17319,694.016,654.3445434570312,163.73672485351562
17320,694.056,654.5195922851562,163.90927124023438
17321,694.096,655.666259765625,161.82275390625
17322,694.136,656.2774658203125,161.0740203857422
17323,694.176,644.8048095703125,154.0472412109375
17324,694.216,642.8281860351562,151.13516235351562
17325,694.256,634.0505981445312,147.75323486328125
17326,694.296,632.4295043945312,146.4013214111328
17327,694.336,631.02099609375,146.37466430664062
17328,694.376,596.8214111328125,147.29367065429688
17329,694.416,580.977783203125,145.90643310546875
17330,694.456,579.1771850585938,146.02381896972656
17331,694.497,579.9359741210938,146.5964813232422
17332,694.537,581.1530151367188,146.2681427001953
17333,694.577,581.927490234375,146.49588012695312
17334,694.617,610.0335083007812,152.30795288085938
17335,694.657,622.96044921875,150.7144012451172
17336,694.697,623.3046875,152.05149841308594
17337,694.737,623.7913818359375,152.74337768554688
17338,694.777,622.9989013671875,151.9059295654297
17339,694.817,623.7459106445312,151.59475708007812
17340,694.857,623.4336547851562,151.25344848632812
17341,694.897,624.0460205078125,151.0491943359375
17342,694.937,606.4004516601562,170.78941345214844
17343,694.977,603.8465576171875,170.77352905273438
17344,695.017,604.7327880859375,171.0011749267578
17345,695.058,605.6622314453125,170.8676300048828
17346,695.098,611.5029296875,170.87110900878906
17347,695.138,613.4877319335938,170.76126098632812
17348,695.178,612.7230224609375,176.2559051513672
17349,695.218,615.0795288085938,145.6660919189453
17350,695.258,612.7792358398438,146.21417236328125
17351,695.298,612.7448120117188,146.5689697265625
17352,695.338,612.7982788085938,146.82408142089844
17353,695.378,612.1751708984375,147.5467071533203
17354,695.418,608.9761962890625,146.0648651123047
17355,695.458,607.3805541992188,144.9111328125
17356,695.498,608.2109375,143.09475708007812
17357,695.538,591.568359375,128.44271850585938
17358,695.579,586.6556396484375,118.55219268798828
17359,695.619,585.3740234375,116.69747924804688
17360,695.659,585.0087280273438,116.022705078125
17361,695.699,586.5189819335938,114.6287612915039
17362,695.739,589.619140625,117.57203674316406
17363,695.779,590.2282104492188,92.90863800048828
17364,695.819,578.9047241210938,77.73854064941406
17365,695.859,562.8306274414062,64.95768737792969
17366,695.899,580.3273315429688,79.15034484863281
17367,695.939,589.742919921875,73.75860595703125
17368,695.979,591.2130126953125,71.72914123535156
17369,696.019,612.7476806640625,61.00457763671875
17370,696.059,609.8358764648438,62.69293975830078
17371,696.099,625.46142578125,59.13278579711914
17372,696.14,629.9960327148438,63.83750915527344
17373,696.18,579.655517578125,76.05595397949219
17374,696.22,585.5614013671875,78.29119110107422
17375,696.26,581.39404296875,135.51995849609375
17376,696.3,579.9039916992188,135.634033203125
17377,696.34,585.11767578125,135.27639770507812
17378,696.38,585.1424560546875,136.15235900878906
17379,696.42,586.767578125,133.89776611328125
17380,696.46,579.9210205078125,132.11607360839844
17381,696.5,572.5415649414062,115.05475616455078
17382,696.54,573.0692749023438,113.75894927978516
17383,696.58,574.310302734375,108.07011413574219
17384,696.62,574.0767211914062,110.04646301269531
17385,696.66,573.9432373046875,111.02149200439453
17386,696.701,570.5947265625,116.08330535888672
17387,696.741,569.4744873046875,119.15534210205078
17388,696.781,567.8284301757812,120.52032470703125
17389,696.821,566.2664184570312,118.5295181274414
17390,696.861,567.0883178710938,115.5013656616211
17391,696.901,564.8257446289062,115.9620590209961
17392,696.941,562.865234375,116.335693359375
17393,696.981,552.4715576171875,111.61548614501953
17394,697.021,551.0548095703125,109.76373291015625
17395,697.061,549.3758544921875,108.97838592529297
17396,697.101,548.6359252929688,109.71315002441406
17397,697.141,583.706787109375,117.07357788085938
17398,697.181,568.18310546875,116.58010864257812
17399,697.221,568.3211059570312,116.21470642089844
17400,697.262,577.0057983398438,116.26515197753906
17401,697.302,593.28173828125,118.11683654785156
17402,697.342,575.9393920898438,115.37664031982422
17403,697.382,569.7898559570312,119.89512634277344
17404,697.422,567.57763671875,121.89421844482422
17405,697.462,565.13427734375,121.62718963623047
17406,697.502,565.120361328125,116.40989685058594
17407,697.542,564.9373168945312,114.74844360351562
17408,697.582,564.48876953125,114.673828125
17409,697.622,564.0094604492188,114.97966003417969
17410,697.662,564.3432006835938,115.9903564453125
17411,697.702,563.805419921875,117.67662048339844
17412,697.742,564.0980224609375,117.58320617675781
17413,697.782,564.6619873046875,116.43219757080078
17414,697.823,565.4034423828125,115.33300018310547
17415,697.863,565.1002197265625,115.17748260498047
17416,697.903,565.5590209960938,115.48479461669922
17417,697.943,567.1898803710938,114.37738800048828
17418,697.983,567.1398315429688,116.9828109741211
17419,698.023,551.603759765625,138.63833618164062
17420,698.063,550.5721435546875,138.77322387695312
17421,698.103,549.5173950195312,139.60775756835938
17422,698.143,549.39404296875,140.74462890625
17423,698.183,550.6592407226562,142.95974731445312
17424,698.223,550.6076049804688,147.49501037597656
17425,698.263,552.7699584960938,149.32542419433594
17426,698.303,553.738525390625,151.19960021972656
17427,698.344,553.4025268554688,150.70703125
17428,698.384,555.560791015625,151.2857666015625
17429,698.424,571.74609375,205.44996643066406
17430,698.464,572.5257568359375,217.1325225830078
17431,698.504,571.1647338867188,217.09970092773438
17432,698.544,584.0889282226562,207.85707092285156
17433,698.584,575.2471313476562,215.5908966064453
17434,698.624,568.6533813476562,208.99581909179688
17435,698.664,563.3325805664062,196.0794219970703
17436,698.704,560.4705200195312,192.9337158203125
17437,698.744,558.199951171875,188.07852172851562
17438,698.784,509.025146484375,168.06634521484375
17439,698.824,511.862548828125,166.6781005859375
17440,698.864,510.6068420410156,163.35958862304688
17441,698.905,511.52508544921875,159.9075927734375
17442,698.945,511.1233825683594,160.08480834960938
17443,698.985,514.1038818359375,160.72940063476562
17444,699.025,502.01617431640625,153.1083221435547
17445,699.065,503.1853942871094,151.5269775390625
17446,699.105,502.3564147949219,149.39297485351562
17447,699.145,504.4828186035156,150.13584899902344
17448,699.185,503.2385559082031,151.16964721679688
17449,699.225,501.8653869628906,151.7540283203125
17450,699.265,495.83758544921875,138.6763458251953
17451,699.305,492.6148986816406,137.32540893554688
17452,699.345,492.8923645019531,136.24957275390625
17453,699.385,495.1003723144531,136.46827697753906
17454,699.425,499.25396728515625,136.43515014648438
17455,699.466,508.7573547363281,138.88038635253906
17456,699.506,509.0483703613281,139.48007202148438
17457,699.546,509.0964050292969,141.05174255371094
17458,699.586,508.4936828613281,141.61474609375
17459,699.626,509.2381591796875,140.86627197265625
17460,699.666,509.8155212402344,139.45272827148438
17461,699.706,537.797607421875,178.7745361328125
17462,699.746,547.0375366210938,185.8594970703125
17463,699.786,550.0211791992188,186.34359741210938
17464,699.826,552.3307495117188,186.5185089111328
17465,699.866,551.671875,184.9698028564453
17466,699.906,551.3348388671875,183.13372802734375
17467,699.946,551.1710815429688,181.99554443359375
17468,699.986,550.3781127929688,180.9762725830078
17469,700.027,550.1962280273438,179.92295837402344
17470,700.067,551.8400268554688,178.97091674804688
17471,700.107,552.7266845703125,177.955322265625
17472,700.147,553.6455078125,177.56871032714844
17473,700.187,553.9580688476562,178.07586669921875
17474,700.227,553.4891967773438,177.39730834960938
17475,700.267,553.4526977539062,176.25918579101562
17476,700.307,553.7620239257812,176.1453094482422
17477,700.347,620.0875854492188,137.8737030029297
17478,700.387,640.698486328125,134.22845458984375
17479,700.427,642.0941162109375,135.2696533203125
17480,700.467,641.6484375,134.88555908203125
17481,700.507,637.5252075195312,132.78416442871094
17482,700.547,638.3015747070312,119.61465454101562
17483,700.588,614.9008178710938,122.1366958618164
17484,700.628,630.5938720703125,124.66475677490234
17485,700.668,630.2303466796875,125.81039428710938
17486,700.708,634.5582885742188,126.03636932373047
17487,700.748,633.0001220703125,126.481689453125
17488,700.788,631.9840087890625,128.37448120117188
17489,700.828,631.4646606445312,117.67346954345703
17490,700.868,630.8120727539062,116.26713562011719
17491,700.908,675.5100708007812,120.69708251953125
17492,700.948,645.745849609375,118.66641998291016
17493,700.988,646.5785522460938,111.02999114990234
17494,701.028,668.7005004882812,87.58733367919922
17495,701.068,643.4586181640625,122.15760803222656
17496,701.109,637.295166015625,102.93519592285156
17497,701.149,636.9918823242188,112.35078430175781
17498,701.189,637.9307861328125,112.4119873046875
17499,701.229,638.6436157226562,105.95068359375
17500,701.269,637.8932495117188,101.96450805664062
17501,701.309,637.927978515625,98.6884994506836
17502,701.349,637.7039184570312,96.5263442993164
17503,701.389,637.7476196289062,97.44410705566406
17504,701.429,637.5982055664062,98.08312225341797
17505,701.469,637.6363525390625,98.95854187011719
17506,701.509,637.9808959960938,105.02836608886719
17507,701.549,650.201171875,126.55902099609375
17508,701.589,651.984619140625,128.59226989746094
17509,701.629,653.6976318359375,128.24600219726562
17510,701.67,653.6849365234375,127.89031219482422
17511,701.71,654.6005249023438,127.59441375732422
17512,701.75,655.6925048828125,127.51917266845703
17513,701.79,648.3977661132812,140.28262329101562
17514,701.83,635.9618530273438,149.5810546875
17515,701.87,632.431640625,151.24920654296875
17516,701.91,630.046875,154.2936553955078
17517,701.95,633.634033203125,155.98452758789062
17518,701.99,635.7354736328125,157.57089233398438
17519,702.03,638.2490844726562,158.611083984375
17520,702.07,639.706787109375,160.31466674804688
17521,702.11,637.8560180664062,162.78466796875
17522,702.15,638.19677734375,165.88607788085938
17523,702.19,638.870849609375,167.03794860839844
17524,702.231,639.5219116210938,168.24447631835938
17525,702.271,645.8342895507812,166.62547302246094
17526,702.311,649.5348510742188,165.84303283691406
17527,702.351,653.4390869140625,164.76161193847656
17528,702.391,645.0264282226562,164.96363830566406
17529,702.431,644.0922241210938,165.3606414794922
17530,702.471,641.2777099609375,165.0579833984375
17531,702.511,644.7979125976562,163.83131408691406
17532,702.551,646.889404296875,161.08523559570312
17533,702.591,648.855712890625,163.43820190429688
17534,702.631,649.61279296875,162.77720642089844
17535,702.671,648.6597900390625,161.69529724121094
17536,702.711,647.906982421875,159.68360900878906
17537,702.751,650.17236328125,156.72731018066406
17538,702.792,653.4036865234375,156.13619995117188
17539,702.832,644.0245361328125,160.114013671875
17540,702.872,666.2763671875,135.35848999023438
17541,702.912,673.373046875,126.15339660644531
17542,702.952,652.966552734375,144.08740234375
17543,702.992,612.4201049804688,160.92332458496094
17544,703.032,609.2044067382812,160.62002563476562
17545,703.072,610.2420654296875,158.72251892089844
17546,703.112,611.3701171875,156.37147521972656
17547,703.152,613.5375366210938,156.33270263671875
17548,703.192,605.8701171875,164.88009643554688
17549,703.232,563.0413818359375,157.83294677734375
17550,703.272,564.1245727539062,153.00372314453125
17551,703.312,555.2228393554688,138.54568481445312
17552,703.353,551.538818359375,144.13621520996094
17553,703.393,544.2733764648438,149.91122436523438
17554,703.433,543.2573852539062,155.42462158203125
17555,703.473,554.6476440429688,163.597900390625
17556,703.513,556.8391723632812,165.51779174804688
17557,703.553,559.1728515625,167.27853393554688
17558,703.593,557.1837158203125,167.28089904785156
17559,703.633,596.2149658203125,165.6367950439453
17560,703.673,620.1168823242188,154.1880340576172
17561,703.713,619.3356323242188,153.1469268798828
17562,703.753,618.412353515625,153.272705078125
17563,703.793,615.3406982421875,153.04071044921875
17564,703.833,533.9583129882812,158.3922119140625
17565,703.874,533.8114624023438,165.74642944335938
17566,703.914,535.1115112304688,164.2315216064453
17567,703.954,534.5314331054688,164.22142028808594
17568,703.994,531.5015258789062,162.99462890625
17569,704.034,530.572998046875,162.662841796875
17570,704.074,529.956787109375,161.900146484375
17571,704.114,563.8468017578125,163.62054443359375
17572,704.154,560.049072265625,150.92543029785156
17573,704.194,558.4927978515625,147.37989807128906
17574,704.234,558.3583984375,147.7415313720703
17575,704.274,559.29345703125,149.00485229492188
17576,704.314,539.1023559570312,164.9932403564453
17577,704.354,538.0631103515625,165.98023986816406
17578,704.394,536.6904907226562,165.97109985351562
17579,704.435,538.0469970703125,165.63748168945312
17580,704.475,538.92041015625,164.54721069335938
17581,704.515,538.1674194335938,164.1445770263672
17582,704.555,539.4375,161.84449768066406
17583,704.595,540.8222045898438,162.17214965820312
17584,704.635,541.8548583984375,160.72845458984375
17585,704.675,541.6768798828125,159.94158935546875
17586,704.715,542.1587524414062,160.6146240234375
17587,704.755,543.0823974609375,161.7926483154297
17588,704.795,544.41796875,160.17298889160156
17589,704.835,544.1002807617188,158.36026000976562
17590,704.875,540.8267211914062,155.2720184326172
17591,704.915,540.3306274414062,153.2866973876953
17592,704.955,540.2648315429688,151.18460083007812
17593,704.996,541.1432495117188,149.66041564941406
17594,705.036,542.3126220703125,147.83863830566406
17595,705.076,551.7481689453125,147.54495239257812
17596,705.116,559.169921875,149.63604736328125
17597,705.156,558.8428344726562,149.03875732421875
17598,705.196,560.4972534179688,148.0929412841797
17599,705.236,556.9852294921875,131.64324951171875
17600,705.276,567.088623046875,89.98251342773438
17601,705.316,568.8018188476562,90.61410522460938
17602,705.356,569.561767578125,89.2135238647461
17603,705.396,565.8341064453125,102.67555236816406
17604,705.436,591.2377319335938,64.10082244873047
17605,705.476,584.32275390625,4.97520637512207
17606,705.516,604.2783203125,0.8939414620399475
17607,705.557,607.1206665039062,35.06049346923828
17608,705.597,537.6165161132812,24.97352409362793
17609,705.637,565.394775390625,19.20870590209961
17610,705.677,nan,nan
17611,705.717,300.1377258300781,17.531600952148438
17612,705.757,540.6715087890625,15.224930763244629
17613,705.797,611.7474975585938,21.22063446044922
17614,705.837,nan,nan
17615,705.877,nan,nan
17616,705.917,505.16717529296875,2.543086051940918
17617,705.957,588.2943725585938,69.25501251220703
17618,705.997,592.2907104492188,66.55560302734375
17619,706.037,584.7105102539062,9.541474342346191
17620,706.078,571.9251098632812,54.15156173706055
17621,706.118,nan,nan
17622,706.158,596.114013671875,16.17473602294922
17623,706.198,561.6829833984375,86.94462585449219
17624,706.238,558.6542358398438,56.15013122558594
17625,706.278,545.7483520507812,24.002519607543945
17626,706.318,532.1338500976562,93.9676742553711
17627,706.358,495.1656188964844,90.80802917480469
17628,706.398,514.5224609375,87.75799560546875
17629,706.438,526.322998046875,51.53434753417969
17630,706.478,536.0136108398438,90.43855285644531
17631,706.518,518.8668823242188,84.05716705322266
17632,706.558,512.995849609375,67.50809478759766
17633,706.598,519.6028442382812,97.3263168334961
17634,706.639,524.5006103515625,92.28646850585938
17635,706.679,516.6788330078125,93.5657958984375
17636,706.719,513.2125854492188,94.45426940917969
17637,706.759,512.9923095703125,97.42388153076172
17638,706.799,517.4219360351562,97.20022583007812
17639,706.839,519.9796142578125,98.48797607421875
17640,706.879,522.8236694335938,97.05692291259766
17641,706.919,524.5494995117188,95.41162872314453
17642,706.959,531.4336547851562,94.49270629882812
17643,706.999,508.43255615234375,36.12411880493164
17644,707.039,565.641845703125,59.847110748291016
17645,707.079,566.7625122070312,58.441673278808594
17646,707.119,570.3136596679688,45.805240631103516
17647,707.159,584.3388671875,32.41595458984375
17648,707.2,569.6588745117188,41.35762023925781
17649,707.24,583.1358642578125,2.140094518661499
17650,707.28,558.01123046875,3.303008556365967
17651,707.32,539.4636840820312,14.71463394165039
17652,707.36,560.6436157226562,55.717071533203125
17653,707.4,nan,nan
17654,707.44,nan,nan
17655,707.48,nan,nan
17656,707.52,nan,nan
17657,707.56,582.4596557617188,0.8331918120384216
17658,707.6,614.645263671875,33.302040100097656
17659,707.64,nan,nan
17660,707.68,586.6101684570312,43.0532112121582
17661,707.72,nan,nan
17662,707.761,531.078857421875,28.651592254638672
17663,707.801,498.8169860839844,53.74590301513672
17664,707.841,543.6574096679688,88.4959716796875
17665,707.881,545.0540771484375,99.39507293701172
17666,707.921,549.4275512695312,111.23768615722656
17667,707.961,546.022705078125,121.92445373535156
17668,708.001,525.7449951171875,123.33751678466797
17669,708.041,525.8319702148438,126.00102996826172
17670,708.081,527.3023681640625,137.41407775878906
17671,708.121,471.681640625,83.27542114257812
17672,708.161,468.48114013671875,86.10729217529297
17673,708.201,469.84405517578125,89.33506774902344
17674,708.241,456.21453857421875,81.29307556152344
17675,708.281,451.5897216796875,77.52995300292969
17676,708.322,452.8502502441406,82.94161224365234
17677,708.362,456.9204406738281,87.76834106445312
17678,708.402,466.3758850097656,88.65088653564453
17679,708.442,510.1106872558594,93.80390167236328
17680,708.482,511.8716125488281,94.25682830810547
17681,708.522,511.5918273925781,93.02717590332031
17682,708.562,514.822509765625,96.19263458251953
17683,708.602,514.1116333007812,98.25348663330078
17684,708.642,517.6615600585938,100.46625518798828
17685,708.682,513.3237915039062,93.44954681396484
17686,708.722,510.5850830078125,91.32489013671875
17687,708.762,506.5843200683594,90.22859191894531
17688,708.802,503.74041748046875,90.7884521484375
17689,708.843,501.4106750488281,92.26438903808594
17690,708.883,500.6667175292969,92.64897918701172
17691,708.923,499.2886657714844,94.71038818359375
17692,708.963,497.99383544921875,95.05465698242188
17693,709.003,497.53857421875,96.12581634521484
17694,709.043,496.2562255859375,97.85840606689453
17695,709.083,493.982421875,100.4891357421875
17696,709.123,495.0382385253906,101.21219635009766
17697,709.163,494.681884765625,102.4655990600586
17698,709.203,493.7535705566406,102.109619140625
17699,709.243,493.84619140625,102.58356475830078
17700,709.283,493.493408203125,103.08323669433594
17701,709.323,494.1308898925781,104.13423156738281
17702,709.363,492.37554931640625,104.47305297851562
17703,709.404,504.5174560546875,92.6253890991211
17704,709.444,490.5456848144531,87.45758819580078
17705,709.484,486.04620361328125,87.23529815673828
17706,709.524,480.7341003417969,87.25426483154297
17707,709.564,499.86224365234375,88.03106689453125
17708,709.604,506.9767761230469,93.37197875976562
17709,709.644,516.9381103515625,94.87176513671875
17710,709.684,521.3081665039062,95.32576751708984
17711,709.724,521.2999877929688,91.11939239501953
17712,709.764,494.47381591796875,87.6558837890625
17713,709.804,493.2274475097656,87.59616088867188
17714,709.844,505.5782165527344,94.09712982177734
17715,709.884,519.05126953125,103.11511993408203
17716,709.924,523.7943725585938,105.51752471923828
17717,709.965,523.9041748046875,107.95201110839844
17718,710.005,524.3358764648438,108.38622283935547
17719,710.045,525.4004516601562,107.64680480957031
17720,710.085,527.9893188476562,79.89672088623047
17721,710.125,526.5741577148438,78.3553695678711
17722,710.165,528.0466918945312,78.63540649414062
17723,710.205,510.4205627441406,115.6845703125
17724,710.245,511.5823974609375,115.38227081298828
17725,710.285,511.4164733886719,116.73834228515625
17726,710.325,511.6733703613281,118.21117401123047
17727,710.365,511.5213928222656,118.55809783935547
17728,710.405,509.22161865234375,103.78182983398438
17729,710.445,508.3636169433594,103.60623931884766
17730,710.485,507.18206787109375,101.7861099243164
17731,710.526,506.3446044921875,101.27308654785156
17732,710.566,505.60076904296875,100.22405242919922
17733,710.606,505.5934143066406,99.59902954101562
17734,710.646,513.6500244140625,96.794677734375
17735,710.686,515.6669921875,92.13324737548828
17736,710.726,518.4325561523438,93.50733947753906
17737,710.766,519.3953247070312,95.09881591796875
17738,710.806,519.150146484375,96.1052474975586
17739,710.846,517.3070678710938,95.85497283935547
17740,710.886,513.4871826171875,97.95317840576172
17741,710.926,511.3533020019531,98.1146469116211
17742,710.966,509.8726501464844,97.15709686279297
17743,711.006,510.7645263671875,96.57312774658203
17744,711.046,510.08148193359375,96.42893981933594
17745,711.087,510.1895446777344,95.52388000488281
17746,711.127,510.1638488769531,95.41969299316406
17747,711.167,510.2792053222656,95.20098876953125
17748,711.207,515.5886840820312,64.1329116821289
17749,711.247,517.2332763671875,64.74262237548828
17750,711.287,515.2647705078125,85.97484588623047
17751,711.327,514.89111328125,81.38455200195312
17752,711.367,493.15020751953125,79.81968688964844
17753,711.407,504.6999206542969,77.77660369873047
17754,711.447,510.61297607421875,78.46983337402344
17755,711.487,513.186279296875,77.01815795898438
17756,711.527,513.7708740234375,80.49098205566406
17757,711.567,514.0596923828125,81.8648910522461
17758,711.608,493.2064208984375,76.88726806640625
17759,711.648,461.9166259765625,57.02137756347656
17760,711.688,511.1847229003906,83.99332427978516
17761,711.728,509.9762878417969,65.593505859375
17762,711.768,507.8582458496094,80.458251953125
17763,711.808,513.4964599609375,85.44676208496094
17764,711.848,510.5271301269531,89.01518249511719
17765,711.888,540.4332885742188,51.1574592590332
17766,711.928,531.1976928710938,62.47067642211914
17767,711.968,527.2864379882812,74.35787200927734
17768,712.008,522.64111328125,84.75042724609375
17769,712.048,511.5350036621094,69.25787353515625
17770,712.088,539.0453491210938,62.45664596557617
17771,712.128,537.2848510742188,76.43132781982422
17772,712.169,530.9697265625,94.961181640625
17773,712.209,531.1531372070312,87.91023254394531
17774,712.249,524.918701171875,50.97609329223633
17775,712.289,543.9628295898438,44.34933853149414
17776,712.329,625.8285522460938,40.50832748413086
17777,712.369,597.53173828125,77.88090515136719
17778,712.409,588.0393676757812,102.49759674072266
17779,712.449,583.8017578125,114.93128204345703
17780,712.489,585.4060668945312,106.91667938232422
17781,712.529,620.95849609375,113.58045959472656
17782,712.569,631.7770385742188,143.99716186523438
17783,712.609,616.3108520507812,142.8721160888672
17784,712.649,628.8562622070312,153.23678588867188
17785,712.689,612.9424438476562,163.1403350830078
17786,712.73,618.2667846679688,158.92958068847656
17787,712.77,614.2827758789062,145.11473083496094
17788,712.81,619.87548828125,141.99160766601562
17789,712.85,594.1724853515625,103.51207733154297
17790,712.89,617.3731689453125,105.88716125488281
17791,712.93,529.5320434570312,105.05086517333984
17792,712.97,500.1236877441406,126.03158569335938
17793,713.01,498.4646301269531,127.23246765136719
17794,713.05,445.8414306640625,99.2069091796875
17795,713.09,448.52593994140625,119.2296371459961
17796,713.13,446.782958984375,126.57967376708984
17797,713.17,448.8199157714844,133.4462432861328
17798,713.21,450.1551208496094,133.6557159423828
17799,713.25,487.666015625,137.3168487548828
17800,713.291,508.2950439453125,149.2674560546875
17801,713.331,524.7962646484375,152.16676330566406
17802,713.371,520.951171875,155.07376098632812
17803,713.411,533.5234985351562,157.45895385742188
17804,713.451,533.3648071289062,156.8677215576172
17805,713.491,535.2323608398438,155.17337036132812
17806,713.531,532.3450927734375,153.39117431640625
17807,713.571,533.7664184570312,152.52674865722656
17808,713.611,533.6231689453125,151.333984375
17809,713.651,533.3273315429688,150.39910888671875
17810,713.691,532.4397583007812,150.98204040527344
17811,713.731,534.2554321289062,152.2593994140625
17812,713.771,534.3617553710938,153.19493103027344
17813,713.811,532.6223754882812,154.47640991210938
17814,713.852,532.0507202148438,154.38772583007812
17815,713.892,525.58203125,153.90380859375
17816,713.932,529.8158569335938,155.15750122070312
17817,713.972,531.6095581054688,157.11029052734375
17818,714.012,531.91943359375,159.4947509765625
17819,714.052,509.36663818359375,167.84048461914062
17820,714.092,491.9474182128906,170.52101135253906
17821,714.132,495.4571838378906,171.2394561767578
17822,714.172,496.06982421875,169.73573303222656
17823,714.212,496.9773254394531,169.81698608398438
17824,714.252,497.4085693359375,170.23666381835938
17825,714.292,496.9837646484375,170.67193603515625
17826,714.332,497.7093505859375,171.01010131835938
17827,714.373,497.2751770019531,170.9300994873047
17828,714.413,497.27197265625,171.1866455078125
17829,714.453,496.39093017578125,170.7633056640625
17830,714.493,496.0919189453125,170.5929412841797
17831,714.533,495.6490783691406,170.247314453125
17832,714.573,493.28271484375,169.56613159179688
17833,714.613,494.75433349609375,169.07064819335938
17834,714.653,504.9934997558594,169.71429443359375
17835,714.693,543.286865234375,173.94668579101562
17836,714.733,537.4407348632812,175.3994598388672
17837,714.773,486.2571105957031,168.88339233398438
17838,714.813,484.0035095214844,171.72213745117188
17839,714.853,482.5533447265625,171.9843292236328
17840,714.893,481.2156066894531,172.9286651611328
17841,714.934,479.7405090332031,172.50633239746094
17842,714.974,480.0264892578125,171.49253845214844
17843,715.014,480.32037353515625,170.54393005371094
17844,715.054,481.3136291503906,164.45468139648438
17845,715.094,482.6387023925781,137.2188720703125
17846,715.134,480.88189697265625,138.65699768066406
17847,715.174,480.734130859375,137.90420532226562
17848,715.214,480.7263488769531,134.43067932128906
17849,715.254,480.1351623535156,130.77273559570312
17850,715.294,478.2485046386719,128.3661651611328
17851,715.334,490.15545654296875,108.97721099853516
17852,715.374,480.4543762207031,118.25115966796875
17853,715.414,479.3727111816406,117.50226593017578
17854,715.454,476.7817687988281,117.9701919555664
17855,715.495,477.7738342285156,114.5317153930664
17856,715.535,477.91497802734375,112.6779556274414
17857,715.575,480.6545104980469,112.2939224243164
17858,715.615,489.42510986328125,96.96846771240234
17859,715.655,455.64959716796875,64.34996795654297
17860,715.695,466.29632568359375,70.88349151611328
17861,715.735,454.4779357910156,50.88533020019531
17862,715.775,468.0733337402344,61.963035583496094
17863,715.815,468.46136474609375,50.987857818603516
17864,715.855,462.9755554199219,54.83366012573242
17865,715.895,463.22052001953125,64.39129638671875
17866,715.935,460.2052307128906,68.30579376220703
17867,715.975,488.302490234375,13.161733627319336
17868,716.015,478.1448974609375,65.99700927734375
17869,716.056,474.0171203613281,67.17400360107422
17870,716.096,nan,nan
17871,716.136,454.6791687011719,51.070655822753906
17872,716.176,439.04632568359375,13.889725685119629
17873,716.216,514.4959716796875,51.10054397583008
17874,716.256,474.04241943359375,40.722496032714844
17875,716.296,421.6063232421875,77.24102783203125
17876,716.336,423.529541015625,75.70531463623047
17877,716.376,422.74664306640625,84.36763000488281
17878,716.416,421.0793762207031,94.940185546875
17879,716.456,421.061279296875,100.253662109375
17880,716.496,420.01287841796875,99.08859252929688
17881,716.536,430.3331298828125,87.9731216430664
17882,716.576,430.6361389160156,30.65472412109375
17883,716.617,433.2603454589844,45.988426208496094
17884,716.657,443.1838684082031,74.37076568603516
17885,716.697,478.6051940917969,26.85605812072754
17886,716.737,nan,nan
17887,716.777,487.2917785644531,20.023454666137695
17888,716.817,nan,nan
17889,716.857,460.60577392578125,54.20352554321289
17890,716.897,445.06561279296875,72.23528289794922
17891,716.937,447.9674987792969,72.01717376708984
17892,716.977,434.0058288574219,38.773033142089844
17893,717.017,454.8233642578125,21.83319664001465
17894,717.057,478.3916320800781,31.394981384277344
17895,717.097,459.76953125,1.4603837728500366
17896,717.138,nan,nan
17897,717.178,nan,nan
17898,717.218,nan,nan
17899,717.258,nan,nan
17900,717.298,nan,nan
17901,717.338,479.8536376953125,34.15770721435547
17902,717.378,nan,nan
17903,717.418,468.4791564941406,3.4711525440216064
17904,717.458,nan,nan
17905,717.498,449.542236328125,49.69158935546875
17906,717.538,396.7488708496094,32.152244567871094
17907,717.578,386.3853759765625,64.81787872314453
17908,717.618,386.1878662109375,75.88268280029297
17909,717.658,418.7237548828125,91.63910675048828
17910,717.699,418.4903564453125,82.83853912353516
17911,717.739,412.2721862792969,68.18663024902344
17912,717.779,424.3486328125,53.5225830078125
17913,717.819,424.0572814941406,56.77560043334961
17914,717.859,426.2081604003906,61.56028747558594
17915,717.899,405.8934631347656,69.1815414428711
17916,717.939,392.58880615234375,78.45924377441406
17917,717.979,388.42108154296875,88.11836242675781
17918,718.019,371.6602783203125,84.20748901367188
17919,718.059,366.0767517089844,79.3106918334961
17920,718.099,367.6094665527344,71.23892974853516
17921,718.139,355.353515625,77.40306854248047
17922,718.179,380.6896667480469,75.87834167480469
17923,718.219,401.53021240234375,26.74734115600586
17924,718.26,437.6721496582031,26.927799224853516
17925,718.3,415.89190673828125,51.115806579589844
17926,718.34,397.52978515625,52.054317474365234
17927,718.38,413.5885314941406,54.015350341796875
17928,718.42,484.2491760253906,63.31035614013672
17929,718.46,501.5979309082031,40.71501159667969
17930,718.5,502.748779296875,40.33174514770508
17931,718.54,490.2435302734375,55.848670959472656
17932,718.58,478.32659912109375,47.904441833496094
17933,718.62,533.8026123046875,33.40302276611328
17934,718.66,586.6923828125,30.166645050048828
17935,718.7,583.9658203125,52.40553665161133
17936,718.74,575.3956298828125,78.76277160644531
17937,718.78,620.4813232421875,20.544002532958984
17938,718.821,nan,nan
17939,718.861,573.3043823242188,75.20865631103516
17940,718.901,591.2036743164062,53.54249954223633
17941,718.941,594.8671264648438,62.06407165527344
17942,718.981,nan,nan
17943,719.021,654.6054077148438,1.573331594467163
17944,719.061,nan,nan
17945,719.101,661.5984497070312,11.98852252960205
17946,719.141,553.6743774414062,104.17733764648438
17947,719.181,540.9168090820312,107.66266632080078
17948,719.221,539.1587524414062,107.65857696533203
17949,719.261,543.5526123046875,113.07930755615234
17950,719.301,560.611083984375,116.99784088134766
17951,719.341,474.4813537597656,116.85202026367188
17952,719.382,492.13232421875,121.54631042480469
17953,719.422,491.44256591796875,121.45989990234375
17954,719.462,489.8133850097656,120.6085433959961
17955,719.502,486.1199035644531,110.00846862792969
17956,719.542,479.8216857910156,103.52001953125
17957,719.582,476.4372253417969,92.72490692138672
17958,719.622,505.8503723144531,50.19428253173828
17959,719.662,480.42724609375,93.43065643310547
17960,719.702,473.8503723144531,97.3923568725586
17961,719.742,472.2179260253906,98.17235565185547
17962,719.782,462.1364440917969,77.017333984375
17963,719.822,459.37744140625,70.5910415649414
17964,719.862,458.3359069824219,62.4766960144043
17965,719.903,462.62652587890625,69.28060913085938
17966,719.943,471.7548522949219,91.91553497314453
17967,719.983,378.0025939941406,115.932373046875
17968,720.023,370.8901672363281,112.67537689208984
17969,720.063,388.4814453125,109.48723602294922
17970,720.103,401.7727355957031,103.70694732666016
17971,720.143,398.99468994140625,87.05564880371094
17972,720.183,388.1167297363281,105.83309173583984
17973,720.223,458.8641357421875,111.8941421508789
17974,720.263,546.4712524414062,110.17597961425781
17975,720.303,549.380615234375,114.5833740234375
17976,720.343,552.4647216796875,115.13822174072266
17977,720.383,553.3502197265625,114.99396514892578
17978,720.423,552.9205322265625,114.5749740600586
17979,720.464,551.6171264648438,113.89678955078125
17980,720.504,570.1570434570312,105.93820190429688
17981,720.544,622.6563110351562,46.45017623901367
17982,720.584,602.8994750976562,65.95874786376953
17983,720.624,606.2901000976562,60.96647644042969
17984,720.664,612.2933349609375,59.18600082397461
17985,720.704,619.296142578125,55.60441589355469
17986,720.744,634.6488647460938,41.837284088134766
17987,720.784,606.9785766601562,89.3888931274414
17988,720.824,665.4443359375,71.35672760009766
17989,720.864,595.6784057617188,68.85287475585938
17990,720.904,595.4451904296875,71.81633758544922
17991,720.944,621.8760375976562,66.64093780517578
17992,720.984,627.4782104492188,64.05520629882812
17993,721.025,634.9564819335938,56.62028121948242
17994,721.065,649.9595947265625,66.17991638183594
17995,721.105,655.7965087890625,71.38947296142578
17996,721.145,623.9848022460938,67.84666442871094
17997,721.185,nan,nan
17998,721.225,594.0194702148438,69.76276397705078
17999,721.265,659.4530639648438,19.000810623168945
18000,721.305,671.7498168945312,7.990044116973877
18001,721.345,nan,nan
18002,721.385,nan,nan
18003,721.425,nan,nan
18004,721.465,nan,nan
18005,721.505,668.1409301757812,19.087299346923828
18006,721.545,658.0902709960938,32.6030387878418
18007,721.586,643.89208984375,52.289005279541016
18008,721.626,645.0596923828125,35.26950454711914
18009,721.666,nan,nan
18010,721.706,667.1309814453125,92.16413116455078
18011,721.746,635.1092529296875,76.34901428222656
18012,721.786,727.7578735351562,26.516204833984375
18013,721.826,666.8751831054688,47.55731964111328
18014,721.866,655.83935546875,80.63566589355469
18015,721.906,647.5072631835938,94.52754211425781
18016,721.946,709.6599731445312,89.24423217773438
18017,721.986,731.570556640625,106.62098693847656
18018,722.026,506.56414794921875,99.54383850097656
18019,722.066,510.83642578125,109.41529846191406
18020,722.107,504.5627746582031,110.49533081054688
18021,722.147,504.9660949707031,102.34036254882812
18022,722.187,505.018798828125,70.73689270019531
18023,722.227,502.79864501953125,84.7636489868164
18024,722.267,498.7115478515625,66.28436279296875
18025,722.307,501.7884521484375,87.72732543945312
18026,722.347,487.7065124511719,89.54031372070312
18027,722.387,487.1156005859375,94.31610870361328
18028,722.427,514.765625,165.92996215820312
18029,722.467,532.63916015625,220.25074768066406
18030,722.507,534.4207153320312,224.75440979003906
18031,722.547,534.2810668945312,224.2351837158203
18032,722.587,576.9730224609375,80.51500701904297
18033,722.627,602.3163452148438,23.40552520751953
18034,722.668,626.495849609375,3.0455334186553955
18035,722.708,612.1939697265625,46.31118392944336
18036,722.748,nan,nan
18037,722.788,nan,nan
18038,722.828,559.314453125,58.33271408081055
18039,722.868,556.8265380859375,55.566558837890625
18040,722.908,556.572998046875,55.29673767089844
18041,722.948,580.0491943359375,46.676414489746094
18042,722.988,546.6336669921875,56.920372009277344
18043,723.028,549.2897338867188,53.479576110839844
18044,723.068,548.2784423828125,51.61517333984375
18045,723.108,543.8889770507812,55.03437423706055
18046,723.148,542.369873046875,55.03675079345703
18047,723.188,540.33056640625,54.30757141113281
18048,723.229,540.3372192382812,53.67647933959961
18049,723.269,539.4681396484375,54.266334533691406
18050,723.309,nan,nan
18051,723.349,583.4169311523438,24.491933822631836
18052,723.389,nan,nan
18053,723.429,nan,nan
18054,723.469,548.5282592773438,28.744308471679688
18055,723.509,545.1715698242188,14.840600967407227
18056,723.549,546.3627319335938,13.307586669921875
18057,723.589,553.1796875,18.531694412231445
18058,723.629,558.658447265625,31.704524993896484
18059,723.669,565.587158203125,44.50862503051758
18060,723.709,560.000244140625,47.062225341796875
18061,723.749,559.53662109375,47.57495880126953
18062,723.79,559.6568603515625,47.82859420776367
18063,723.83,564.139892578125,45.102230072021484
18064,723.87,562.980224609375,44.84259796142578
18065,723.91,nan,nan
18066,723.95,585.1118774414062,33.113494873046875
18067,723.99,596.8971557617188,47.17913818359375
18068,724.03,600.0006103515625,48.966087341308594
18069,724.07,606.4876708984375,50.470951080322266
18070,724.11,596.9278564453125,48.251319885253906
18071,724.15,601.0791625976562,52.530330657958984
18072,724.19,610.580322265625,47.68843078613281
18073,724.23,613.3289184570312,47.50833511352539
18074,724.27,607.3129272460938,44.74700164794922
18075,724.31,603.9923706054688,43.90650939941406
18076,724.351,604.5875854492188,45.87123489379883
18077,724.391,535.8519287109375,103.88114929199219
18078,724.431,500.79766845703125,233.89324951171875
18079,724.471,503.5296936035156,243.57452392578125
18080,724.511,491.54541015625,250.9601287841797
18081,724.551,493.460693359375,248.10252380371094
18082,724.591,500.9425048828125,245.85153198242188
18083,724.631,504.43145751953125,247.67909240722656
18084,724.671,524.9236450195312,108.5973892211914
18085,724.711,613.3020629882812,58.093841552734375
18086,724.751,588.1276245117188,24.959379196166992
18087,724.791,584.2367553710938,31.59557342529297
18088,724.831,570.9835815429688,26.176769256591797
18089,724.872,553.4652099609375,80.90644836425781
18090,724.912,556.7921142578125,69.06537628173828
18091,724.952,544.5244750976562,74.13504028320312
18092,724.992,534.5237426757812,71.85232543945312
18093,725.032,537.7548828125,67.39356994628906
18094,725.072,566.7492065429688,80.16908264160156
18095,725.112,515.0567626953125,104.79837036132812
18096,725.152,530.0856323242188,82.45685577392578
18097,725.192,526.08251953125,89.6602783203125
18098,725.232,549.15869140625,96.1236801147461
18099,725.272,531.1621704101562,84.43170166015625
18100,725.312,523.7169189453125,87.8035888671875
18101,725.352,554.3065185546875,105.05683135986328
18102,725.392,586.5488891601562,52.92469024658203
18103,725.433,548.3837890625,90.76065063476562
18104,725.473,560.2689208984375,65.75595092773438
18105,725.513,539.7743530273438,81.63863372802734
18106,725.553,536.7721557617188,99.04342651367188
18107,725.593,561.6583251953125,59.7562255859375
18108,725.633,534.5750122070312,70.5225601196289
18109,725.673,529.5599365234375,99.70682525634766
18110,725.713,477.642578125,109.10572814941406
18111,725.753,502.1418151855469,115.6800537109375
18112,725.793,499.3897705078125,117.77619934082031
18113,725.833,481.3235168457031,116.35954284667969
18114,725.873,493.451416015625,118.6662368774414
18115,725.913,497.9448547363281,118.89466857910156
18116,725.953,508.4732971191406,121.07433319091797
18117,725.994,509.1387939453125,124.25759887695312
18118,726.034,509.7149658203125,123.00353240966797
18119,726.074,514.22314453125,129.80316162109375
18120,726.114,516.7811279296875,131.73165893554688
18121,726.154,520.7661743164062,135.87074279785156
18122,726.194,523.8847045898438,144.29376220703125
18123,726.234,517.38232421875,156.73089599609375
18124,726.274,534.3546752929688,165.5279541015625
18125,726.314,545.1729736328125,167.14427185058594
18126,726.354,546.96533203125,169.8553009033203
18127,726.394,546.4283447265625,173.9557342529297
18128,726.434,514.5459594726562,141.02096557617188
18129,726.474,515.6859741210938,142.19573974609375
18130,726.514,521.3629150390625,143.98263549804688
18131,726.555,518.0130615234375,153.6579132080078
18132,726.595,523.6420288085938,155.05062866210938
18133,726.635,521.47998046875,156.92239379882812
18134,726.675,520.51025390625,158.72947692871094
18135,726.715,515.9725341796875,161.37449645996094
18136,726.755,516.08203125,165.11289978027344
18137,726.795,513.6640625,170.686279296875
18138,726.835,510.6224365234375,170.72775268554688
18139,726.875,513.4977416992188,167.35330200195312
18140,726.915,513.60986328125,162.83071899414062
18141,726.955,511.0738525390625,179.87277221679688
18142,726.995,514.3318481445312,172.59266662597656
18143,727.035,512.8515014648438,156.99610900878906
18144,727.075,491.768798828125,180.99749755859375
18145,727.116,452.80010986328125,331.5540466308594
18146,727.156,440.895751953125,486.35784912109375
18147,727.196,nan,nan
18148,727.236,nan,nan
18149,727.276,nan,nan
18150,727.316,nan,nan
18151,727.356,nan,nan
18152,727.396,nan,nan
18153,727.436,nan,nan
18154,727.476,nan,nan
18155,727.516,nan,nan
18156,727.556,nan,nan
18157,727.596,483.27081298828125,12.218900680541992
18158,727.637,478.03851318359375,54.789974212646484
18159,727.677,472.2529602050781,80.31529235839844
18160,727.717,474.0389404296875,88.71237182617188
18161,727.757,473.6841125488281,80.80915832519531
18162,727.797,470.6022644042969,44.58209991455078
18163,727.837,472.904052734375,43.6500358581543
18164,727.877,472.6059875488281,45.52457046508789
18165,727.917,480.6083068847656,44.232276916503906
18166,727.957,483.1485290527344,45.65532302856445
18167,727.997,471.9557800292969,59.67642593383789
18168,728.037,446.8356018066406,83.39518737792969
18169,728.077,444.5167541503906,89.25316619873047
18170,728.117,444.3691711425781,92.73735046386719
18171,728.157,528.5685424804688,140.82212829589844
18172,728.198,536.3500366210938,125.2944564819336
18173,728.238,535.5359497070312,124.10887145996094
18174,728.278,537.4718627929688,123.92842864990234
18175,728.318,516.8931274414062,129.52621459960938
18176,728.358,465.66497802734375,124.19567108154297
18177,728.398,466.3622131347656,128.60997009277344
18178,728.438,466.56982421875,137.03053283691406
18179,728.478,469.3324279785156,151.01434326171875
18180,728.518,475.0802001953125,173.3581085205078
18181,728.558,444.1996765136719,238.35809326171875
18182,728.598,441.7900390625,245.6373748779297
18183,728.638,442.8541564941406,254.5055389404297
18184,728.678,443.5173645019531,268.1494140625
18185,728.718,451.9777526855469,213.2086639404297
18186,728.759,450.25775146484375,221.45018005371094
18187,728.799,450.00921630859375,227.8533172607422
18188,728.839,449.3659973144531,231.8123779296875
18189,728.879,449.3048400878906,234.03346252441406
18190,728.919,449.5433349609375,234.4828338623047
18191,728.959,449.6129150390625,233.32144165039062
18192,728.999,501.7799072265625,229.5246124267578
18193,729.039,504.14105224609375,225.75039672851562
18194,729.079,505.239501953125,225.3090057373047
18195,729.119,506.581787109375,224.607177734375
18196,729.159,471.9690246582031,232.32138061523438
18197,729.199,465.0923156738281,228.9749755859375
18198,729.239,462.7406921386719,225.3160858154297
18199,729.279,458.2457580566406,220.4538116455078
18200,729.32,456.9841003417969,222.11753845214844
18201,729.36,457.0211181640625,226.07618713378906
18202,729.4,463.5671081542969,230.42832946777344
18203,729.44,472.2720947265625,238.4178924560547
18204,729.48,481.4260559082031,250.25115966796875
18205,729.52,473.30609130859375,263.0704040527344
18206,729.56,475.60528564453125,273.4226379394531
18207,729.6,475.29010009765625,280.2138366699219
18208,729.64,466.7016296386719,273.373291015625
18209,729.68,464.9706726074219,280.3240051269531
18210,729.72,462.8555908203125,285.8742370605469
18211,729.76,459.7801208496094,292.99078369140625
18212,729.8,453.73162841796875,298.7738342285156
18213,729.84,450.5076904296875,299.261962890625
18214,729.881,449.41107177734375,300.3857116699219
18215,729.921,464.6031799316406,267.86920166015625
18216,729.961,463.33514404296875,267.9872131347656
18217,730.001,463.5035095214844,267.378173828125
18218,730.041,453.93853759765625,265.09405517578125
18219,730.081,419.6265563964844,267.3398742675781
18220,730.121,420.060302734375,265.64306640625
18221,730.161,417.56732177734375,261.85491943359375
18222,730.201,416.7153625488281,259.26507568359375
18223,730.241,418.3827819824219,257.900634765625
18224,730.281,417.0129089355469,255.98707580566406
18225,730.321,371.5980529785156,250.14959716796875
18226,730.361,372.9032287597656,251.305908203125
18227,730.402,370.34283447265625,250.04916381835938
18228,730.442,368.7021179199219,248.56556701660156
18229,730.482,365.83477783203125,247.78085327148438
18230,730.522,366.44317626953125,240.42420959472656
18231,730.562,367.3207092285156,234.9635467529297
18232,730.602,368.1144714355469,233.6603240966797
18233,730.642,367.1736755371094,213.7683868408203
18234,730.682,413.408203125,224.4120635986328
18235,730.722,410.7500305175781,215.42662048339844
18236,730.762,411.2593078613281,209.19265747070312
18237,730.802,414.4093933105469,204.70616149902344
18238,730.842,390.2328796386719,137.99716186523438
18239,730.882,391.674072265625,143.179931640625
18240,730.922,395.2015075683594,146.87643432617188
18241,730.963,402.8413391113281,140.88900756835938
18242,731.003,403.3764343261719,140.6007080078125
18243,731.043,398.7434387207031,155.6805419921875
18244,731.083,400.56109619140625,159.549560546875
18245,731.123,411.412841796875,160.55845642089844
18246,731.163,408.765380859375,141.39935302734375
18247,731.203,421.8144226074219,128.7451171875
18248,731.243,545.5158081054688,138.9109344482422
18249,731.283,540.5642700195312,155.44117736816406
18250,731.323,544.4931030273438,195.4298095703125
18251,731.363,549.4547119140625,195.21908569335938
18252,731.403,559.81884765625,198.58885192871094
18253,731.443,591.6012573242188,199.01837158203125
18254,731.483,590.5046997070312,196.93345642089844
18255,731.524,587.1589965820312,195.98439025878906
18256,731.564,587.984619140625,187.53941345214844
18257,731.604,602.244873046875,165.40101623535156
18258,731.644,598.6144409179688,162.58901977539062
18259,731.684,592.4072265625,171.10877990722656
18260,731.724,584.6770629882812,170.4805908203125
18261,731.764,579.3019409179688,168.850341796875
18262,731.804,524.2594604492188,191.55909729003906
18263,731.844,384.3849792480469,157.64109802246094
18264,731.884,370.5068664550781,159.9751739501953
18265,731.924,371.15057373046875,161.56163024902344
18266,731.964,377.0819396972656,166.9442901611328
18267,732.004,387.8368225097656,176.36582946777344
18268,732.044,389.81976318359375,174.6119384765625
18269,732.085,386.59686279296875,155.68165588378906
18270,732.125,389.2521057128906,146.42401123046875
18271,732.165,378.3362121582031,130.40081787109375
18272,732.205,378.1888122558594,127.37411499023438
18273,732.245,377.49151611328125,125.2215576171875
18274,732.285,378.1922912597656,123.9388427734375
18275,732.325,375.0800476074219,120.70177459716797
18276,732.365,407.44598388671875,89.65715026855469
18277,732.405,414.57861328125,83.54547882080078
18278,732.445,416.044189453125,52.79850387573242
18279,732.485,415.1664123535156,73.26148986816406
18280,732.525,414.00701904296875,69.21122741699219
18281,732.565,415.8990173339844,75.2707748413086
18282,732.605,414.16448974609375,72.63182067871094
18283,732.646,416.27606201171875,68.9397201538086
18284,732.686,417.956298828125,67.16402435302734
18285,732.726,412.2664489746094,65.35406494140625
18286,732.766,420.3996276855469,64.96031951904297
18287,732.806,424.7928466796875,64.5361099243164
18288,732.846,405.64080810546875,48.55783462524414
18289,732.886,406.1297912597656,43.9130744934082
18290,732.926,414.127685546875,44.70836639404297
18291,732.966,nan,nan
18292,733.006,410.2243957519531,20.758840560913086
18293,733.046,471.016357421875,60.42390823364258
18294,733.086,471.7041015625,61.24215316772461
18295,733.126,472.8594055175781,61.612735748291016
18296,733.167,502.76617431640625,20.02025604248047
18297,733.207,503.92779541015625,15.31734561920166
18298,733.247,nan,nan
18299,733.287,546.1268920898438,86.2710189819336
18300,733.327,538.3234252929688,60.04286575317383
18301,733.367,540.0879516601562,63.980316162109375
18302,733.407,545.1251220703125,77.04818725585938
18303,733.447,549.3302612304688,85.74852752685547
18304,733.487,551.0509033203125,90.8472671508789
18305,733.527,551.3836669921875,90.44806671142578
18306,733.567,551.1513671875,91.54435729980469
18307,733.607,551.8758544921875,91.63055419921875
18308,733.647,554.3822631835938,91.53280639648438
18309,733.687,555.7906494140625,92.62451171875
18310,733.728,556.1318969726562,92.1557388305664
18311,733.768,551.884033203125,92.86045837402344
18312,733.808,418.7741394042969,108.22071838378906
18313,733.848,416.7934875488281,113.04981231689453
18314,733.888,416.35931396484375,114.3485107421875
18315,733.928,414.909423828125,115.52035522460938
18316,733.968,414.2782897949219,115.56207275390625
18317,734.008,415.0784912109375,114.84294128417969
18318,734.048,416.8863830566406,115.09996032714844
18319,734.088,418.2369689941406,115.32774353027344
18320,734.128,525.4676513671875,106.64383697509766
18321,734.168,539.8549194335938,112.14069366455078
18322,734.208,539.6168823242188,111.40592193603516
18323,734.248,542.8432006835938,113.72146606445312
18324,734.289,542.3294067382812,114.8111801147461
18325,734.329,538.224609375,54.54582595825195
18326,734.369,544.4373779296875,80.76824951171875
18327,734.409,545.550048828125,79.8746337890625
18328,734.449,543.489013671875,88.15458679199219
18329,734.489,544.4982299804688,71.29243469238281
18330,734.529,547.4470825195312,45.62761306762695
18331,734.569,537.0194091796875,67.00675201416016
18332,734.609,571.5202026367188,18.034250259399414
18333,734.649,nan,nan
18334,734.689,nan,nan
18335,734.729,551.8087158203125,47.435089111328125
18336,734.769,566.8626708984375,93.35771942138672
18337,734.809,570.3455810546875,95.51808166503906
18338,734.85,570.5293579101562,94.8465576171875
18339,734.89,571.5419311523438,95.04425048828125
18340,734.93,571.2747802734375,94.82748413085938
18341,734.97,501.42529296875,106.06192016601562
18342,735.01,421.44580078125,99.38679504394531
18343,735.05,421.5890808105469,98.84536743164062
18344,735.09,421.0078430175781,99.1243667602539
18345,735.13,414.72576904296875,107.93498992919922
18346,735.17,419.2961120605469,100.44335174560547
18347,735.21,425.748046875,101.786865234375
18348,735.25,424.4893798828125,95.5586929321289
18349,735.29,429.8988037109375,89.68533325195312
18350,735.33,446.3301696777344,164.70675659179688
18351,735.37,436.4856872558594,211.5244598388672
18352,735.411,442.7153015136719,151.3725128173828
18353,735.451,437.0506286621094,156.7838897705078
18354,735.491,458.9183044433594,158.12631225585938
18355,735.531,589.7364501953125,99.35765075683594
18356,735.571,599.6752319335938,87.6654052734375
18357,735.611,595.9984741210938,96.9885025024414
18358,735.651,594.6205444335938,97.71904754638672
18359,735.691,588.6807250976562,112.83843994140625
18360,735.731,580.6837768554688,120.03341674804688
18361,735.771,579.3429565429688,120.14346313476562
18362,735.811,576.5149536132812,118.5344467163086
18363,735.851,541.2297973632812,110.63459777832031
18364,735.891,529.6007080078125,104.56621551513672
18365,735.932,528.0628662109375,103.34848022460938
18366,735.972,527.8955078125,103.3360824584961
18367,736.012,529.375732421875,103.39971923828125
18368,736.052,531.095703125,104.27366638183594
18369,736.092,530.7099609375,103.63651275634766
18370,736.132,531.7056274414062,103.63695526123047
18371,736.172,534.1903076171875,102.42900085449219
18372,736.212,541.2789306640625,104.31143951416016
18373,736.252,542.7305908203125,105.19209289550781
18374,736.292,544.6837158203125,108.92739868164062
18375,736.332,544.329345703125,115.77621459960938
18376,736.372,543.7343139648438,119.81183624267578
18377,736.412,541.9288940429688,122.58838653564453
18378,736.452,540.0400390625,125.72657775878906
18379,736.493,538.0733642578125,130.00001525878906
18380,736.533,540.1267700195312,130.29190063476562
18381,736.573,457.4132080078125,117.70716094970703
18382,736.613,447.4602355957031,111.90045166015625
18383,736.653,437.6431884765625,118.79322814941406
18384,736.693,441.2027282714844,113.23218536376953
18385,736.733,438.3367614746094,112.3185806274414
18386,736.773,437.4410705566406,110.41577911376953
18387,736.813,437.2370910644531,105.75001525878906
18388,736.853,436.86083984375,103.01180267333984
18389,736.893,435.04571533203125,102.93733215332031
18390,736.933,433.9616394042969,103.24870300292969
18391,736.973,434.7463073730469,104.56816864013672
18392,737.013,435.76531982421875,104.9394302368164
18393,737.054,436.9788513183594,103.21585845947266
18394,737.094,440.7472839355469,102.38533782958984
18395,737.134,487.022705078125,93.36624908447266
18396,737.174,491.6552429199219,95.88184356689453
18397,737.214,492.13739013671875,97.5049819946289
18398,737.254,493.4046936035156,98.59709167480469
18399,737.294,493.35693359375,99.20585632324219
18400,737.334,493.7144775390625,98.45866394042969
18401,737.374,494.0540466308594,97.8890609741211
18402,737.414,494.55999755859375,97.15262603759766
18403,737.454,495.5499267578125,94.05030822753906
18404,737.494,495.9180908203125,91.20513153076172
18405,737.534,497.135498046875,89.05181884765625
18406,737.574,497.7083740234375,87.45034790039062
18407,737.615,497.5418395996094,85.86498260498047
18408,737.655,439.4377136230469,217.7947235107422
18409,737.695,331.43194580078125,386.70074462890625
18410,737.735,294.89544677734375,415.4187316894531
18411,737.775,300.59478759765625,417.24261474609375
18412,737.815,301.7454833984375,418.8108825683594
18413,737.855,349.18768310546875,354.33038330078125
18414,737.895,302.0546569824219,417.0890808105469
18415,737.935,383.08758544921875,419.5680847167969
18416,737.975,397.84576416015625,414.2867736816406
18417,738.015,399.8981018066406,413.87139892578125
18418,738.055,394.8957214355469,412.5884094238281
18419,738.095,271.9217529296875,403.8772888183594
18420,738.136,272.4040222167969,401.9552307128906
18421,738.176,268.9493103027344,406.8910217285156
18422,738.216,270.0426940917969,408.2415771484375
18423,738.256,234.19369506835938,408.6100158691406
18424,738.296,233.2647705078125,409.0931091308594
18425,738.336,nan,nan
18426,738.376,447.33331298828125,200.93795776367188
18427,738.416,499.0628356933594,114.50000762939453
18428,738.456,502.6820983886719,121.99706268310547
18429,738.496,495.6683044433594,136.79635620117188
18430,738.536,494.5131530761719,138.21087646484375
18431,738.576,490.9468688964844,137.86415100097656
18432,738.616,498.1654968261719,149.50572204589844
18433,738.656,499.51593017578125,170.4334716796875
18434,738.697,497.3296203613281,163.28826904296875
18435,738.737,514.3003540039062,153.5197296142578
18436,738.777,520.46630859375,146.23851013183594
18437,738.817,521.33544921875,134.87997436523438
18438,738.857,478.9159851074219,205.92262268066406
18439,738.897,346.81463623046875,348.7110900878906
18440,738.937,259.9405822753906,496.64349365234375
18441,738.977,nan,nan
18442,739.017,nan,nan
18443,739.057,nan,nan
18444,739.097,nan,nan
18445,739.137,nan,nan
18446,739.177,nan,nan
18447,739.217,nan,nan
18448,739.258,nan,nan
18449,739.298,nan,nan
18450,739.338,nan,nan
18451,739.378,nan,nan
18452,739.418,nan,nan
18453,739.458,nan,nan
18454,739.498,nan,nan
18455,739.538,nan,nan
18456,739.578,nan,nan
18457,739.618,nan,nan
18458,739.658,nan,nan
18459,739.698,nan,nan
18460,739.738,nan,nan
18461,739.778,nan,nan
18462,739.819,nan,nan
18463,739.859,nan,nan
18464,739.899,340.7434997558594,562.5626220703125
18465,739.939,351.5768737792969,551.030029296875
18466,739.979,358.1501770019531,549.9340209960938
18467,740.019,363.8466796875,548.111328125
18468,740.059,369.3440856933594,547.6976928710938
18469,740.099,nan,nan
18470,740.139,nan,nan
