{
  "original_samples": 73888,
  "valid_samples": 71762,
  "filtered_samples": 70338,
  "valid_percentage": 97.12267215244694,
  "filtered_percentage": 95.19543092247727,
  "x_range": [
    104.76492309570312,
    655.7794799804688
  ],
  "y_range": [
    -77.294921875,
    792.5215454101562
  ],
  "x_mean": 491.3121997085151,
  "y_mean": 167.87748462373344,
  "x_std": 64.28928224809674,
  "y_std": 122.72219754645725
}